family_id	n_members	n_detected	sensitivity	sens_pct	members
ID_8	9	9	9/9	100%	PMS2P4:Y;PMS2P7:Y;PMS2P11:Y;PMS2P6:Y;PMS2P5:Y;PMS2P10:Y;AC211486.3:Y;PMS2P2:Y;PMS2P1:Y
ID_12	4	3	3/4	75%	POM121:Y;POM121C:Y;AC004980.1:Y;POMZP3:N
ID_14	7	4	4/7	57%	AC005562.2:N;LRRC37BP1:N;LRRC37B:Y;AC090616.5:N;LRRC37A:Y;LRRC37A2:Y;LRRC37A3:Y
ID_22	6	6	6/6	100%	AC239859.4:Y;FP700107.1:Y;AC006453.1:Y;AC027612.2:Y;AL356585.3:Y;BAGE2:Y
ID_24	3	3	3/3	100%	AC239859.5:Y;LSP1P5:Y;LSP1P4:Y
ID_26	2	0	0/2	0%	AC006453.4:N;SLC9B1P1:N
ID_35	10	9	9/10	90%	AL669831.1:Y;AL592148.2:Y;GTF2IP20:Y;LINC01347:Y;FAM157A:Y;AC110079.1:Y;GTF2IP12:Y;AC008443.6:N;FAM157B:Y;AL133216.2:Y
ID_43	4	2	2/4	50%	TRIM64DP:Y;TRIM64B:N;TRIM64:N;TRIM64EP:Y
ID_49	3	3	3/3	100%	AC009533.1:Y;DDX12P:Y;DDX11:Y
ID_63	8	4	4/8	50%	ANAPC1P1:N;ANAPC1P2:Y;ANAPC1P3:N;AC083899.1:Y;ANAPC1P4:Y;ANAPC1P5:N;AC097527.1:N;ANAPC1:Y
ID_65	9	7	7/9	78%	FAR2P1:Y;CYP4F27P:Y;FAR2P2:Y;CYP4F62P:Y;CYP4F30P:Y;FAR2P3:Y;FAR2P4:Y;CR383656.5:N;AP000534.2:N
ID_68	4	4	4/4	100%	DNM1P28:Y;AC019322.3:Y;DNM1P50:Y;DNM1P32:Y
ID_71	5	5	5/5	100%	AC023310.1:Y;HERC2P7:Y;AC242376.1:Y;AC091304.3:Y;HERC2P11:Y
ID_78	5	4	4/5	80%	GOLGA8A:Y;UBE2Q2P2:Y;AC243562.1:N;UBE2Q2P1:Y;AC044860.1:Y
ID_88	4	4	4/4	100%	GOLGA6L10:Y;GOLGA6L9:Y;GOLGA6L4:Y;GOLGA6L5P:Y
ID_92	2	0	0/2	0%	AC243829.7:N;AC053481.4:N
ID_104	3	3	3/3	100%	AL669942.1:Y;CYP4F60P:Y;FAM95B1:Y
ID_113	16	16	16/16	100%	GOLGA8CP:Y;GOLGA8EP:Y;GOLGA8IP:Y;GOLGA8DP:Y;GOLGA8S:Y;GOLGA8F:Y;GOLGA8G:Y;GOLGA8M:Y;GOLGA8J:Y;GOLGA8T:Y;GOLGA8R:Y;GOLGA8Q:Y;GOLGA8H:Y;GOLGA8K:Y;GOLGA8O:Y;GOLGA8N:Y
ID_116	6	6	6/6	100%	GOLGA6L6:Y;GOLGA6L22:Y;GOLGA6L1:Y;AC100756.3:Y;AC091304.1:Y;AC138749.1:Y
ID_127	3	0	0/3	0%	TCAF2:N;AC099548.2:N;TCAF2C:N
ID_131	6	5	5/6	83%	AMY2A:Y;AMY1A:Y;AC105272.1:N;AMY1B:Y;AMYP1:Y;AMY1C:Y
ID_141	1	1	1/1	100%	AC119751.3:Y
ID_142	1	1	1/1	100%	CR381670.1:Y
ID_146	2	0	0/2	0%	AC233280.19:N;AC124944.2:N
ID_147	4	3	3/4	75%	AC125634.1:Y;AL353626.3:Y;FO681491.1:Y;ANKRD30BP2:N
ID_148	2	0	0/2	0%	AC126603.1:N;AC142384.1:N
ID_154	14	14	14/14	100%	NPIPB2:Y;NPIPA2:Y;NPIPP1:Y;NPIPA5:Y;NPIPA7:Y;NPIPB6:Y;NPIPB8:Y;NPIPB7:Y;NPIPB9:Y;NPIPB10P:Y;NPIPB11:Y;NPIPB12:Y;NPIPB14P:Y;NPIPB15:Y
ID_156	5	4	4/5	80%	WHAMMP3:N;WHAMMP2:Y;AC127502.1:Y;AC127502.3:Y;AC135983.4:Y
ID_163	6	6	6/6	100%	GUSBP1:Y;GUSBP3:Y;AC131392.1:Y;GUSBP16:Y;AC146949.1:Y;GUSBP2:Y
ID_167	3	0	0/3	0%	CHEK2P2:N;AC133548.1:N;AC136944.3:N
ID_175	2	0	0/2	0%	TEKT4P2:N;AC134878.2:N
ID_179	3	3	3/3	100%	ULK4P3:Y;ULK4P2:Y;ULK4P1:Y
ID_182	4	4	4/4	100%	FAM153B:Y;FAM153A:Y;AC137800.1:Y;AC137800.2:Y
ID_188	4	4	4/4	100%	HERC2P3:Y;HERC2P2:Y;HERC2:Y;HERC2P9:Y
ID_207	17	17	17/17	100%	SPDYE1:Y;SPDYE21:Y;SPDYE7P:Y;SPDYE17:Y;SPDYE10P:Y;SPDYE12P:Y;SPDYE9:Y;SPDYE8:Y;SPDYE13:Y;SPDYE14:Y;SPDYE15:Y;SPDYE5:Y;SPDYE16:Y;SPDYE18:Y;SPDYE3:Y;SPDYE6:Y;SPDYE2:Y
ID_208	5	4	4/5	80%	GTF2IP14:Y;GTF2IP5:Y;GTF2I:Y;CASTOR2:N;GTF2IP1:Y
ID_209	3	3	3/3	100%	AC233699.1:Y;NPEPPSP1:Y;NPEPPS:Y
ID_211	4	4	4/4	100%	AC241377.2:Y;AC239798.1:Y;AC241585.3:Y;AC243772.3:Y
ID_212	5	5	5/5	100%	AC244669.1:Y;AC241377.4:Y;AC239800.1:Y;AC245100.8:Y;LINC00869:Y
ID_213	4	0	0/4	0%	AC246785.1:N;AC239804.2:N;AC239809.1:N;AC245407.1:N
ID_215	7	5	5/7	71%	AC244669.2:N;AC241952.1:Y;AC239860.2:Y;AC239860.1:Y;PDE4DIP:Y;AC245297.1:N;PDE4DIPP1:Y
ID_222	1	0	0/1	0%	AC243829.6:N
ID_226	5	1	1/5	20%	H2BP1:N;H3P4:N;H3-2:N;H2BC18:Y;H3C13:N
ID_240	3	0	0/3	0%	SYT15:N;FO681492.1:N;AL157893.1:N
ID_245	4	4	4/4	100%	CNTNAP3:Y;BX005040.4:Y;CNTNAP3B:Y;CNTNAP3P2:Y
ID_251	2	0	0/2	0%	ANKRD36B:N;AL356585.4:N
ID_260	3	0	0/3	0%	AL513478.2:N;MEP1AP4:N;MEP1AP1:N
ID_261	5	1	1/5	20%	CNTNAP3P5:N;AL513478.3:N;BX664718.2:Y;AL773545.4:N;CNTNAP3P1:N
ID_267	1	1	1/1	100%	AL590399.2:Y
ID_280	3	3	3/3	100%	ANKRD20A3P:Y;ANKRD20A7P:Y;ANKRD20A1:Y
ID_283	5	5	5/5	100%	BCRP7:Y;BCRP2:Y;BCRP4:Y;BCRP1:Y;AP000356.3:Y
ID_300	2	2	2/2	100%	BMS1P17:Y;BMS1P22:Y
ID_302	1	0	0/1	0%	BOLA2B:N
ID_313	2	0	0/2	0%	CDH12P1:N;CDH12P3:N
ID_324	5	5	5/5	100%	CSPG4P10:Y;CSPG4P11:Y;CSPG4P4Y:Y;DNM1P51:Y;CSPG4P12:Y
ID_327	4	3	3/4	75%	CTSLP3:N;CTSLP4:Y;CTSLP6:Y;CTSLP1:Y
ID_332	6	4	4/6	67%	DDX11L2:Y;FO538757.1:N;DDX11L5:Y;DDX11L9:Y;DDX11L16:N;DDX11L10:Y
ID_334	1	0	0/1	0%	DEFB104B:N
ID_338	3	1	1/3	33%	DEFB108C:N;DEFB108D:N;DEFB108A:Y
ID_348	1	0	0/1	0%	DUX4L50:N
ID_354	4	4	4/4	100%	FAM72B:Y;FAM72C:Y;FAM72D:Y;FAM72A:Y
ID_357	3	3	3/3	100%	FCGR1B:Y;FCGR1CP:Y;FCGR1A:Y
ID_359	5	5	5/5	100%	FGF7P5:Y;FGF7P7:Y;FGF7P8:Y;FGF7P1:Y;FGF7P2:Y
ID_374	3	3	3/3	100%	GTF2IRD2P1:Y;GTF2IRD2:Y;GTF2IRD2B:Y
ID_386	2	0	0/2	0%	LIMS1:N;LIMS4:N
ID_391	5	4	4/5	80%	WASH2P:Y;WASH8P:Y;WASHC1:Y;WASH3P:Y;WASH6P:N
ID_393	2	2	2/2	100%	MST1L:Y;MST1P2:Y
ID_395	6	6	6/6	100%	RGPD1:Y;RGPD2:Y;RGPD3:Y;RGPD4:Y;RGPD5:Y;RGPD8:Y
ID_399	4	4	4/4	100%	NAIPP1:Y;NAIPP2:Y;NAIP:Y;NAIPP4:Y
ID_400	6	6	6/6	100%	NOTCH2:Y;NOTCH2NLR:Y;NBPF26:Y;NOTCH2NLA:Y;NOTCH2NLB:Y;NOTCH2NLC:Y
ID_402	3	0	0/3	0%	NCF1B:N;NCF1:N;NCF1C:N
ID_403	3	3	3/3	100%	NF1P10:Y;NF1P7:Y;NF1P11:Y
ID_407	4	2	2/4	50%	NSUN5P2:Y;TRIM74:N;TRIM73:N;NSUN5P1:Y
ID_411	3	0	0/3	0%	OR11H12:N;OR11H13P:N;OR11H1:N
ID_431	5	0	0/5	0%	PPIAL4A:N;PPIAL4F:N;PPIAL4E:N;PPIAL4D:N;PPIAL4C:N
ID_443	3	3	3/3	100%	SHLD2P1:Y;SHLD2P3:Y;SHLD2:Y
ID_448	3	3	3/3	100%	SEC22B:Y;SEC22B3P:Y;SEC22B2P:Y
ID_458	2	0	0/2	0%	SPAG11A:N;SPAG11B:N
ID_462	4	4	4/4	100%	SRGAP2C:Y;SRGAP2D:Y;SRGAP2B:Y;SRGAP2:Y
ID_468	9	9	9/9	100%	TBC1D3B:Y;TBC1D3I:Y;TBC1D3H:Y;TBC1D3K:Y;TBC1D3D:Y;TBC1D3E:Y;TBC1D3:Y;TBC1D3P1:Y;TBC1D3P2:Y
ID_474	3	3	3/3	100%	TP53TG3D:Y;TP53TG3C:Y;TP53TG3B:Y
ID_481	5	4	4/5	80%	UBE2Q2P6:Y;UBE2Q2L:Y;UBE2Q2P11:Y;UBE2Q2P8:N;UBE2Q2P12:Y
ID_490	3	3	3/3	100%	ZNF705G:Y;ZNF705D:Y;ZNF705B:Y
