family_stem	modal_gene	copies_chimp	copies_gorilla	copies_orang	sample_paralogs
ZNF	ZNF77	174	181	121	ZNF77,ZNF443,ZNF791,ZNF829,ZNF345,ZNF571
GOLGA	GOLGA2	22	0	40	GOLGA2,SWI5,GOLGA6L2,MIR1233-2,MIR1233-3,GOLGA8A
ULBP	ULBP1	5	3	31	ULBP1,FAM156B,ULBP3,FAM156A,WDR64,PHACTR1
USP	USP32	3	2	30	USP32,USP6,CA4
ZNF	ZNF550	27	24	25	ZNF550,ZNF416,ZNF586,ZNF776,ZNF132,ZNF264
ZNG	ZNG1B	23	0	0	ZNG1B,DPP6,ACR,ZNG1A
NPIPB	NPIPB2	22	0	0	NPIPB2
CCNYL	CCNYL1	3	0	22	CCNYL1
ATG	ATG5	0	0	22	ATG5,VIPR2,CLEC9A,KHK,CGREF1,EPB42
TRNAE-UUC	TRNAE-UUC	5	20	5	TRNAE-UUC,GSTM2,TRNAN-GUU,SEC22B,TRNAG-CCC,TRNAQ-CUG
NBPF	NBPF7P	16	0	0	NBPF7P,NBPF3,NOTCH2
FRK	FRK	0	0	16	FRK,CEP85L,ESRRA,TRMT112,NEK11
ANKRD	ANKRD18A	14	4	7	ANKRD18A,ANKRD18B,ANKRD19P
ZNF	ZNF230	12	14	5	ZNF230,ZNF224,ZNF234,ZNF222,ZNF284,ZNF225
NUPR	NUPR2	8	0	12	NUPR2,PDE5A
RPL	RPL41	12	0	0	RPL41,LRRC37B
PAK	PAK1	2	12	2	PAK1,PAK3,MDM2,PIGX,MRPS17,RFTN2
MAGEA	MAGEA4	11	11	12	MAGEA4,MAGEA12,MAGEA1,MAGEA11,MAGEA9,MAGEA8
POTEA	POTEA	11	0	0	POTEA,POTEC
LRPAP	LRPAP1	0	11	0	LRPAP1,XRCC2
PDCD	PDCD6	7	0	10	PDCD6
ACTB	ACTB	10	3	10	ACTB,ACTA2,ACTG1,ACTC1,ACTA1,STAMBPL1
TUBA	TUBA8	9	10	10	TUBA8,TUBA1C,TUBA1A,TUBA1B,TUBA4A,TUBA3C
NDUFA	NDUFA8	0	10	0	NDUFA8
ITPR	ITPR3	0	10	4	ITPR3,ITPR2,ITPR1,C7H8orf33,SURF6,PPP1R15A
SLC25A	SLC25A52	0	0	9	SLC25A52
ZC3H	ZC3H11B	8	0	0	ZC3H11B,ZC3H11A
FCRL	FCRL5	8	0	0	FCRL5,CFAP299,SPC25,NOSTRIN,SLAIN1
FRG	FRG1	3	8	0	FRG1
GPR	GPR182	8	0	0	GPR182
ZNF	ZNF280C	8	2	2	ZNF280C,GGTLC2,RGL4,ZNF280B,ZNF280D,GGTLC1
EIF4A	EIF4A1	8	3	3	EIF4A1,EIF4A3,EIF4A2,MIR1248,RFC4
MPHOSPH	MPHOSPH8	0	8	0	MPHOSPH8,PSPC1
KMT	KMT2C	0	0	8	KMT2C
PAFAH1B	PAFAH1B2	0	0	8	PAFAH1B2,STARD9,TMEM199,NR2C2,MRPS25,SPATA12
PATR-F	PATR-F	7	0	0	PATR-F,PATR-G,PATR-A,PATR-E,PATR-C,PATR-B
TUBB	TUBB	6	5	7	TUBB,TUBB4B,CIMIP2A,TUBB6,TUBB4A,TUBB2A
HNRNPA	HNRNPA1	7	4	0	HNRNPA1,MRPS31,HNRNPA1L2,CBX3,HNRNPA2B1,HNRNPA3
MCFD	MCFD2	5	7	7	MCFD2,GALNTL5,CAB39L,SLC12A1,ENTPD1,MYORG
ALDH	ALDH2	5	7	4	ALDH2,ALDH1A1,ALDH1A2,ALDH1B1,ALDH1A3
RGPD	RGPD8	7	6	0	RGPD8,IL18R1
ANKRD	ANKRD36C	4	3	7	ANKRD36C
CSNK1G	CSNK1G2	0	0	7	CSNK1G2,CSNK1G3,CSNK1G1
ANKRD	ANKRD26	0	0	7	ANKRD26
TDRD	TDRD5	6	0	0	TDRD5,AGAP6,AGAP1
SDHA	SDHA	2	3	6	SDHA
TMEM	TMEM223	3	6	0	TMEM223,NXF1,TMEM179B,NXF3
KRT	KRT8	4	4	6	KRT8,KRT1,KRT81,KRT86,KPNA4,TTBK2
SMG	SMG1	6	4	0	SMG1
PAGE	PAGE1	6	0	5	PAGE1
ZNF	ZNF804A	0	6	0	ZNF804A
ARL	ARL17A	0	6	0	ARL17A
ZSCAN	ZSCAN31	0	6	0	ZSCAN31,ZKSCAN4,ZKSCAN3,ZSCAN21,ZSCAN30
MHC-G	MHC-G	0	6	0	MHC-G
TPM	TPM2	5	4	3	TPM2,TPM1,TPM4,TPM3
CENPE	CENPE	5	0	0	CENPE,PCDHAC1,PCDHA12,PCDHA11,PCDHA9,PCDHA8
DNTTIP	DNTTIP2	5	0	0	DNTTIP2,DYDC1
SLC25A	SLC25A6	5	5	4	SLC25A6,SLC25A4,SLC25A5,SLC25A31
KLC	KLC4	3	5	4	KLC4,KLC2,KLC3,MRPL2,CKB,CKM
CCT	CCT6A	4	3	5	CCT6A,CCT6B,PSPH
VDAC	VDAC3	5	0	0	VDAC3,DKK4,VDAC2
TYRP	TYRP1	5	0	0	TYRP1
ALG	ALG1	5	5	5	ALG1,EEF2KMT,ALG1L,ROPN1,ROPN1B,ALG1L2
UBQLN	UBQLN1	4	0	5	UBQLN1,SETMAR,SUMF1,UBQLN2
MYH	MYH10	4	5	2	MYH10,MYH11,MYH9,NDE1
TUBG	TUBG2	2	2	5	TUBG2,RETREG3,TUBG1,ATF6B,CLUAP1
TBC1D	TBC1D3B	5	0	0	TBC1D3B
MAGEB	MAGEB2	5	5	2	MAGEB2,MAGEB3,MAGEB1,MAGEB18,MAGEB10,MAGEB4
SPANXN	SPANXN5	5	0	0	SPANXN5,SPANXN3,SPANXN2,SPANXN1
PAGE	PAGE2B	5	0	0	PAGE2B,ALAS2,ALAS1
TCEAL	TCEAL2	5	5	5	TCEAL2,TCEAL6,TCEAL5,TCEAL4
RAD	RAD51	0	5	0	RAD51,APOL4
SPDYE	SPDYE4	0	0	5	SPDYE4
EDARADD	EDARADD	3	4	2	EDARADD,ENO1,ENO2,ENO3
PPFIA	PPFIA1	4	2	0	PPFIA1,PPFIA2,PPFIA4,MIR548K,PPFIA3,MIR548C
ATP1A	ATP1A2	4	3	3	ATP1A2,ATP1A1,ATP1A4,ATP1A3,ATP1A1OS
GSTM	GSTM3	3	4	4	GSTM3,GSTM4,GSTM1,GSTM5
GBP	GBP2	3	4	2	GBP2,GBP1,GBP3,GBP5
ZBTB8OS	ZBTB8OS	4	2	2	ZBTB8OS,RBBP4,RBBP7,SYNC,TXLNG,TXLNGY
RPS6KA	RPS6KA1	3	4	0	RPS6KA1,RPS6KA2,RPS6KA3,RPS6KA6
DPYSL	DPYSL3	4	3	3	DPYSL3,DPYSL4,CRMP1,EVC,DPYSL2,STK32A
PPP2R	PPP2R2C	4	3	4	PPP2R2C,PPP2R2A,PPP2R2D,PPP2R2B
KRT	KRT18	4	3	4	KRT18,LCORL,PKNOX2,TMEM97,NCAPG
BMP	BMP2K	2	0	4	BMP2K,RPS21,PAQR3
SEPTIN	SEPTIN10	4	0	2	SEPTIN10,SEPTIN11,SEPTIN8,MIR766,SEPTIN6,SEPTIN14
ACTN	ACTN1	4	4	3	ACTN1,ACTN4,ACTN3,ACTN2,CAPN12
ADAM	ADAM29	4	0	2	ADAM29,ADAM21,SYNJ2BP,ADAM20
FAHD	FAHD2B	4	2	0	FAHD2B,ANKRD55,FAHD2A
RBM	RBM22	4	0	0	RBM22
TRIM	TRIM52	4	0	0	TRIM52
HSPA	HSPA1L	4	3	3	HSPA1L,HSPA8,HSPA2,HSPA1B
MEA	MEA1	2	0	4	MEA1,PPP2R5D,PPP2R5C,PPP2R5A,PPP2R5E
POM	POM121	2	4	4	POM121,NSUN5,POM121C
IFITM	IFITM1	4	3	2	IFITM1,IFITM2,IFITM3
TRIM	TRIM6	2	4	3	TRIM6,TRIM22,TRIM5,TRIM34,TRIM21
PRPH	PRPH	2	4	0	PRPH,DES,VIM,INA,NT5C2
PTRH	PTRH1	4	2	2	PTRH1,STXBP1,STXBP2,CFAP157
TLE	TLE1	3	3	4	TLE1,TLE3,TLE2,TLE4
SPATA31D	SPATA31D1	4	0	0	SPATA31D1
RPS	RPS4X	4	3	4	RPS4X,RPS4Y1,RPS4Y2,MUL1
RRM	RRM2	4	0	0	RRM2,EFHC2
MED	MED15	4	0	0	MED15
CES	CES2	4	0	0	CES2
ZNF	ZNF875	4	4	0	ZNF875,ZNF133,ZNF169,ZNF343
BEX	BEX1	4	3	4	BEX1,BEX2,BEX3,BEX4,RAB40AL
EOLA	EOLA2	2	2	4	EOLA2,EOLA1,HSFX3
DAZL	DAZL	4	2	2	DAZL,DAZ1
TMEM	TMEM128	0	4	0	TMEM128
NDST	NDST3	0	4	0	NDST3,SLC6A4,BLMH,SLC38A6,TRMT5
FAR	FAR2	0	4	0	FAR2
ABCD	ABCD1	0	4	0	ABCD1
HERC	HERC2	0	4	0	HERC2
USP	USP9X	0	2	4	USP9X,USP9Y
SDE	SDE2	0	0	4	SDE2,HP1BP3
KIAA	KIAA0825	0	0	4	KIAA0825
ERVK3-	ERVK3-1	0	0	4	ERVK3-1,ZNF8
BHMT	BHMT2	0	0	4	BHMT2,DMGDH,CATSPER3,PCBD2,ZAN,ARHGAP19
TNFAIP8L	TNFAIP8L1	0	0	4	TNFAIP8L1,NHS
GGNBP	GGNBP2	0	0	4	GGNBP2
AKT	AKT1	3	2	0	AKT1,MIR641,AKT2,SDCCAG8,AKT3
CAPN	CAPN2	2	2	3	CAPN2,CAPN1,CAPN11
CD	CD55	3	0	0	CD55
TXNIP	TXNIP	3	0	0	TXNIP
LRIG	LRIG3	3	0	0	LRIG3
RBMXL	RBMXL1	2	2	3	RBMXL1,KYAT3,RBMX
TXNDC	TXNDC12	3	2	0	TXNDC12,BTF3L4,BTF3,SENP7
KPNA	KPNA6	3	0	3	KPNA6,KPNA5,KPNA1
YTHDF	YTHDF2	2	3	3	YTHDF2,YTHDF3,YTHDF1
GNB	GNB1	3	3	2	GNB1,GNB2,GNB4,MFN1
CPEB	CPEB2	3	0	3	CPEB2,CPEB4,CPEB3,MARCHF5
CAMK	CAMK2D	3	2	3	CAMK2D,CAMK2B,CAMK2G,OGDH,OGDHL
HSPA	HSPA4L	3	0	3	HSPA4L,HSPA4,HSPH1
HMGB	HMGB2	3	0	0	HMGB2,NRG3,HMGB1
TENM	TENM3	3	0	0	TENM3,TENM4
THBS	THBS4	2	3	0	THBS4,COMP,THBS3
PLK	PLK2	3	0	0	PLK2
CTNNA	CTNNA2	3	2	2	CTNNA2,LRRTM2,CTNNA1
SPINK	SPINK5	3	0	0	SPINK5,EEF1G
RPLP	RPLP1	3	2	3	RPLP1,MAP7,G3BP1
PANK	PANK3	3	3	0	PANK3,MIR107,PANK1,PANK2,MIR103-1,MIR103-2
HNRNPH	HNRNPH1	2	3	3	HNRNPH1,HNRNPH2,HNRNPF,GLA
SERPINB	SERPINB9	2	3	3	SERPINB9,SERPINB6,SERPINB8
GMPR	GMPR2	2	3	2	GMPR2,GMPR,TINF2,ATXN1
SLC17A	SLC17A1	3	0	3	SLC17A1
PATR-DRB	PATR-DRB5	3	0	0	PATR-DRB5,PATR-DQB1,PATR-DPB1
PHIP	PHIP	3	2	2	PHIP,BRWD1,BRWD3
EPHA	EPHA7	3	0	0	EPHA7,EPHA4,EPHA3
EZR	EZR	2	2	3	EZR,MSN,SYTL3,RDX
RPL	RPL23A	3	3	0	RPL23A,PDCD2,TLCD1
CYTH	CYTH3	3	3	3	CYTH3,CYTH1,CYTH2
DPY19L	DPY19L2	3	2	2	DPY19L2,DPY19L1
SLC25A	SLC25A1	2	0	3	SLC25A1
INTS	INTS4	3	0	0	INTS4,AAMDC
CUX	CUX1	3	0	0	CUX1
KANK	KANK1	3	0	0	KANK1
IMPDH	IMPDH2	2	3	2	IMPDH2,IMPDH1,NDUFAF3
FLNA	FLNA	3	3	2	FLNA,FLNB,FLNC
FNTA	FNTA	3	2	0	FNTA,LRMDA,JAK2,CCNC,TSTD3
WWP	WWP1	3	0	3	WWP1,WWP2,ITCH,MIR140,DYNLRB1
PFKP	PFKP	3	3	3	PFKP,PFKM,PFKL,SENP1,ASB8
AKR1C	AKR1C3	3	3	0	AKR1C3,AKR1C2
TIMM	TIMM23	3	2	0	TIMM23,TIMM23B,PARG
HK	HK1	2	3	2	HK1,HK2,HKDC1
LDHB	LDHB	3	3	2	LDHB,LDHA,LDHC
MTA	MTA2	3	0	2	MTA2,MTA3,EML3,MTA1
PYGL	PYGL	3	3	2	PYGL,PYGB,PYGM,ABHD12
PPP1CA	PPP1CA	2	3	3	PPP1CA,RAD9A,PPP1CC,PPP1CB
DLG	DLG2	3	0	2	DLG2,DLG4,DLG1
MYL	MYL6	3	2	2	MYL6,MYL6B,MYL4,CDC27
SMARCD	SMARCD1	2	3	2	SMARCD1,SMARCD2,SMARCD3
ATP2A	ATP2A2	2	3	2	ATP2A2,ATP2A1,RABEP2,ATP2A3
TAOK	TAOK3	2	3	2	TAOK3,TAOK2,TAOK1
UBC	UBC	3	3	2	UBC,UBB
RPS	RPS6	3	0	0	RPS6
BRD	BRD3	2	3	0	BRD3,BRD4,BRD2
CTSV	CTSV	2	3	3	CTSV,CTSL
RFX	RFX3	3	2	2	RFX3,RFX2,ACSBG2,RFX1
PRKD	PRKD3	2	3	0	PRKD3,PRKD1,NDUFAF7,PRKD2
CXADR	CXADR	3	0	0	CXADR
TRPC4AP	TRPC4AP	2	3	0	TRPC4AP,MYH7B,MIR208B,MYH7,MYH15
SLC12A	SLC12A6	2	0	3	SLC12A6,SLC12A4,EMC4,SLC12A7
MYL	MYL9	3	3	3	MYL9,MYL12B,MYL12A,MYOM1
ABR	ABR	3	2	0	ABR,BCR
CXHXorf	CXHXorf49B	3	0	0	CXHXorf49B
PLS	PLS3	2	3	2	PLS3,PLS1,LCP1
DRICH	DRICH1	2	0	3	DRICH1
APOL	APOL3	2	3	0	APOL3,APOL2,APOL1
FMO	FMO4	0	3	0	FMO4,FMO1,FMO2
PLEKHM	PLEKHM1	0	3	0	PLEKHM1
SEPTIN	SEPTIN4	0	3	0	SEPTIN4,SEPTIN2,GP1BB,SEPTIN5
COL1A	COL1A1	0	3	2	COL1A1,COL2A1,COL1A2
ACSL	ACSL6	0	2	3	ACSL6,ACSL5,ACSL1,ZDHHC6
ZNF	ZNF300	0	3	0	ZNF300,IRGM,ZNF630
GMNN	GMNN	0	3	0	GMNN
TAS2R	TAS2R3	0	3	0	TAS2R3,SSBP1
GRM	GRM4	0	3	0	GRM4,GRM8,GRM7
RWDD	RWDD2A	0	3	0	RWDD2A,PGM3,DOP1A
RPL	RPL7A	0	3	2	RPL7A,RFX6
EYA	EYA4	0	3	0	EYA4,EYA1,EYA2
EPHB	EPHB4	0	3	0	EPHB4,EPHB1,EPHB3
AKR1B	AKR1B1	0	3	0	AKR1B1,AKR1B10
HTRA	HTRA2	0	3	2	HTRA2,LOXL3,AUP1,LOXL2,LOXL4,DOK1
CAMK	CAMK1D	0	3	0	CAMK1D,PNCK,CAMK1,OGG1
KIF	KIF5B	0	3	0	KIF5B,KIF5A,KIF5C
GPR	GPR17	0	3	3	GPR17,LIMS2,LIMS1
SCN	SCN9A	0	3	0	SCN9A,SCN7A
CNTNAP	CNTNAP3C	0	3	0	CNTNAP3C
LRRC	LRRC8E	0	3	0	LRRC8E,LRRC8A
MGAT	MGAT2	0	2	3	MGAT2,RPL36AL,RPL36A,HELZ
ACOT	ACOT2	0	3	2	ACOT2,ACOT4,ACOT6,HEATR4
HSCB	HSCB	0	3	0	HSCB,CHEK2
DEXI	DEXI	0	3	0	DEXI,CIITA
MIR	MIR1266	0	3	0	MIR1266,MYO5C,MYO5A,MYO5B
PDPR	PDPR	0	3	0	PDPR,PSMD7
ZSCAN	ZSCAN5B	0	3	0	ZSCAN5B
PLXNB	PLXNB3	0	3	0	PLXNB3,PLXNB1,PLXNB2
YOD	YOD1	0	0	3	YOD1,PFKFB2,PFKFB3,PFKFB4
EDEM	EDEM3	0	0	3	EDEM3,SPEM2
CELF	CELF3	0	0	3	CELF3,CELF6,CELF5
ELAVL	ELAVL4	0	0	3	ELAVL4,ELAVL2,ELAVL1
PTPRN	PTPRN2	0	0	3	PTPRN2
GUSB	GUSB	0	0	3	GUSB
CEP	CEP20	0	0	3	CEP20
ARL	ARL5A	0	0	3	ARL5A,ACTR2
PDZD	PDZD9	0	0	3	PDZD9
SLX	SLX1A	0	0	3	SLX1A
MT	MT1X	0	0	3	MT1X
DMRTC	DMRTC1	0	0	3	DMRTC1
HSFX	HSFX1	0	0	3	HSFX1
KEF41_t	KEF41_t22	2	0	0	KEF41_t22,KEF41_t21,CYTB,KEF41_t20,ND6,ND5
PGBD	PGBD1	2	0	0	PGBD1
CHML	CHML	2	0	0	CHML,OPN3,MIR361,CHM
RGS	RGS7	2	2	0	RGS7,THAP12,RGS6
TRIM	TRIM17	2	0	0	TRIM17,TRIM11
ITPKB	ITPKB	2	0	0	ITPKB,ITPKA
PYCR	PYCR2	2	2	2	PYCR2,PYCR1
TMEM	TMEM63A	2	2	2	TMEM63A,TMEM63B,EPHX1
ATP2B	ATP2B4	2	0	2	ATP2B4,ATP2B3,ATP2B1
DNM	DNM3	2	2	2	DNM3,DNM2,MIR214,MIR199A-2,MIR199A-1,MIR199A
HSD17B	HSD17B7	2	0	0	HSD17B7
TRNAG-UCC	TRNAG-UCC	2	0	0	TRNAG-UCC,TRNAD-GUC
GON	GON4L	2	0	0	GON4L,YY1AP1,DAP3
CLK	CLK2	2	0	0	CLK2
UBE2Q	UBE2Q1	2	2	2	UBE2Q1,UBE2Q2
MCL	MCL1	2	0	0	MCL1,EIF3F
SF3B	SF3B4	2	0	0	SF3B4,GARIN2
TRIP	TRIP13	2	0	0	TRIP13
BRD	BRD9	2	0	0	BRD9,ZDHHC11
AP4B	AP4B1	2	0	0	AP4B1,BCL2L15,PTPN22
HIPK	HIPK1	2	0	0	HIPK1,HIPK2
ST	ST7L	2	2	2	ST7L,ST7,MIR6132
SLC25A	SLC25A24	2	0	0	SLC25A24
THAP	THAP3	2	0	0	THAP3
HOOK	HOOK1	2	2	2	HOOK1,HOOK3,RNF170
MRPL	MRPL37	2	0	2	MRPL37,SSBP3,SSBP2
DST	DST	2	2	0	DST,MACF1
RRAGC	RRAGC	2	0	0	RRAGC,RRAGD
HDAC	HDAC1	2	2	2	HDAC1,HDAC2
ARID	ARID1A	2	2	0	ARID1A,ARID1B
HNRNPR	HNRNPR	2	0	2	HNRNPR,SYNCRIP
AKR7A	AKR7A2	2	2	0	AKR7A2,AKR7A3
PLOD	PLOD1	2	2	2	PLOD1,PLOD3
TARDBP	TARDBP	2	0	0	TARDBP
RER	RER1	2	2	0	RER1,PEX10
LETM	LETM1	2	0	0	LETM1,ZNF135,ZSCAN1
FAM	FAM200B	2	0	0	FAM200B,FAM200A
PDS	PDS5A	2	0	0	PDS5A,PDS5B
NAA	NAA11	2	2	2	NAA11,NAA10
SDAD	SDAD1	2	2	2	SDAD1,BNIP3L
ANKRD	ANKRD17	2	2	2	ANKRD17,ANKHD1
HERC	HERC6	2	2	0	HERC6,HERC5
GRID	GRID2	2	0	0	GRID2,PMPCA
PAPSS	PAPSS1	2	2	2	PAPSS1,PAPSS2
SEC	SEC24D	2	2	0	SEC24D,SEC24C
NAA	NAA15	2	2	2	NAA15,NDUFC1,NAA16
SMARCA	SMARCA5	2	2	2	SMARCA5,SMARCA1
TRIM	TRIM60	2	0	0	TRIM60
CLCN	CLCN3	2	2	0	CLCN3,CLCN4,MIR502A,MIR660,MIR362,MIR502B
RNASE	RNASE12	2	0	0	RNASE12,RNASE11
SNX	SNX25	2	0	0	SNX25,CFAP97
PLEKHG	PLEKHG4B	2	0	0	PLEKHG4B
SLC6A	SLC6A3	2	0	0	SLC6A3,SLC6A2
FAM177A	FAM177A1	2	0	0	FAM177A1,SRP54
PTP4A	PTP4A1	2	0	0	PTP4A1
DHFR	DHFR	2	0	0	DHFR,DHFR2
ENC	ENC1	2	0	2	ENC1,KLHL25,MIR1276
TNPO	TNPO1	2	2	0	TNPO1,TNPO2
TAF	TAF9	2	2	2	TAF9,AK6,TAF9B,RAD17
CDH	CDH18	2	0	0	CDH18,NUP50
RPL	RPL28	2	0	0	RPL28
PPP2CA	PPP2CA	2	2	2	PPP2CA,PPP2CB
NDUFA	NDUFA2	2	0	0	NDUFA2,IK
HARS	HARS1	2	2	2	HARS1,HARS2
PCDHB	PCDHB2	2	0	0	PCDHB2,PCDHB12
PCDHB	PCDHB5	2	0	0	PCDHB5,RPL6
CSNK1A	CSNK1A1	2	0	2	CSNK1A1,ARHGEF37,CSNK1A1L
NDST	NDST1	2	2	0	NDST1,NDST2
SLC36A	SLC36A3	2	0	0	SLC36A3,SLC36A1
KIF	KIF4B	2	0	0	KIF4B,KIF4A
FNDC	FNDC9	2	2	0	FNDC9,CYFIP2,CYFIP1,NIPA2
RANBP	RANBP17	2	2	0	RANBP17,XPO7
FBXW	FBXW11	2	0	2	FBXW11,BTRC
RPL26L	RPL26L1	2	2	2	RPL26L1,RPL26,ODF4
RPL	RPL19	2	0	0	RPL19
CANX	CANX	2	0	0	CANX,CBY3,HMGB3
GFPT	GFPT2	2	2	2	GFPT2,GFPT1
FAM	FAM50B	2	2	2	FAM50B,FAM50A
TMEM	TMEM14C	2	2	2	TMEM14C,TMEM14B
BTN2A	BTN2A2	2	2	0	BTN2A2,BTN2A1
ZKSCAN	ZKSCAN8	2	0	0	ZKSCAN8,ZNF397
RPL	RPL30	2	0	0	RPL30
STXBP	STXBP4	2	2	0	STXBP4,TOM1L1,TRNAT-CGU,TRNAL-AAG,TRNAT-UGU,COX11
DDX	DDX39B	2	2	2	DDX39B,MCCD1,DDX39A
C	C4A	2	2	0	C4A,C4B
TCP	TCP11	2	0	2	TCP11,TCP11X2
HSP90AB	HSP90AB1	2	2	2	HSP90AB1,HSP90AA1,SLC35B2
GSTA	GSTA2	2	0	0	GSTA2,GSTA1
KHDC	KHDC1L	2	0	0	KHDC1L,KHDC1
FYN	FYN	2	2	2	FYN,YES1,SRC
ECHDC	ECHDC1	2	2	0	ECHDC1,RNF146
KATNA	KATNA1	2	2	2	KATNA1,KATNAL1
MTHFD	MTHFD1L	2	2	0	MTHFD1L,ZBTB25,MTHFD1
RAC	RAC1	2	2	2	RAC1,RAC3
PDE	PDE1C	2	0	2	PDE1C,PDE1A
PGAM	PGAM2	2	0	2	PGAM2,PGAM1,EXOSC1
ERV3-	ERV3-1	2	2	2	ERV3-1,ACSM1
SBDS	SBDS	2	2	0	SBDS
TYW	TYW1B	2	0	0	TYW1B
FAM	FAM133B	2	2	2	FAM133B,FAM133A
DYNC1I	DYNC1I1	2	0	0	DYNC1I1,DYNC1I2
SLC25A	SLC25A13	2	2	0	SLC25A13,SLC25A12,MIR1282-2,MIR591
CASTOR	CASTOR3P	2	0	0	CASTOR3P,STAG3,PILRB
SRPK	SRPK2	2	0	0	SRPK2,NKAIN3
METTL	METTL2B	2	2	0	METTL2B,METTL2A
COPG	COPG2	2	2	2	COPG2,COPG1,MEST,TSGA13
TMEM	TMEM140	2	2	2	TMEM140,CYREN
LUC7L	LUC7L2	2	0	0	LUC7L2,LUC7L
CDS	CDS2	2	0	0	CDS2
TCAF	TCAF1	2	2	0	TCAF1,TCAF2
EZH	EZH2	2	2	0	EZH2,EZH1
ZNF	ZNF212	2	0	0	ZNF212
CHPF	CHPF2	2	2	2	CHPF2,CHPF,MIR671,TMEM198
ACTR	ACTR3B	2	2	2	ACTR3B,ACTR3
TNKS	TNKS	2	2	2	TNKS,TNKS2,MIR597
MEIG	MEIG1	2	0	0	MEIG1
PPP3CC	PPP3CC	2	0	0	PPP3CC,PPP3CB
PLPP	PLPP5	2	0	0	PLPP5,DDHD2,PLPP4
KAT	KAT6A	2	2	0	KAT6A,KAT6B
PXDNL	PXDNL	2	0	2	PXDNL,PXDN
RPS	RPS20	2	0	0	RPS20,TMEM70
ARFGEF	ARFGEF1	2	2	0	ARFGEF1,ARFGEF2
SULF	SULF1	2	2	0	SULF1,SULF2
RPL	RPL7	2	0	0	RPL7
RUNX1T	RUNX1T1	2	0	0	RUNX1T1,CBFA2T2
STK	STK3	2	2	2	STK3,STK4
LY	LY6K	2	0	0	LY6K
GPT	GPT	2	0	0	GPT,GPT2
GDI	GDI2	2	2	2	GDI2,GDI1,TASOR2
SEC61A	SEC61A2	2	2	2	SEC61A2,SEC61A1
NMT	NMT2	2	2	0	NMT2,NMT1
BMS	BMS1	2	0	0	BMS1
ANTXRL	ANTXRL	2	0	0	ANTXRL
SHLD	SHLD2	2	0	0	SHLD2
ADIRF	ADIRF	2	0	2	ADIRF
IFIT	IFIT1	2	0	2	IFIT1,IFIT5
HSPA	HSPA12A	2	2	0	HSPA12A,SPMIP5,HSPA12B
PTPRE	PTPRE	2	2	0	PTPRE,PTPRA
DENND	DENND5A	2	0	0	DENND5A,DENND5B
PARVA	PARVA	2	2	0	PARVA,TRNASTOP-UCA,PARVB
SLC25A	SLC25A51	2	0	0	SLC25A51
DCDC	DCDC1	2	0	0	DCDC1
MAPK8IP	MAPK8IP1	2	0	0	MAPK8IP1,FREY1
NR1H	NR1H3	2	0	2	NR1H3,NR1H2
KBTBD	KBTBD4	2	2	0	KBTBD4,PTPMT1,NDUFS3
OSBP	OSBP2	2	2	0	OSBP2,OSBP,MIR590,EIF4H
ATL	ATL3	2	2	0	ATL3,ATL2
PACS	PACS1	2	0	0	PACS1,PACS2
RBM	RBM4	2	2	0	RBM4,RBM4B
GRK	GRK2	2	2	0	GRK2,GRK3
CORO	CORO1B	2	2	2	CORO1B,CORO1C
CDK2AP	CDK2AP2	2	0	0	CDK2AP2
CPT	CPT1B	2	0	2	CPT1B,CPT1A,CPT1C
NEU	NEU3	2	0	0	NEU3
GAB	GAB2	2	0	0	GAB2,GAB4
BIRC	BIRC3	2	0	2	BIRC3,BIRC2
PPP2R	PPP2R1B	2	2	2	PPP2R1B,PPP2R1A
ERC	ERC1	2	0	0	ERC1,ERC2
GAPDH	GAPDH	2	0	0	GAPDH
ING	ING4	2	2	0	ING4,ING5,ACRBP
USP	USP5	2	2	0	USP5,USP13,CDCA3
LPCAT	LPCAT3	2	2	0	LPCAT3,EMG1,PHB2
SLC2A	SLC2A14	2	2	0	SLC2A14,SLC2A3
C12H12orf	C12H12orf56	2	0	0	C12H12orf56,RPS11
RPS	RPS26	2	0	2	RPS26,POLR2D
SLC4A	SLC4A8	2	0	0	SLC4A8,SLC4A7
FMNL	FMNL3	2	0	0	FMNL3,FMNL1
CACNB	CACNB3	2	0	0	CACNB3,CACNB4
PPHLN	PPHLN1	2	0	0	PPHLN1
ALG	ALG10B	2	2	0	ALG10B,ALG10
PPFIBP	PPFIBP1	2	0	0	PPFIBP1,C12H12orf71
KRR	KRR1	2	0	0	KRR1,GLIPR1
ACACB	ACACB	2	0	0	ACACB,ACACA
RNFT	RNFT2	2	0	0	RNFT2,PRSS3
ATP6V0A	ATP6V0A2	2	0	0	ATP6V0A2,ATP6V0A1
EP	EP400	2	0	2	EP400
NTMT	NTMT1	2	2	0	NTMT1,ASB6
ENDOG	ENDOG	2	0	0	ENDOG,KYAT1
PTBP	PTBP3	2	0	0	PTBP3,PLPPR3,PTBP1
NIPSNAP	NIPSNAP3A	2	2	0	NIPSNAP3A,NIPSNAP3B
TMOD	TMOD1	2	0	0	TMOD1,TSTD2
IARS	IARS1	2	0	0	IARS1,SPTLC1
GNAQ	GNAQ	2	0	0	GNAQ,GNA11
KIF	KIF27	2	0	0	KIF27
CNTNAP	CNTNAP3	2	0	0	CNTNAP3,CNTNAP4
PHF	PHF24	2	0	0	PHF24,FAM205A
AQP	AQP7	2	0	0	AQP7
LAGE	LAGE3	2	2	0	LAGE3,DNAJA1
RANBP	RANBP6	2	2	0	RANBP6,IPO5
SMARCA	SMARCA2	2	0	2	SMARCA2,SMARCA4
CKAP	CKAP2L	2	0	0	CKAP2L,IL36G,SIRPG
TEKT	TEKT4	2	0	0	TEKT4
FUNDC	FUNDC2	2	0	0	FUNDC2,F8
PPP4R	PPP4R3B	2	2	0	PPP4R3B,PPP4R3A
ATP6V1E	ATP6V1E2	2	0	0	ATP6V1E2,ATP6V1E1,SLC25A18
MAP4K	MAP4K3	2	0	0	MAP4K3,ATL1,MAP4K5
CLASP	CLASP1	2	0	0	CLASP1,CLASP2
RBMS	RBMS1	2	0	0	RBMS1,RBMS3
TLK	TLK1	2	2	0	TLK1,TLK2
SP	SP3	2	0	0	SP3
ATP5MC	ATP5MC3	2	0	0	ATP5MC3,RPS15A
ZNF	ZNF385B	2	0	2	ZNF385B,TXNL4A,ZNF385D
PLCL	PLCL1	2	2	0	PLCL1,PLCL2
BMPR	BMPR2	2	0	0	BMPR2
USP	USP37	2	2	0	USP37,USP29
MSL	MSL3	2	2	2	MSL3
PER	PER2	2	0	0	PER2,PER1
HDAC	HDAC4	2	0	0	HDAC4,HDAC5
ARL2BP	ARL2BP	2	0	0	ARL2BP
LSM	LSM14A	2	0	0	LSM14A
INTS	INTS6L	2	2	2	INTS6L,INTS6,SAGE1
DNAJC	DNAJC3	2	0	0	DNAJC3
DOCK	DOCK9	2	2	0	DOCK9,DOCK11
SLC7A	SLC7A7	2	0	0	SLC7A7,OXA1L,SLC7A6OS,SLC7A6
SEC	SEC23A	2	2	2	SEC23A,SEC23B
BTBD	BTBD6	2	0	0	BTBD6,BRF1,BTBD3
SNURF	SNURF	2	2	2	SNURF,SNRPB,SNRPN
CCDC	CCDC32	2	0	2	CCDC32
MAPKBP	MAPKBP1	2	0	0	MAPKBP1
TUBGCP	TUBGCP4	2	0	0	TUBGCP4,ZSCAN29,ZKSCAN2
MORF4L	MORF4L1	2	2	2	MORF4L1,MORF4L2
TTLL	TTLL13	2	0	0	TTLL13,TTLL6
PMM	PMM2	2	0	0	PMM2
HAGH	HAGH	2	0	0	HAGH
PKD	PKD1	2	0	0	PKD1
PDPK	PDPK1	2	0	2	PDPK1
ZSCAN	ZSCAN32	2	0	0	ZSCAN32,MTRNR2L4
C16H16orf	C16H16orf90	2	0	0	C16H16orf90,RPL18
MGRN	MGRN1	2	0	0	MGRN1
SEPTIN	SEPTIN12	2	0	2	SEPTIN12,SEPTIN9,SMIM22
GSPT	GSPT1	2	0	0	GSPT1,GSPT2
RRN	RRN3	2	2	0	RRN3,SPN,TRNAV-UAC
TNRC	TNRC6A	2	0	0	TNRC6A,TNRC6C
ALDOA	ALDOA	2	2	2	ALDOA,ALDOC
ZNF	ZNF747	2	0	0	ZNF747,ZNF764
RUSF	RUSF1	2	0	0	RUSF1,SLC5A2
CSNK2A	CSNK2A2	2	0	2	CSNK2A2,CSNK2A1
DPEP	DPEP3	2	2	2	DPEP3,DPEP2
NIP	NIP7	2	0	0	NIP7,COG8
IST	IST1	2	0	0	IST1,PKD1L3
DDX	DDX19A	2	2	2	DDX19A,DDX19B
DEF	DEF8	2	0	0	DEF8
MED	MED31	2	0	0	MED31,TXNDC17,C19H17orf100
MPDU	MPDU1	2	0	0	MPDU1,CD68,SOX15
NAA	NAA38	2	0	2	NAA38,CYB5D1
EFCAB	EFCAB13	2	0	0	EFCAB13,MRPL45
STAT	STAT5A	2	0	0	STAT5A,STAT5B
KAT	KAT2A	2	0	0	KAT2A,KAT2B
KRT	KRT34	2	0	0	KRT34,KRT33A
AP2B	AP2B1	2	2	2	AP2B1,AP1B1
LINC	LINC02693	2	0	0	LINC02693
DRG	DRG2	2	0	0	DRG2
FBXW	FBXW10	2	0	0	FBXW10,FBXW10B
DNAH	DNAH9	2	0	0	DNAH9,DNAH17,PGS1
RANGRF	RANGRF	2	0	0	RANGRF,SLC25A35
NME	NME1	2	0	0	NME1
IGBP	IGBP1C	2	0	2	IGBP1C,IGBP1,TEX14
CLTC	CLTC	2	2	0	CLTC,CLTCL1
AMZ	AMZ2	2	2	2	AMZ2,ARSG
CSNK	CSNK1D	2	0	0	CSNK1D,CSNK1E
FN3KRP	FN3KRP	2	0	0	FN3KRP,FN3K
CNN	CNN2	2	2	2	CNN2,CNN1
SAFB	SAFB2	2	2	2	SAFB2,SAFB
AP1M	AP1M2	2	2	0	AP1M2,AP1M1
GEMIN	GEMIN7	2	0	0	GEMIN7
NAPA	NAPA	2	2	0	NAPA,NAPB
MED	MED25	2	0	0	MED25,PNKP,PTOV1
NLRP	NLRP7	2	2	0	NLRP7,NLRP2
ZBED	ZBED1	2	2	0	ZBED1,DHRSX
PHKA	PHKA2	2	2	0	PHKA2,PHKA1
EIF1AX	EIF1AX	2	2	2	EIF1AX,EIF1AY
DDX	DDX3X	2	2	2	DDX3X,DDX3Y
MAOA	MAOA	2	2	0	MAOA,MAOB
SSX	SSX3	2	0	0	SSX3
NLGN	NLGN3	2	0	0	NLGN3,NLGN4Y
DMRTC	DMRTC1B	2	2	0	DMRTC1B,FAM236B
CT	CT83	2	0	2	CT83
TEX	TEX13D	2	0	0	TEX13D,TEX13C
ATP	ATP11C	2	0	0	ATP11C,ATP11B
CXHXorf	CXHXorf51B	2	0	0	CXHXorf51B,CXHXorf51A
PNMA	PNMA5	2	0	2	PNMA5,PNMA3
TKTL	TKTL1	2	0	2	TKTL1,TKT,TEX28
PRSS	PRSS43P	2	0	0	PRSS43P,PRSS45,PRSS42
IQCF	IQCF3	2	0	2	IQCF3,IQCF2
GLT8D	GLT8D1	2	2	0	GLT8D1,GNL3,PBRM1,SPCS1
NUDT	NUDT16	2	0	0	NUDT16
PLSCR	PLSCR2	2	0	0	PLSCR2,PLSCR1
DGCR	DGCR6L	2	2	2	DGCR6L,DGCR6,PRODH
TMEM	TMEM191C	2	0	0	TMEM191C
MIF	MIF	2	0	0	MIF
SERHL	SERHL2	2	2	0	SERHL2,RRP7A
NOM	NOM1	0	2	0	NOM1
DUSP	DUSP5	0	2	0	DUSP5
COQ	COQ8A	0	2	2	COQ8A,COQ8B
JMJD	JMJD4	0	2	0	JMJD4
TMCC	TMCC2	0	2	0	TMCC2,TMCC1
TOMM	TOMM40L	0	2	0	TOMM40L,NR1I3,TOMM40
IFI	IFI16	0	2	0	IFI16,MNDA
C1H1orf	C1H1orf56	0	2	0	C1H1orf56,CDC42SE1,MLLT11
GPR	GPR89A	0	2	0	GPR89A
RHOC	RHOC	0	2	0	RHOC,MOV10
DRAM	DRAM2	0	2	0	DRAM2,CEPT1,SYCP3,CHPT1
AHCYL	AHCYL1	0	2	0	AHCYL1,AHCYL2
GNAT	GNAT2	0	2	0	GNAT2,AMPD2,AMPD3
IFI	IFI44	0	2	0	IFI44,IFI44L
PGM	PGM1	0	2	0	PGM1,PGM5
LRRC	LRRC41	0	2	0	LRRC41,AIF1
MAST	MAST2	0	2	0	MAST2,MAST4
ZSWIM	ZSWIM5	0	2	0	ZSWIM5,ZSWIM6
CTPS	CTPS1	0	2	0	CTPS1,S100G,CTPS2
LCK	LCK	0	2	0	LCK,LYN
PUM	PUM1	0	2	0	PUM1,PUM2
XKR	XKR8	0	2	2	XKR8
HMGN	HMGN2	0	2	0	HMGN2,BLOC1S6
DVL	DVL2	0	2	2	DVL2,TAS1R3,DVL1,DVL3
DOK	DOK7	0	2	0	DOK7
STK	STK32B	0	2	0	STK32B,STK32C
ATP8A	ATP8A1	0	2	0	ATP8A1,ATP8A2
SLAIN	SLAIN2	0	2	0	SLAIN2,MTHFS
MAPK	MAPK10	0	2	0	MAPK10,MAPK8,ARHGAP22
ADH	ADH1B	0	2	0	ADH1B
OSTC	OSTC	0	2	0	OSTC,LIG3
TBC1D	TBC1D9	0	2	0	TBC1D9,TBC1D9B
ARHGAP	ARHGAP10	0	2	0	ARHGAP10,ARHGAP42
LRBA	LRBA	0	2	0	LRBA,MAB21L1,NBEA
TRIM	TRIM2	0	2	0	TRIM2,TRIM3
PPID	PPID	0	2	0	PPID,ETFDH
ABCA	ABCA9	0	2	0	ABCA9,ABCA8
DHX	DHX40	0	2	0	DHX40
TUBD	TUBD1	0	2	0	TUBD1,RPS6KB1
WFIKKN	WFIKKN2	0	2	0	WFIKKN2,WFIKKN1
PLCD	PLCD3	0	2	0	PLCD3,PLCD1
FBXL	FBXL20	0	2	2	FBXL20,FBXL2
SLFN	SLFN11	0	2	0	SLFN11,SLFN5
CCL	CCL8	0	2	0	CCL8
CCDC	CCDC144A	0	2	0	CCDC144A
ALDH3A	ALDH3A1	0	2	2	ALDH3A1,ALDH3A2
EPB41L	EPB41L4A	0	2	0	EPB41L4A
FBN	FBN2	0	2	0	FBN2,FBN1
SLC22A	SLC22A4	0	2	0	SLC22A4,SLC22A5
DND	DND1	0	2	0	DND1,WDR55
THOC	THOC3	0	2	0	THOC3
FGFR	FGFR4	0	2	0	FGFR4,FGFR1
GRK	GRK6	0	2	0	GRK6,GRK5
CLK	CLK4	0	2	2	CLK4,CLK1
GFOD	GFOD1	0	2	2	GFOD1,GFOD2
BTN3A	BTN3A1	0	2	0	BTN3A1
ZSCAN	ZSCAN9	0	2	2	ZSCAN9,ZSCAN12
EHMT	EHMT2	0	2	0	EHMT2,EHMT1
TEAD	TEAD3	0	2	0	TEAD3,TEAD4
ADGRF	ADGRF5	0	2	0	ADGRF5
KHDRBS	KHDRBS2	0	2	0	KHDRBS2,KHDRBS3
TSPYL	TSPYL4	0	2	0	TSPYL4,TSPYL1
OSBPL	OSBPL3	0	2	0	OSBPL3,OSBPL6
YAE	YAE1	0	2	0	YAE1
UPK3BL	UPK3BL1	0	2	0	UPK3BL1
GALNT	GALNT17	0	2	0	GALNT17
TMEM	TMEM120A	0	2	0	TMEM120A,TMEM120B
PTPRZ	PTPRZ1	0	2	0	PTPRZ1,PTPRG
MKRN	MKRN1	0	2	0	MKRN1
SLC4A	SLC4A2	0	2	0	SLC4A2,SLC4A3
TNFRSF	TNFRSF10D	0	2	0	TNFRSF10D
DOCK	DOCK5	0	2	0	DOCK5,DOCK1
FABP	FABP4	0	2	0	FABP4,PMP2
ZNF	ZNF16	0	2	0	ZNF16,ZNF19
SLC35F	SLC35F5	0	2	0	SLC35F5
PPIF	PPIF	0	2	0	PPIF
DDX	DDX21	0	2	2	DDX21,DDX50
WASHC	WASHC2C	0	2	0	WASHC2C
ZNF	ZNF33B	0	2	0	ZNF33B
EXOC	EXOC6	0	2	0	EXOC6,EXOC6B
SORCS	SORCS3	0	2	2	SORCS3,SORCS1
MICAL	MICAL2	0	2	0	MICAL2,MICAL3
FADS	FADS2	0	2	2	FADS2,FADS3
SPTBN	SPTBN2	0	2	0	SPTBN2,SPTBN1
ANO	ANO1	0	2	0	ANO1,ANO2
MIR	MIR326	0	2	0	MIR326,ARRB1,ARRB2
ANKRD	ANKRD42	0	2	0	ANKRD42,RPL32
NAALAD	NAALAD2	0	2	0	NAALAD2
MTMR	MTMR2	0	2	0	MTMR2,CEP57
TIMM	TIMM8B	0	2	0	TIMM8B,NKAPD1
KMT	KMT2A	0	2	0	KMT2A,KMT2B
SORL	SORL1	0	2	0	SORL1
TSPAN	TSPAN31	0	2	0	TSPAN31,CDK4,MARCHF9
SMARCC	SMARCC2	0	2	0	SMARCC2,SMARCC1
GXYLT	GXYLT1	0	2	0	GXYLT1
BICD	BICD1	0	2	0	BICD1,BICD2
KRAS	KRAS	0	2	0	KRAS,ETFRF1
CAMKK	CAMKK2	0	2	0	CAMKK2,CAMKK1
GALNT	GALNT13	0	2	0	GALNT13,GALNT1
POLR	POLR3K	0	2	0	POLR3K
FOXO	FOXO1	0	2	0	FOXO1
IL	IL37	0	2	0	IL37,XIAP
TLN	TLN1	0	2	0	TLN1,MIR190A,TLN2
DAPK	DAPK1	0	2	0	DAPK1
RAD	RAD23B	0	2	0	RAD23B,RAD23A
TXN	TXN	0	2	0	TXN
CERCAM	CERCAM	0	2	0	CERCAM,COLGALT1
PNPLA	PNPLA7	0	2	2	PNPLA7,PNPLA6
GGT	GGT1	0	2	0	GGT1
ZMYM	ZMYM5	0	2	2	ZMYM5,ZMYM2
UTP	UTP14C	0	2	0	UTP14C,ALG11,UTP14A
SDR39U	SDR39U1	0	2	0	SDR39U1,KHNYN
RPL	RPL10L	0	2	0	RPL10L,RPL10
IFI27L	IFI27L1	0	2	2	IFI27L1,IFI27L2,IFI27
TUBGCP	TUBGCP5	0	2	0	TUBGCP5
LDHAL	LDHAL6B	0	2	0	LDHAL6B,MYO1E,MYO1F
SNAPC	SNAPC5	0	2	2	SNAPC5,MAP2K1,MAP2K2
BTBD	BTBD1	0	2	0	BTBD1,BTBD2
TARS	TARS3	0	2	0	TARS3,TARS1
CHMP	CHMP1B	0	2	0	CHMP1B,GNAL,GNAS
ATP	ATP9B	0	2	0	ATP9B,ATP9A
ZNF	ZNF75A	0	2	0	ZNF75A,ZNF75D
KDM	KDM8	0	2	0	KDM8
MAPK	MAPK3	0	2	0	MAPK3,MAPK1
BFAR	BFAR	0	2	0	BFAR
CES	CES1	0	2	0	CES1
SGSM	SGSM2	0	2	0	SGSM2,TSR1,SGSM1
CDH	CDH6	0	2	0	CDH6
SLC1A	SLC1A3	0	2	0	SLC1A3,SLC1A6
CPLANE	CPLANE1	0	2	0	CPLANE1
DMRTC	DMRTC2	0	2	0	DMRTC2,LYPD4
ERCC	ERCC1	0	2	0	ERCC1,POLR1G
RFPL	RFPL3	0	2	2	RFPL3
SH3KBP	SH3KBP1	0	2	0	SH3KBP1
TMEM	TMEM230	0	2	0	TMEM230
NAA	NAA20	0	2	0	NAA20,CFAP61,CRNKL1
CBR	CBR1	0	2	0	CBR1,CBR3
CD	CD99	0	2	0	CD99
TMSB	TMSB4X	0	2	2	TMSB4X
SCML	SCML1	0	2	0	SCML1,SCML2
ZFX	ZFX	0	2	0	ZFX,ZFY
SLC9A	SLC9A7	0	2	0	SLC9A7,CHST7,SLC9A6
NUDT	NUDT10	0	2	0	NUDT10
KDM	KDM5C	0	2	0	KDM5C,KDM5D
GPRASP	GPRASP2	0	2	0	GPRASP2,GPRASP1
TCEAL	TCEAL8	0	2	2	TCEAL8,TCEAL7
RPL	RPL39	0	2	2	RPL39,RPL39L
MAGEC	MAGEC1	0	2	0	MAGEC1
TMEM	TMEM185A	0	2	0	TMEM185A
IKBKG	IKBKG	0	2	0	IKBKG,G6PD
CRBN	CRBN	0	2	0	CRBN,TRNT1
RAF	RAF1	0	2	0	RAF1,MKRN2
NKIRAS	NKIRAS1	0	2	0	NKIRAS1,UBE2E1,RPL15
LIMD	LIMD1	0	2	0	LIMD1
ALG1L	ALG1L1P	0	2	0	ALG1L1P
LIMK	LIMK2	0	2	0	LIMK2,PIK3IP1
APOBEC	APOBEC3C	0	2	0	APOBEC3C,APOBEC3F
NCAPH	NCAPH2	0	2	0	NCAPH2
ARID	ARID4B	0	0	2	ARID4B,GGPS1,ARID4A
GARIN	GARIN4	0	0	2	GARIN4,GARIN3
PLXNA	PLXNA2	0	0	2	PLXNA2,PLXNA1
RPS	RPS27	0	0	2	RPS27,RPS27L
PIP5K	PIP5K1A	0	0	2	PIP5K1A,PABIR1,PIP5K1B
RPL	RPL21	0	0	2	RPL21
TRNAH-GUG	TRNAH-GUG	0	0	2	TRNAH-GUG
DPYD	DPYD	0	0	2	DPYD,SVIP,CCDC179
PIK3R	PIK3R3	0	0	2	PIK3R3,P3R3URF,PIK3R1
MYCBP	MYCBP	0	0	2	MYCBP,GJA9
MAGT	MAGT1	0	0	2	MAGT1
AGO	AGO3	0	0	2	AGO3,AGO2
CLCNKB	CLCNKB	0	0	2	CLCNKB
ATAD	ATAD3B	0	0	2	ATAD3B
STX	STX18	0	0	2	STX18,EFCAB5
MED	MED28	0	0	2	MED28
PAICS	PAICS	0	0	2	PAICS
SGMS	SGMS2	0	0	2	SGMS2,HADH
DCHS	DCHS2	0	0	2	DCHS2
TMEM	TMEM144	0	0	2	TMEM144
SELENOP	SELENOP	0	0	2	SELENOP,CCDC152
HINT	HINT1	0	0	2	HINT1,LSM2,VARS1
CD	CD14	0	0	2	CD14,TMCO6
NOP	NOP16	0	0	2	NOP16,HIGD2A,BBS4,HIGD2B
TRNAA-AGC	TRNAA-AGC	0	0	2	TRNAA-AGC,TRNAI-AAU
STK	STK38	0	0	2	STK38,STK38L
DSE	DSE	0	0	2	DSE,RPS5
TCP	TCP10L	0	0	2	TCP10L
PMS	PMS2	0	0	2	PMS2
NPTX	NPTX2	0	0	2	NPTX2,NPTX1
ARPC	ARPC1A	0	0	2	ARPC1A,ARPC1B
ZSCAN	ZSCAN25	0	0	2	ZSCAN25
TRIM	TRIM50	0	0	2	TRIM50,FKBP6
BZW	BZW2	0	0	2	BZW2,BZW1
ASNS	ASNS	0	0	2	ASNS
MRPS	MRPS33	0	0	2	MRPS33
DLGAP	DLGAP2	0	0	2	DLGAP2,DLGAP1
DLC	DLC1	0	0	2	DLC1,STARD13
ERLIN	ERLIN2	0	0	2	ERLIN2,ERLIN1
ADAM	ADAM18	0	0	2	ADAM18
ZNF	ZNF638	0	0	2	ZNF638
SLC52A	SLC52A2	0	0	2	SLC52A2,FBXL6,SLC52A1
CELF	CELF2	0	0	2	CELF2,CELF1
SFXN	SFXN3	0	0	2	SFXN3,MRPL52
SHOC	SHOC2	0	0	2	SHOC2,RPL13A
FAM	FAM24B	0	0	2	FAM24B,FAM24A
NAP1L	NAP1L4	0	0	2	NAP1L4,NAP1L1
NRXN	NRXN2	0	0	2	NRXN2,NRXN1
B3GAT	B3GAT3	0	0	2	B3GAT3,TRIM59
CADM	CADM1	0	0	2	CADM1
YBX	YBX3	0	0	2	YBX3
SMIM10L	SMIM10L1	0	0	2	SMIM10L1
RECQL	RECQL	0	0	2	RECQL,PYROXD1
FAIM	FAIM2	0	0	2	FAIM2,TMBIM1,PNKD
ACVR	ACVR1B	0	0	2	ACVR1B,TGFBR1
PCBP	PCBP2	0	0	2	PCBP2,PCBP3
ORMDL	ORMDL2	0	0	2	ORMDL2,SARNP,ORMDL3
ZC3H	ZC3H10	0	0	2	ZC3H10
SHMT	SHMT2	0	0	2	SHMT2,SMCR8,SHMT1
DYNLL	DYNLL1	0	0	2	DYNLL1,DYNLL2
CCDC	CCDC74B	0	0	2	CCDC74B
SMPD	SMPD4	0	0	2	SMPD4
SPOPL	SPOPL	0	0	2	SPOPL,SPOP
NBEAL	NBEAL1	0	0	2	NBEAL1
ACSL	ACSL3	0	0	2	ACSL3,ACSL4
GPAT	GPAT2	0	0	2	GPAT2
MAP4K	MAP4K4	0	0	2	MAP4K4,TNIK
PAPOLG	PAPOLG	0	0	2	PAPOLG,PAPOLA
KIF	KIF3C	0	0	2	KIF3C,KIF3B
TOPORS	TOPORS	0	0	2	TOPORS,SMIM27
RORB	RORB	0	0	2	RORB,RORA
RPL	RPL12	0	0	2	RPL12,CHRM5,AVEN
MIPEP	MIPEP	0	0	2	MIPEP
SUGT	SUGT1	0	0	2	SUGT1
CUL	CUL4A	0	0	2	CUL4A,CUL4B
FLVCR	FLVCR2	0	0	2	FLVCR2
VASH	VASH1	0	0	2	VASH1
ATXN	ATXN3	0	0	2	ATXN3,ATXN3L
WHAMM	WHAMM	0	0	2	WHAMM
ARID	ARID3B	0	0	2	ARID3B,ARID3A
PIEZO	PIEZO2	0	0	2	PIEZO2,MATCAP1,NOL3
CDH	CDH2	0	0	2	CDH2,CDH4
JMJD	JMJD8	0	0	2	JMJD8,STUB1
NDUFB	NDUFB10	0	0	2	NDUFB10,RPL3L,RPL3
DYNC1LI	DYNC1LI2	0	0	2	DYNC1LI2,DYNC1LI1
MIS	MIS12	0	0	2	MIS12,DERL2,DERL3
NF	NF1	0	0	2	NF1
KRT	KRT15	0	0	2	KRT15,KRT19
PSMC3IP	PSMC3IP	0	0	2	PSMC3IP,MLX
MAP3K	MAP3K14	0	0	2	MAP3K14,KIAA1143,KIF15
GGA	GGA3	0	0	2	GGA3,GGA1
MFSD	MFSD11	0	0	2	MFSD11,SRSF2,METTL23
TRMT	TRMT1	0	0	2	TRMT1
RAD54L	RAD54L2	0	0	2	RAD54L2
TBCB	TBCB	0	0	2	TBCB,POLR2I,OVOL3
FAM	FAM209B	0	0	2	FAM209B
ASMTL	ASMTL	0	0	2	ASMTL
PCYT	PCYT1B	0	0	2	PCYT1B,PCYT1A
PAGE	PAGE5	0	0	2	PAGE5
PABPC1L	PABPC1L2B	0	0	2	PABPC1L2B
EBLN	EBLN2	0	0	2	EBLN2,PPP4R2
RPL	RPL29	0	0	2	RPL29
IQCF	IQCF5	0	0	2	IQCF5,IQCF1
NCEH	NCEH1	0	0	2	NCEH1
TST	TST	0	0	2	TST,MPST
