family_id	dominant_gene	n_members	n_single_exon_loci	n_multi_exon_loci	min_denovo_nexon	class	would_exclude	is_residual_fp	is_oracle_real	n_annotation_single_exon_members
0	GLMP	2	0	2	4	multi_exon_only	0	0	0	0
1	GON4L	2	0	2	11	multi_exon_only	0	0	0	0
2	GBA1	2	0	2	9	multi_exon_only	0	0	1	0
3	ILF2	2	0	2	4	multi_exon_only	0	0	0	0
4	SCNM1	2	0	2	3	multi_exon_only	0	0	0	0
5	CDC42SE1	2	0	2	2	multi_exon_only	0	0	0	0
6	TRNAQ-CUG	2	0	2	2	multi_exon_only	0	0	0	1
7	PRKAB2	2	0	2	4	multi_exon_only	0	0	0	0
8	LOC129525730	2	0	2	3	multi_exon_only	0	0	0	0
9	LOC115930164	15	0	15	7	multi_exon_only	0	1	1	0
10	LOC101126097	3	0	3	13	multi_exon_only	0	1	1	0
11	GPR89A	2	0	2	12	multi_exon_only	0	0	0	0
12	LOC129532935	2	0	2	11	multi_exon_only	0	0	0	0
13	SEC22B	3	0	3	4	multi_exon_only	0	1	1	0
14	LOC109023809	3	0	3	13	multi_exon_only	0	1	1	0
15	LOC101134045	2	0	2	2	multi_exon_only	0	0	0	0
16	IGSF3	2	0	2	11	multi_exon_only	0	0	0	0
17	LOC109025730	28	0	28	2	multi_exon_only	0	0	0	1
18	LOC109029488	2	0	2	12	multi_exon_only	0	0	0	0
19	LOC109025592	6	0	6	3	multi_exon_only	0	0	0	0
20	RHOC	2	0	2	6	multi_exon_only	0	0	0	0
21	GSTM5	3	0	3	8	multi_exon_only	0	0	0	0
22	GSTM1	4	0	4	2	multi_exon_only	0	0	0	0
23	GSTM2	8	0	8	2	multi_exon_only	0	1	1	0
24	HIVEP1	4	0	4	2	multi_exon_only	0	0	0	0
25	WDR64	6	0	6	2	multi_exon_only	0	0	0	0
26	RPAP2	7	0	7	2	multi_exon_only	0	0	0	0
27	GLMN	2	0	2	5	multi_exon_only	0	0	0	0
28	LOC101137042	4	0	4	6	multi_exon_only	0	0	0	0
29	GBP6	2	0	2	11	multi_exon_only	0	0	0	0
30	KYAT3	3	0	3	2	multi_exon_only	0	0	0	0
31	AVEN	4	0	4	2	multi_exon_only	0	0	0	0
32	GNG5	2	0	2	3	multi_exon_only	0	0	0	0
33	LOC129529226	7	0	7	8	multi_exon_only	0	0	0	0
34	LOC129532115	2	0	2	2	multi_exon_only	0	0	0	1
35	TESK2	2	0	2	8	multi_exon_only	0	0	0	0
36	PTPRF	2	0	2	7	multi_exon_only	0	0	0	0
37	SVBP	11	0	11	2	multi_exon_only	0	1	1	1
38	LOC129533540	5	0	5	2	multi_exon_only	0	0	0	0
39	SYNC	2	0	2	3	multi_exon_only	0	0	0	0
40	XKR8	2	0	2	3	multi_exon_only	0	0	0	0
41	AUNIP	2	0	2	3	multi_exon_only	0	0	0	0
42	RHD	2	0	2	2	multi_exon_only	0	0	0	0
43	AKR7A2	2	0	2	7	multi_exon_only	0	0	0	0
44	ENO1	2	0	2	7	multi_exon_only	0	0	0	0
45	ACTN3	4	0	4	19	multi_exon_only	0	0	0	0
46	LOC109026917	4	0	4	2	multi_exon_only	0	0	0	1
47	LOC115931588	2	0	2	2	multi_exon_only	0	0	0	0
48	ZNF92	41	0	41	2	multi_exon_only	0	0	0	0
49	CHIT1	2	0	2	3	multi_exon_only	0	0	0	0
50	LOC101144634	2	0	2	2	multi_exon_only	0	0	0	0
51	NEK7	2	0	2	2	multi_exon_only	0	0	0	0
52	LOC101141950	2	0	2	2	multi_exon_only	0	0	0	0
53	LOC101124243	2	0	2	11	multi_exon_only	0	0	0	0
54	NMNAT2	2	0	2	2	multi_exon_only	0	0	0	0
55	LOC101124778	3	0	3	2	multi_exon_only	0	0	0	0
56	FCGR2B	2	0	2	7	multi_exon_only	0	0	0	0
57	DEDD	2	0	2	6	multi_exon_only	0	0	0	0
58	LOC115930226	2	0	2	7	multi_exon_only	0	0	0	0
59	ATP1A2	2	0	2	23	multi_exon_only	0	0	0	0
60	LOC101138011	3	0	3	3	multi_exon_only	0	0	0	1
61	ANTXR2	2	0	2	2	multi_exon_only	0	0	0	0
62	HELQ	2	0	2	2	multi_exon_only	0	0	0	0
63	C3H4orf36	3	0	3	3	multi_exon_only	0	0	0	0
64	LOC129532854	7	0	7	2	multi_exon_only	0	0	0	0
65	ADH1B	2	0	2	9	multi_exon_only	0	0	0	0
66	DOK7	2	0	2	6	multi_exon_only	0	0	0	0
67	XRCC2	12	0	12	2	multi_exon_only	0	0	1	0
68	LOC129532907	9	0	9	2	multi_exon_only	0	0	0	1
69	BBS12	2	0	2	2	multi_exon_only	0	0	0	0
70	FGF2	2	0	2	3	multi_exon_only	0	0	0	0
71	LOC129533004	6	0	6	2	multi_exon_only	0	0	0	0
72	CRMP1	2	0	2	3	multi_exon_only	0	0	0	0
73	LOC101133249	11	0	11	2	multi_exon_only	0	0	0	0
74	TMEM128	7	0	7	5	multi_exon_only	0	0	0	0
75	LOC101125415	7	0	7	2	multi_exon_only	0	0	0	0
76	ETFDH	2	0	2	10	multi_exon_only	0	0	0	0
77	FRG1	11	0	11	2	multi_exon_only	0	0	1	0
78	LOC129532808	16	0	16	3	multi_exon_only	0	0	1	0
79	LOC129532807	3	0	3	2	multi_exon_only	0	0	1	0
80	LOC134758386	2	0	2	3	multi_exon_only	0	0	1	1
81	LOC129523511	5	0	5	7	multi_exon_only	0	0	1	0
82	FAM200A	6	0	6	2	multi_exon_only	0	0	0	0
83	LCORL	2	0	2	2	multi_exon_only	0	0	0	0
84	LOC101132889	2	0	2	2	multi_exon_only	0	0	0	0
85	LOC129532904	2	0	2	3	multi_exon_only	0	0	0	0
86	LOC109028376	14	0	14	2	multi_exon_only	0	0	0	0
87	RPL9	2	0	2	2	multi_exon_only	0	0	0	0
88	DCAF4L1	2	0	2	2	multi_exon_only	0	0	0	1
89	LNX1	2	0	2	9	multi_exon_only	0	0	0	0
90	ZNF595	3	0	3	2	multi_exon_only	0	0	0	0
91	LOC109027212	11	0	11	2	multi_exon_only	0	0	0	0
92	PDE6B	2	0	2	4	multi_exon_only	0	0	0	0
93	LOC134757313	8	0	8	2	multi_exon_only	0	0	0	0
94	SDAD1	2	0	2	2	multi_exon_only	0	0	0	0
95	IFITM1	7	0	7	2	multi_exon_only	0	0	0	0
96	ACTG1	2	0	2	6	multi_exon_only	0	0	0	0
97	LOC129533692	2	0	2	4	multi_exon_only	0	0	0	0
98	EPB41L4A	2	0	2	3	multi_exon_only	0	0	0	0
99	TNFAIP8	3	0	3	2	multi_exon_only	0	0	0	0
100	SLC22A4	2	0	2	10	multi_exon_only	0	0	0	0
101	TMCO6	2	0	2	3	multi_exon_only	0	0	0	0
102	WDR55	3	0	3	2	multi_exon_only	0	0	0	0
103	PCDHB2	8	0	8	2	multi_exon_only	0	0	0	7
104	LOC134758598	3	0	3	2	multi_exon_only	0	0	0	0
105	LOC101128585	3	0	3	2	multi_exon_only	0	0	0	0
106	LOC101140892	3	0	3	3	multi_exon_only	0	0	0	0
107	MIF4GD	2	0	2	5	multi_exon_only	0	0	0	0
108	THOC3	2	0	2	6	multi_exon_only	0	0	0	0
109	LOC134758618	10	0	10	2	multi_exon_only	0	1	1	0
110	RMND5B	2	0	2	4	multi_exon_only	0	0	0	0
111	ZNF354A	2	0	2	5	multi_exon_only	0	0	0	0
112	LOC129533419	2	0	2	9	multi_exon_only	0	0	0	0
113	LOC115933189	2	0	2	24	multi_exon_only	0	0	0	0
114	HNRNPH2	5	0	5	2	multi_exon_only	0	0	0	0
115	CANX	3	0	3	2	multi_exon_only	0	0	0	0
116	SQSTM1	2	0	2	7	multi_exon_only	0	0	0	0
117	CDC42EP4	4	0	4	2	multi_exon_only	0	0	0	0
118	VCF1	3	0	3	2	multi_exon_only	0	0	0	0
119	COG1	2	0	2	2	multi_exon_only	0	0	0	0
120	LRRC37A3	7	0	7	4	multi_exon_only	0	0	0	0
121	LOC101135518	3	0	3	7	multi_exon_only	0	0	1	0
122	FTSJ3	2	0	2	9	multi_exon_only	0	0	0	0
123	LOC101147326	2	0	2	3	multi_exon_only	0	0	0	0
124	METTL2A	2	0	2	7	multi_exon_only	0	0	0	0
125	TEX14	2	0	2	14	multi_exon_only	0	0	0	0
126	IGBP1C	2	0	2	2	multi_exon_only	0	0	0	0
127	SERINC4	5	0	5	2	multi_exon_only	0	0	0	0
128	MMD	2	0	2	2	multi_exon_only	0	0	0	0
129	LOC101154556	2	0	2	4	multi_exon_only	0	0	0	0
130	CEP295	2	0	2	2	multi_exon_only	0	0	0	0
131	TUBG2	2	0	2	11	multi_exon_only	0	0	0	0
132	LOC115933306	3	0	3	14	multi_exon_only	0	0	0	0
133	LOC101143714	2	0	2	3	multi_exon_only	0	0	0	0
134	LOC101143714	2	0	2	5	multi_exon_only	0	0	0	0
135	RPL41	2	0	2	3	multi_exon_only	0	0	0	0
136	LOC115934550	2	0	2	6	multi_exon_only	0	0	0	0
137	MYO18A	2	0	2	2	multi_exon_only	0	0	0	0
138	SLC46A1	2	0	2	5	multi_exon_only	0	0	0	0
139	IFT20	2	0	2	3	multi_exon_only	0	0	0	0
140	LOC101142859	2	0	2	2	multi_exon_only	0	0	0	0
141	UBC	6	0	6	2	multi_exon_only	0	0	0	0
142	LOC115932821	3	0	3	2	multi_exon_only	0	0	0	0
143	LOC115932787	2	0	2	4	multi_exon_only	0	0	0	0
144	LOC115932794	3	0	3	2	multi_exon_only	0	0	0	0
145	LOC109025320	5	0	5	2	multi_exon_only	0	0	0	0
146	LOC109026767	2	0	2	3	multi_exon_only	0	0	0	0
147	LOC109026769	2	0	2	12	multi_exon_only	0	0	0	0
148	TVP23B	2	0	2	7	multi_exon_only	0	0	0	0
149	FLCN	2	0	2	2	multi_exon_only	0	0	0	0
150	B3GNTL1	2	0	2	13	multi_exon_only	0	0	0	0
151	RASA1	2	0	2	9	multi_exon_only	0	0	0	0
152	RAB40B	2	0	2	6	multi_exon_only	0	0	0	0
153	NR2F1	2	0	2	2	multi_exon_only	0	0	0	0
154	ARB2A	2	0	2	2	multi_exon_only	0	0	0	0
155	AKIRIN2	2	0	2	2	multi_exon_only	0	0	0	0
156	ANKRD6	2	0	2	3	multi_exon_only	0	0	0	0
157	LOC101148313	2	0	2	3	multi_exon_only	0	0	1	0
158	RFX6	2	0	2	4	multi_exon_only	0	0	0	0
159	AKAP7	2	0	2	2	multi_exon_only	0	0	0	0
160	ULBP1	3	0	3	4	multi_exon_only	0	0	0	0
161	LOC109025132	3	0	3	11	multi_exon_only	0	0	1	0
162	TUBB2A	6	0	6	3	multi_exon_only	0	0	0	0
163	LOC109027217	6	0	6	2	multi_exon_only	0	0	0	4
164	AKR1C3	5	0	5	2	multi_exon_only	0	0	0	0
165	LOC101134115	2	0	2	6	multi_exon_only	0	0	0	0
166	LOC101136127	2	0	2	2	multi_exon_only	0	0	0	0
167	BTN2A2	2	0	2	8	multi_exon_only	0	0	0	0
168	BTN3A1	2	0	2	10	multi_exon_only	0	0	0	0
169	LOC129534200	2	0	2	3	multi_exon_only	0	0	1	0
170	LOC101151070	2	0	2	6	multi_exon_only	0	0	0	0
171	ZKSCAN4	2	0	2	5	multi_exon_only	0	0	0	0
172	LOC101150953	2	0	2	2	multi_exon_only	0	0	0	2
173	LOC109027174	7	0	7	4	multi_exon_only	0	0	0	0
174	HSPA1L	6	0	6	2	multi_exon_only	0	0	0	0
175	C4A	2	0	2	41	multi_exon_only	0	0	0	0
176	LOC115935014	3	0	3	6	multi_exon_only	0	0	0	0
177	TCP11	3	0	3	2	multi_exon_only	0	0	0	0
178	SAYSD1	3	0	3	2	multi_exon_only	0	0	0	0
179	ADGRF5	2	0	2	7	multi_exon_only	0	0	0	0
180	LOC101148684	4	0	4	7	multi_exon_only	0	0	0	0
181	SMAP1	2	0	2	4	multi_exon_only	0	0	0	0
182	KHDC1	2	0	2	3	multi_exon_only	0	0	0	0
183	EEF1A1	4	0	4	2	multi_exon_only	0	0	0	2
184	LOC115935379	4	0	4	2	multi_exon_only	0	0	0	0
185	FGL2	3	0	3	2	multi_exon_only	0	0	0	0
186	LOC129523494	6	0	6	4	multi_exon_only	0	0	1	0
187	HBP1	2	0	2	11	multi_exon_only	0	0	0	0
188	DLD	5	0	5	2	multi_exon_only	0	0	0	0
189	CADPS2	2	0	2	2	multi_exon_only	0	0	0	0
190	LOC115935294	2	0	2	15	multi_exon_only	0	0	0	0
191	LOC101143487	2	0	2	21	multi_exon_only	0	0	0	0
192	GPR37	2	0	2	2	multi_exon_only	0	0	0	0
193	EPPIN	3	0	3	2	multi_exon_only	0	0	0	0
194	AKR1B10	2	0	2	10	multi_exon_only	0	0	0	0
195	MKRN1	2	0	2	2	multi_exon_only	0	0	0	0
196	NDUFB2	2	0	2	2	multi_exon_only	0	0	0	0
197	RHEB	3	0	3	6	multi_exon_only	0	0	0	0
198	PTPRN2	2	0	2	2	multi_exon_only	0	0	0	0
199	STEAP1B	2	0	2	5	multi_exon_only	0	0	0	0
200	AVL9	2	0	2	2	multi_exon_only	0	0	0	0
201	FKBP9	2	0	2	4	multi_exon_only	0	0	0	0
202	YAE1	2	0	2	3	multi_exon_only	0	0	0	0
203	LOC115932679	2	0	2	2	multi_exon_only	0	0	0	0
204	LOC109027782	3	0	3	3	multi_exon_only	0	0	0	0
205	LOC129523646	2	0	2	2	multi_exon_only	0	0	1	0
206	LOC101133668	2	0	2	2	multi_exon_only	0	0	0	0
207	LOC129523899	2	0	2	2	multi_exon_only	0	0	0	1
208	LOC129523746	2	0	2	2	multi_exon_only	0	0	0	0
209	SBDS	2	0	2	5	multi_exon_only	0	0	0	0
210	LOC101126070	2	0	2	15	multi_exon_only	0	0	0	0
211	LOC101126070	3	0	3	7	multi_exon_only	0	0	0	0
212	DNAAF5	2	0	2	2	multi_exon_only	0	0	0	0
213	POM121	2	0	2	3	multi_exon_only	0	0	0	0
214	NSUN5	2	0	2	10	multi_exon_only	0	0	0	0
215	TRIM50	2	0	2	5	multi_exon_only	0	0	0	0
216	C6H7orf50	3	0	3	2	multi_exon_only	0	0	0	0
217	LOC115935268	2	0	2	4	multi_exon_only	0	0	0	0
218	IFT22	2	0	2	3	multi_exon_only	0	0	0	0
219	LOC101150976	2	0	2	2	multi_exon_only	0	0	0	0
220	LOC115935244	2	0	2	3	multi_exon_only	0	0	0	0
221	DPY19L4	2	0	2	2	multi_exon_only	0	0	0	0
222	VPS13B	2	0	2	4	multi_exon_only	0	0	0	0
223	UBR5	2	0	2	3	multi_exon_only	0	0	0	0
224	SQLE	2	0	2	11	multi_exon_only	0	0	0	0
225	LOC129524309	2	0	2	3	multi_exon_only	0	0	0	0
226	ZNF84	7	0	7	2	multi_exon_only	0	0	0	0
227	C7H8orf33	4	0	4	3	multi_exon_only	0	0	0	0
228	LOC129524028	2	0	2	10	multi_exon_only	0	0	0	0
229	LOC115935615	2	0	2	6	multi_exon_only	0	0	0	0
230	LOC101131852	2	0	2	2	multi_exon_only	0	0	0	0
231	RPL7	2	0	2	3	multi_exon_only	0	0	0	0
232	MSC	2	0	2	2	multi_exon_only	0	0	0	0
233	MCMDC2	2	0	2	4	multi_exon_only	0	0	0	0
234	CLN8	3	0	3	2	multi_exon_only	0	0	0	0
235	LIPK	2	0	2	2	multi_exon_only	0	0	0	0
236	LOC109028559	3	0	3	2	multi_exon_only	0	0	0	0
237	PPP1R3C	4	0	4	2	multi_exon_only	0	0	0	0
238	ZNF518A	3	0	3	2	multi_exon_only	0	0	0	0
239	PDCD4	2	0	2	4	multi_exon_only	0	0	0	0
240	PSTK	2	0	2	4	multi_exon_only	0	0	0	0
241	LOC115936027	2	0	2	9	multi_exon_only	0	0	0	0
242	LOC109028502	2	0	2	3	multi_exon_only	0	0	0	0
243	PPIF	2	0	2	6	multi_exon_only	0	0	0	0
244	LRMDA	2	0	2	2	multi_exon_only	0	0	0	0
245	DNAJC9	2	0	2	2	multi_exon_only	0	0	0	0
246	JMJD1C	2	0	2	2	multi_exon_only	0	0	0	0
247	CGREF1	5	0	5	2	multi_exon_only	0	0	0	0
248	FAM13C	2	0	2	5	multi_exon_only	0	0	0	0
249	LOC134759160	2	0	2	5	multi_exon_only	0	0	0	0
250	LOC101143404	2	0	2	4	multi_exon_only	0	0	0	1
251	LOC101143038	2	0	2	29	multi_exon_only	0	0	0	0
252	LOC101144261	2	0	2	8	multi_exon_only	0	0	0	0
253	ZNF239	3	0	3	2	multi_exon_only	0	0	0	0
254	ZNF33B	2	0	2	5	multi_exon_only	0	0	0	0
255	EPC1	2	0	2	2	multi_exon_only	0	0	0	0
256	LOC129525065	2	0	2	3	multi_exon_only	0	0	0	0
257	LOC101142918	2	0	2	5	multi_exon_only	0	0	0	0
258	GLUD1	2	0	2	2	multi_exon_only	0	0	0	1
259	SESN3	2	0	2	4	multi_exon_only	0	0	0	0
260	CEP57	2	0	2	11	multi_exon_only	0	0	0	0
261	NKAPD1	3	0	3	2	multi_exon_only	0	0	0	0
262	SORL1	3	0	3	9	multi_exon_only	0	0	0	0
263	LOC101154388	2	0	2	2	multi_exon_only	0	0	0	0
264	LOC134756487	2	0	2	2	multi_exon_only	0	0	0	0
265	LOC129525361	2	0	2	2	multi_exon_only	0	0	0	0
266	BMAL1	2	0	2	9	multi_exon_only	0	0	0	0
267	NUCB2	2	0	2	3	multi_exon_only	0	0	0	0
268	LOC115936279	3	0	3	7	multi_exon_only	0	0	0	0
269	TMEM223	2	0	2	2	multi_exon_only	0	0	0	0
270	ESRRA	2	0	2	3	multi_exon_only	0	0	0	0
271	EHD1	2	0	2	5	multi_exon_only	0	0	0	0
272	KAT5	2	0	2	4	multi_exon_only	0	0	0	0
273	RBM4	2	0	2	4	multi_exon_only	0	0	0	0
274	LOC129528956	4	0	4	2	multi_exon_only	0	0	0	0
275	LIPT2-AS1	3	0	3	2	multi_exon_only	0	0	0	0
276	FZD4	2	0	2	2	multi_exon_only	0	0	0	0
277	LOC129525965	4	0	4	2	multi_exon_only	0	0	0	0
278	GAS2L3	2	0	2	2	multi_exon_only	0	0	0	0
279	TDG	2	0	2	10	multi_exon_only	0	0	0	0
280	ACAD10	3	0	3	3	multi_exon_only	0	0	0	0
281	FBXO21	3	0	3	2	multi_exon_only	0	0	0	0
282	GATC	2	0	2	4	multi_exon_only	0	0	0	0
283	EP400	2	0	2	4	multi_exon_only	0	0	0	0
284	SLC6A12	2	0	2	2	multi_exon_only	0	0	0	0
285	ITFG2	2	0	2	6	multi_exon_only	0	0	0	0
286	TPI1	2	0	2	2	multi_exon_only	0	0	0	0
287	EMG1	2	0	2	6	multi_exon_only	0	0	0	0
288	SLC2A14	2	0	2	10	multi_exon_only	0	0	0	0
289	LOC115930232	3	0	3	7	multi_exon_only	0	0	1	0
290	LOC101131994	3	0	3	2	multi_exon_only	0	0	0	0
291	CDK4	2	0	2	5	multi_exon_only	0	0	0	0
292	MMP19	2	0	2	3	multi_exon_only	0	0	0	0
293	DNAJC14	2	0	2	4	multi_exon_only	0	0	0	0
294	HNRNPA1	2	0	2	5	multi_exon_only	0	0	0	0
295	KRT8	6	0	6	2	multi_exon_only	0	0	0	0
296	LOC101136203	2	0	2	9	multi_exon_only	0	0	0	0
297	TUBA1C	10	0	10	3	multi_exon_only	0	0	0	0
298	ALG10B	2	0	2	3	multi_exon_only	0	0	0	0
299	BICD1	2	0	2	2	multi_exon_only	0	0	0	0
300	AMN1	2	0	2	4	multi_exon_only	0	0	0	0
301	FAR2	2	0	2	2	multi_exon_only	0	0	0	0
302	KLHL42	2	0	2	2	multi_exon_only	0	0	0	0
303	KRAS	2	0	2	3	multi_exon_only	0	0	0	0
304	LOC109023855	2	0	2	2	multi_exon_only	0	0	0	0
305	RECQL	2	0	2	12	multi_exon_only	0	0	0	0
306	MDM2	2	0	2	2	multi_exon_only	0	0	0	0
307	GLIPR1	2	0	2	6	multi_exon_only	0	0	0	0
308	NAV3	2	0	2	2	multi_exon_only	0	0	0	0
309	SP140L	2	0	2	15	multi_exon_only	0	0	0	0
310	LOC101150533	3	0	3	2	multi_exon_only	0	0	0	0
311	SNED1	2	0	2	4	multi_exon_only	0	0	0	0
312	LOC101144552	4	0	4	4	multi_exon_only	0	0	1	0
313	LOC101151284	2	0	2	3	multi_exon_only	0	0	0	0
314	LOC129527809	3	0	3	2	multi_exon_only	0	0	0	0
315	LOC109025815	2	0	2	3	multi_exon_only	0	0	0	0
316	LOC101131416	2	0	2	8	multi_exon_only	0	0	0	0
317	LOC109025815	2	0	2	3	multi_exon_only	0	0	0	0
318	SP3	2	0	2	2	multi_exon_only	0	0	0	0
319	HNRNPA3	2	0	2	2	multi_exon_only	0	0	0	0
320	C11H2orf88	3	0	3	2	multi_exon_only	0	0	0	0
321	SUPT7L	2	0	2	6	multi_exon_only	0	0	0	0
322	RDH14	4	0	4	2	multi_exon_only	0	0	0	0
323	LRATD1	4	0	4	2	multi_exon_only	0	0	0	0
324	PDIA6	2	0	2	10	multi_exon_only	0	0	0	0
325	LOC115932956	2	0	2	2	multi_exon_only	0	0	0	0
326	ALKAL2	2	0	2	5	multi_exon_only	0	0	0	0
327	LOC129526471	4	0	4	7	multi_exon_only	0	0	0	0
328	LOC115932762	2	0	2	2	multi_exon_only	0	0	0	0
329	LOC134756761	3	0	3	4	multi_exon_only	0	0	0	0
330	LOC115933573	2	0	2	7	multi_exon_only	0	0	0	0
331	LOC101146690	3	0	3	6	multi_exon_only	0	0	0	0
332	ALDH1B1	4	0	4	2	multi_exon_only	0	0	0	0
333	LOC115933254	15	0	15	2	multi_exon_only	0	1	1	0
334	LOC101143875	4	0	4	2	multi_exon_only	0	0	0	0
335	ANKRD36C	2	0	2	3	multi_exon_only	0	0	0	0
336	ANKRD36C	2	0	2	37	multi_exon_only	0	0	0	0
337	RPL31	2	0	2	5	multi_exon_only	0	0	0	0
338	LOC109025754	4	0	4	2	multi_exon_only	0	0	0	0
339	LIMS1	2	0	2	9	multi_exon_only	0	0	0	0
340	LOC109025447	8	0	8	2	multi_exon_only	0	0	1	0
341	LOC134756433	2	0	2	3	multi_exon_only	0	0	0	0
342	LOC129524759	2	0	2	2	multi_exon_only	0	0	0	0
343	PUS10	2	0	2	3	multi_exon_only	0	0	0	0
344	FANCL	2	0	2	13	multi_exon_only	0	0	0	0
345	NIPSNAP3A	2	0	2	6	multi_exon_only	0	0	0	0
346	ABITRAM	2	0	2	6	multi_exon_only	0	0	0	0
347	TXN	2	0	2	2	multi_exon_only	0	0	0	1
348	SVEP1	2	0	2	6	multi_exon_only	0	0	0	0
349	LOC101124026	2	0	2	3	multi_exon_only	0	0	0	2
350	SLC31A2	2	0	2	4	multi_exon_only	0	0	0	0
351	ZBTB26	2	0	2	2	multi_exon_only	0	0	0	0
352	NTMT1	2	0	2	4	multi_exon_only	0	0	0	0
353	MED22	2	0	2	4	multi_exon_only	0	0	0	0
354	SURF2	2	0	2	6	multi_exon_only	0	0	0	0
355	LOC101139703	2	0	2	14	multi_exon_only	0	0	1	0
356	EXOSC3	2	0	2	4	multi_exon_only	0	0	0	0
357	ARHGEF39	2	0	2	5	multi_exon_only	0	0	0	0
358	SMIM27	2	0	2	2	multi_exon_only	0	0	0	0
359	LOC101137029	4	0	4	2	multi_exon_only	0	0	0	0
360	INSL6	3	0	3	2	multi_exon_only	0	0	0	0
361	ZFAND5	2	0	2	2	multi_exon_only	0	0	0	0
362	KIF27	2	0	2	5	multi_exon_only	0	0	0	0
363	DAPK1	2	0	2	7	multi_exon_only	0	0	0	0
364	LOC101145975	3	0	3	8	multi_exon_only	0	0	0	0
365	LOC134756941	2	0	2	4	multi_exon_only	0	0	0	2
366	CENPP	2	0	2	3	multi_exon_only	0	0	0	0
367	LAMP1	2	0	2	8	multi_exon_only	0	0	0	0
368	TFDP1	2	0	2	3	multi_exon_only	0	0	0	0
369	LOC134756951	2	0	2	7	multi_exon_only	0	0	0	0
370	LOC101132438	3	0	3	2	multi_exon_only	0	0	0	0
371	LOC129526427	2	0	2	2	multi_exon_only	0	0	0	0
372	LOC129527231	2	0	2	7	multi_exon_only	0	0	0	0
373	LOC129526088	2	0	2	5	multi_exon_only	0	0	0	0
374	LOC101137900	2	0	2	2	multi_exon_only	0	0	0	0
375	MPHOSPH8	2	0	2	3	multi_exon_only	0	1	1	0
376	PSPC1	2	0	2	4	multi_exon_only	0	0	0	0
377	ZDHHC20	2	0	2	2	multi_exon_only	0	0	0	0
378	POLR1D	2	0	2	2	multi_exon_only	0	0	0	0
379	BRCA2	2	0	2	11	multi_exon_only	0	0	0	0
380	AKAP11	2	0	2	5	multi_exon_only	0	0	0	0
381	TSC22D1	2	0	2	2	multi_exon_only	0	0	0	0
382	RCBTB2	2	0	2	2	multi_exon_only	0	0	0	0
383	CAB39L	2	0	2	2	multi_exon_only	0	0	0	0
384	WDFY2	2	0	2	2	multi_exon_only	0	0	0	0
385	ALG11	3	0	3	2	multi_exon_only	0	0	0	0
386	LOC109024800	2	0	2	5	multi_exon_only	0	0	0	0
387	CNIH1	2	0	2	3	multi_exon_only	0	0	0	0
388	LOC129531501	4	0	4	4	multi_exon_only	0	0	0	0
389	OBI1	3	0	3	2	multi_exon_only	0	0	0	0
390	ZC3H14	2	0	2	9	multi_exon_only	0	0	0	0
391	TDP1	2	0	2	2	multi_exon_only	0	0	0	0
392	NDUFB1	2	0	2	3	multi_exon_only	0	0	0	0
393	IFI27L1	2	0	2	2	multi_exon_only	0	0	0	0
394	AKT1	2	0	2	13	multi_exon_only	0	0	0	0
395	LOC129526706	2	0	2	3	multi_exon_only	0	0	0	0
396	LOC115933240	5	0	5	4	multi_exon_only	0	0	0	0
397	LOC109023154	6	0	6	2	multi_exon_only	0	0	0	0
398	ZNF426	2	0	2	2	multi_exon_only	0	0	0	0
399	SDR39U1	2	0	2	6	multi_exon_only	0	0	0	0
400	LTB4R2	2	0	2	6	multi_exon_only	0	0	0	0
401	LOC109023168	2	0	2	2	multi_exon_only	0	0	0	0
402	OXA1L	2	0	2	2	multi_exon_only	0	0	0	0
403	SUPT16H	3	0	3	2	multi_exon_only	0	0	0	0
404	LOC101124683	2	0	2	9	multi_exon_only	0	0	1	0
405	LOC109023386	7	0	7	2	multi_exon_only	0	0	1	0
406	RPL10L	2	0	2	4	multi_exon_only	0	0	0	0
407	TRIM9	2	0	2	2	multi_exon_only	0	0	0	0
408	RTRAF	2	0	2	8	multi_exon_only	0	0	0	0
409	LGALS3	2	0	2	6	multi_exon_only	0	0	0	0
410	ACOT4	5	0	5	2	multi_exon_only	0	0	0	0
411	LOC101143448	4	0	4	2	multi_exon_only	0	0	0	0
412	LOC115932683	2	0	2	23	multi_exon_only	0	0	1	0
413	LOC101152972	4	0	4	13	multi_exon_only	0	0	1	0
414	LOC101152610	4	0	4	6	multi_exon_only	0	0	0	0
415	LOC129527054	2	0	2	11	multi_exon_only	0	0	0	0
416	PARN	2	0	2	3	multi_exon_only	0	0	0	0
417	DEXI	4	0	4	2	multi_exon_only	0	0	0	0
418	LOC129527067	2	0	2	2	multi_exon_only	0	0	0	0
419	LOC129527071	3	0	3	18	multi_exon_only	0	0	0	0
420	EIF2AK4	2	0	2	5	multi_exon_only	0	0	0	0
421	LOC129527096	8	0	8	2	multi_exon_only	0	0	0	0
422	GCHFR	2	0	2	3	multi_exon_only	0	0	0	0
423	PAQR5	2	0	2	2	multi_exon_only	0	0	0	0
424	LOC129526912	3	0	3	2	multi_exon_only	0	0	0	0
425	IDH3A	2	0	2	11	multi_exon_only	0	0	0	0
426	TM6SF1	2	0	2	6	multi_exon_only	0	0	0	0
427	LOC115930840	2	0	2	3	multi_exon_only	0	0	0	0
428	LOC101136124	2	0	2	2	multi_exon_only	0	0	0	0
429	NFATC1	2	0	2	2	multi_exon_only	0	0	0	0
430	ZNF519	4	0	4	2	multi_exon_only	0	0	0	0
431	PSMG2	2	0	2	7	multi_exon_only	0	0	0	0
432	RAB31	2	0	2	2	multi_exon_only	0	0	0	0
433	MYL12B	2	0	2	4	multi_exon_only	0	0	0	0
434	LOC101130401	3	0	3	2	multi_exon_only	0	0	0	0
435	PDPR	4	0	4	7	multi_exon_only	0	0	0	0
436	LOC129527724	4	0	4	12	multi_exon_only	0	0	0	0
437	LOC129527725	2	0	2	6	multi_exon_only	0	0	0	0
438	CHST6	2	0	2	4	multi_exon_only	0	0	0	0
439	COTL1	2	0	2	2	multi_exon_only	0	0	0	0
440	ZCCHC14	2	0	2	2	multi_exon_only	0	0	0	0
441	CTU2	2	0	2	14	multi_exon_only	0	0	0	0
442	ZC3H7A	3	0	3	13	multi_exon_only	0	0	0	0
443	LOC134757427	6	0	6	2	multi_exon_only	0	0	0	0
444	LOC134757427	6	0	6	8	multi_exon_only	0	0	0	0
445	LOC101130854	3	0	3	13	multi_exon_only	0	0	1	0
446	SMG1	5	0	5	14	multi_exon_only	0	0	0	0
447	KNOP1	2	0	2	2	multi_exon_only	0	0	0	0
448	CDR2	4	0	4	8	multi_exon_only	0	0	0	0
449	KDM8	2	0	2	8	multi_exon_only	0	0	1	0
450	LOC129527614	2	0	2	8	multi_exon_only	0	0	1	0
451	MYH11	2	0	2	41	multi_exon_only	0	0	0	0
452	LOC101150079	2	0	2	8	multi_exon_only	0	0	0	0
453	SNX29	3	0	3	2	multi_exon_only	0	0	0	1
454	LOC129527341	2	0	2	9	multi_exon_only	0	0	0	0
455	LOC115931067	2	0	2	3	multi_exon_only	0	0	1	0
456	STUB1	2	0	2	7	multi_exon_only	0	0	0	0
457	MLST8	2	0	2	6	multi_exon_only	0	0	0	0
458	LOC134757436	2	0	2	2	multi_exon_only	0	0	0	0
459	LOC129523521	5	0	5	2	multi_exon_only	0	0	1	0
460	HCFC1R1	2	0	2	3	multi_exon_only	0	0	0	0
461	ZNF75A	2	0	2	6	multi_exon_only	0	0	0	0
462	SIAH1	3	0	3	2	multi_exon_only	0	0	0	0
463	RBL2	2	0	2	10	multi_exon_only	0	0	0	0
464	LOC115931015	2	0	2	14	multi_exon_only	0	0	0	0
465	LOC101128458	3	0	3	12	multi_exon_only	0	0	0	0
466	SLC7A6	2	0	2	5	multi_exon_only	0	0	0	0
467	ZFP90	2	0	2	2	multi_exon_only	0	0	0	0
468	CDH3	2	0	2	2	multi_exon_only	0	0	0	0
469	COG8	2	0	2	2	multi_exon_only	0	0	0	0
470	LOC134757440	2	0	2	2	multi_exon_only	0	0	0	0
471	DDX19B	2	0	2	12	multi_exon_only	0	0	0	0
472	ICE1	2	0	2	2	multi_exon_only	0	0	0	0
473	MRPL36	2	0	2	2	multi_exon_only	0	0	0	0
474	SDHA	4	0	4	6	multi_exon_only	0	0	0	0
475	SRR	2	0	2	8	multi_exon_only	0	0	0	0
476	LOC101144819	2	0	2	2	multi_exon_only	0	0	0	0
477	TRPV3	2	0	2	2	multi_exon_only	0	0	0	0
478	CXCL16	2	0	2	3	multi_exon_only	0	0	0	0
479	ZNF594	3	0	3	2	multi_exon_only	0	0	0	0
480	TXNDC17	2	0	2	4	multi_exon_only	0	0	0	0
481	MPDU1-AS1	2	0	2	2	multi_exon_only	0	0	0	0
482	NAA38	2	0	2	2	multi_exon_only	0	0	0	0
483	LOC134757577	2	0	2	2	multi_exon_only	0	0	0	0
484	MYH8	2	0	2	14	multi_exon_only	0	0	0	0
485	LOC129527921	2	0	2	2	multi_exon_only	0	0	0	0
486	DIMT1	2	0	2	12	multi_exon_only	0	0	0	0
487	PLPP1	2	0	2	6	multi_exon_only	0	0	0	0
488	ITGA1	2	0	2	2	multi_exon_only	0	0	0	0
489	LOC109023803	2	0	2	2	multi_exon_only	0	0	0	0
490	SELENOP	2	0	2	5	multi_exon_only	0	0	0	0
491	PDZD2	2	0	2	2	multi_exon_only	0	0	0	0
492	CPLANE1	2	0	2	8	multi_exon_only	0	0	1	0
493	LRRC8E	2	0	2	2	multi_exon_only	0	0	0	0
494	ECSIT	3	0	3	2	multi_exon_only	0	0	0	0
495	ZNF823	7	0	7	2	multi_exon_only	0	0	0	0
496	ZNF440	8	0	8	2	multi_exon_only	0	0	0	0
497	TRMT1	2	0	2	2	multi_exon_only	0	0	0	0
498	ZNF565	2	0	2	4	multi_exon_only	0	0	0	0
499	LOC101127631	2	0	2	4	multi_exon_only	0	0	0	0
500	LOC101130137	2	0	2	5	multi_exon_only	0	0	0	0
501	EID2B	2	0	2	3	multi_exon_only	0	0	0	0
502	ZNF780B	2	0	2	5	multi_exon_only	0	0	0	0
503	ZNF221	11	0	11	2	multi_exon_only	0	0	0	0
504	POLR1G	2	0	2	3	multi_exon_only	0	0	0	0
505	CCDC8	2	0	2	2	multi_exon_only	0	0	0	0
506	ZNF473	2	0	2	2	multi_exon_only	0	0	0	0
507	ZNF841	3	0	3	4	multi_exon_only	0	0	0	0
508	LOC101144471	2	0	2	4	multi_exon_only	0	0	0	0
509	ZNF528	2	0	2	5	multi_exon_only	0	0	0	0
510	OSBPL10	18	0	18	2	multi_exon_only	0	0	0	0
511	FSTL3	2	0	2	2	multi_exon_only	0	0	0	0
512	LOC101126065	2	0	2	5	multi_exon_only	0	0	0	0
513	NLRP7	2	0	2	8	multi_exon_only	0	0	0	0
514	RFPL4A	5	0	5	2	multi_exon_only	0	0	0	0
515	ZSCAN5B	3	0	3	5	multi_exon_only	0	0	1	0
516	ZNF264	3	0	3	4	multi_exon_only	0	0	0	0
517	ZNF547	2	0	2	2	multi_exon_only	0	0	0	0
518	LOC101124732	6	0	6	2	multi_exon_only	0	0	0	0
519	ZNF74	5	0	5	2	multi_exon_only	0	0	0	0
520	ZNF324	3	0	3	2	multi_exon_only	0	0	0	0
521	LOC101129558	2	0	2	6	multi_exon_only	0	0	0	0
522	NAA20	2	0	2	6	multi_exon_only	0	0	0	0
523	NFS1	2	0	2	3	multi_exon_only	0	0	0	0
524	PHF20	2	0	2	2	multi_exon_only	0	0	0	0
525	NEURL2	2	0	2	2	multi_exon_only	0	0	0	0
526	TP53RK	2	0	2	2	multi_exon_only	0	0	0	0
527	LOC129529112	2	0	2	2	multi_exon_only	0	0	0	0
528	NELFCD	2	0	2	6	multi_exon_only	0	0	0	0
529	LOC115933187	2	0	2	7	multi_exon_only	0	0	0	0
530	LOC129530473	2	0	2	2	multi_exon_only	0	0	1	0
531	LOC101142904	2	0	2	3	multi_exon_only	0	0	1	0
532	LOC129530550	4	0	4	2	multi_exon_only	0	0	0	0
533	LOC129530478	3	0	3	3	multi_exon_only	0	0	0	0
534	VPS26C	2	0	2	2	multi_exon_only	0	0	0	0
535	PTTG1IP	2	0	2	2	multi_exon_only	0	0	0	0
536	LOC101143381	2	0	2	2	multi_exon_only	0	0	0	0
537	ASMTL	2	0	2	2	multi_exon_only	0	0	0	0
538	TCEAL2	2	0	2	3	multi_exon_only	0	0	0	0
539	TCEAL6	3	0	3	3	multi_exon_only	0	0	0	0
540	LOC129523474	3	0	3	20	multi_exon_only	0	0	1	0
541	GPRASP2	2	0	2	5	multi_exon_only	0	0	0	0
542	BEX1	2	0	2	3	multi_exon_only	0	0	0	0
543	ZCCHC18	2	0	2	3	multi_exon_only	0	0	0	0
544	CD99	2	0	2	10	multi_exon_only	0	0	0	0
545	TSC22D3	2	0	2	2	multi_exon_only	0	0	0	0
546	DCAF12L2	2	0	2	2	multi_exon_only	0	0	0	0
547	EOLA1	2	0	2	5	multi_exon_only	0	0	0	0
548	LOC129530018	2	0	2	3	multi_exon_only	0	0	1	0
549	LOC129530020	2	0	2	3	multi_exon_only	0	0	0	0
550	MAGEA12	11	0	11	2	multi_exon_only	0	1	1	0
551	PNMA6E	3	0	3	2	multi_exon_only	0	0	0	0
552	IKBKG	2	0	2	8	multi_exon_only	0	0	1	0
553	LOC129529790	5	0	5	2	multi_exon_only	0	0	0	0
554	ZFX	2	0	2	8	multi_exon_only	0	0	0	0
555	MAGEB6B	2	0	2	2	multi_exon_only	0	0	0	0
556	LOC101152062	3	0	3	2	multi_exon_only	0	0	0	0
557	USP9X	2	0	2	11	multi_exon_only	0	0	0	0
558	DDX3X	2	0	2	17	multi_exon_only	0	0	0	0
559	LOC101151343	3	0	3	8	multi_exon_only	0	0	1	0
560	LOC129529765	9	0	9	5	multi_exon_only	0	0	1	0
561	NUDT10	2	0	2	2	multi_exon_only	0	0	0	0
562	LOC101146541	2	0	2	13	multi_exon_only	0	0	0	0
563	LOC115932194	2	0	2	4	multi_exon_only	0	0	1	0
564	KDM5C	2	0	2	26	multi_exon_only	0	0	0	0
565	TSR2	2	0	2	5	multi_exon_only	0	0	0	0
566	FAM236B	2	0	2	3	multi_exon_only	0	0	1	0
567	LOC129530205	9	0	9	5	multi_exon_only	0	0	0	0
568	LOC129530250	2	0	2	7	multi_exon_only	0	0	0	0
569	LOC129530275	4	0	4	6	multi_exon_only	0	0	1	0
570	CRYBG3	2	0	2	4	multi_exon_only	0	0	0	0
571	LOC109026206	2	0	2	2	multi_exon_only	0	0	0	0
572	TRNT1	2	0	2	8	multi_exon_only	0	0	0	0
573	ARHGAP31	2	0	2	2	multi_exon_only	0	0	0	0
574	GSK3B	2	0	2	2	multi_exon_only	0	0	0	0
575	CCDC14	2	0	2	2	multi_exon_only	0	0	0	0
576	LOC101127338	2	0	2	5	multi_exon_only	0	0	0	0
577	OSBPL11	2	0	2	2	multi_exon_only	0	0	0	0
578	PLXND1	2	0	2	2	multi_exon_only	0	0	0	0
579	RAB6B	2	0	2	2	multi_exon_only	0	0	0	0
580	MRPS22	2	0	2	8	multi_exon_only	0	0	0	0
581	ZBTB38	4	0	4	2	multi_exon_only	0	0	0	0
582	TSC22D2	2	0	2	2	multi_exon_only	0	0	0	0
583	SEC62	2	0	2	2	multi_exon_only	0	0	0	0
584	ACTL6A	2	0	2	7	multi_exon_only	0	0	0	0
585	SOX2	2	0	2	2	multi_exon_only	0	0	0	2
586	RNF168	2	0	2	2	multi_exon_only	0	0	0	0
587	MKRN2	2	0	2	8	multi_exon_only	0	0	0	0
588	CAND2	2	0	2	4	multi_exon_only	0	0	0	0
589	UBE2E1	2	0	2	5	multi_exon_only	0	0	0	0
590	RBMS3	2	0	2	2	multi_exon_only	0	0	0	0
591	LIMD1	2	0	2	2	multi_exon_only	0	0	0	0
592	SETD2	2	0	2	2	multi_exon_only	0	0	0	0
593	LOC109026268	3	0	3	2	multi_exon_only	0	0	0	0
594	PRKAR2A	2	0	2	2	multi_exon_only	0	0	0	0
595	TASOR	2	0	2	2	multi_exon_only	0	0	0	0
596	BCL2L13	2	0	2	2	multi_exon_only	0	0	0	0
597	DGCR6	2	0	2	5	multi_exon_only	0	0	0	0
598	PI4KA	2	0	2	10	multi_exon_only	0	0	0	0
599	LOC101132434	4	0	4	6	multi_exon_only	0	0	0	0
600	UBE2L3	2	0	2	2	multi_exon_only	0	0	0	0
601	LOC101141165	2	0	2	4	multi_exon_only	0	0	0	0
602	OSBP2	4	0	4	2	multi_exon_only	0	0	0	0
603	APOBEC3D	3	0	3	4	multi_exon_only	0	0	0	0
604	SERHL2	2	0	2	6	multi_exon_only	0	0	0	0
605	LOC101144484	2	0	2	3	multi_exon_only	0	0	0	0
606	NCAPH2	2	0	2	2	multi_exon_only	0	0	0	0
