family_id	n_members	graph_score	core_cols	n_scored
FAM0	250	0.008	6	30
FAM1	114	0.009	8	30
FAM2	72	0.011	7	30
FAM3	47	0.601	452	30
FAM4	45	0.076	124	30
FAM5	45	1.0	1269	30
FAM6	34	1.0	1395	30
FAM7	32	0.848	601	30
FAM8	29	0.009	15	29
FAM9	29	0.019	19	29
FAM10	27	0.017	48	27
FAM11	26	0.005	14	26
FAM12	26	0.064	42	26
FAM13	25	1.0	666	25
FAM14	23	0.37	950	23
FAM15	23	0.005	8	23
FAM16	22	0.052	267	22
FAM17	21	0.035	31	21
FAM18	21	0.129	63	21
FAM19	21	0.046	93	21
FAM20	20	0.132	188	20
FAM21	19	0.046	224	19
FAM22	19	0.019	76	18
FAM23	18	0.068	65	18
FAM24	17	0.071	62	17
FAM25	17	0.073	40	17
FAM26	17	0.008	26	16
FAM27	17	0.063	73	17
FAM28	17	0.19	66	17
FAM29	17	0.004	19	17
FAM30	16	0.04	86	16
FAM31	16	0.008	13	15
FAM32	16	0.04	41	16
FAM33	16	0.206	145	16
FAM34	16	0.078	49	16
FAM35	15	0.019	83	15
FAM36	15	0.528	1121	15
FAM37	15	0.046	53	15
FAM38	15	0.024	44	15
FAM39	14	0.172	188	14
FAM40	14	0.842	399	14
FAM41	14	0.12	68	14
FAM42	14	0.24	388	14
FAM43	14	0.308	132	14
FAM44	13	0.025	60	13
FAM45	13	0.259	151	13
FAM46	13	0.035	63	13
FAM47	12	0.296	444	12
FAM48	12	0.58	205	12
FAM49	12	1.006	996	11
FAM50	11	1.035	119	11
FAM51	11	0.808	1018	11
FAM52	11	0.596	567	11
FAM53	11	0.032	68	11
FAM54	11	0.084	46	11
FAM55	11	0.119	47	11
FAM56	11	0.008	18	11
FAM57	11	0.166	52	11
FAM58	10	0.393	527	10
FAM59	10	0.931	778	10
FAM60	10	0.069	571	10
FAM61	10	0.059	118	10
FAM62	10	0.893	1189	10
FAM63	10	0.014	25	10
FAM64	10	0.039	157	10
FAM65	10	0.016	26	10
FAM66	10	0.13	46	10
FAM67	10	0.217	153	10
FAM68	10	0.061	87	10
FAM69	9	0.326	1570	9
FAM70	9	0.089	114	9
FAM71	9	0.135	146	9
FAM72	9	0.952	660	9
FAM73	9	0.032	68	9
FAM74	9	0.021	32	9
FAM75	9	0.929	589	9
FAM76	9	0.144	371	9
FAM77	9	0.116	58	9
FAM78	9	0.055	93	9
FAM79	9	0.043	81	9
FAM80	8	0.916	1118	8
FAM81	8	0.064	156	8
FAM82	8	1.05	681	8
FAM83	8	0.347	2089	8
FAM84	8	0.106	292	8
FAM85	8	0.578	275	8
FAM86	8	0.343	245	8
FAM87	8	0.087	151	8
FAM88	8	0.561	1267	8
FAM89	8	0.181	255	8
FAM90	8	0.186	192	8
FAM91	7	0.623	2355	7
FAM92	7	0.084	179	7
FAM93	7	0.44	780	7
FAM94	7	0.128	208	7
FAM95	7	0.59	601	7
FAM96	7	0.548	519	7
FAM97	7	0.19	83	7
FAM98	7	0.313	387	7
FAM99	7	0.013	98	7
FAM100	7	0.088	321	7
FAM101	7	0.498	670	7
FAM102	7	0.066	185	7
FAM103	7	0.327	465	7
FAM104	7	0.201	78	7
FAM105	7	0.127	211	7
FAM106	7	0.041	74	7
FAM107	7	0.134	311	7
FAM108	7	0.907	362	7
FAM109	7	0.245	211	7
FAM110	7	0.077	54	7
FAM111	7	0.137	290	7
FAM112	7	0.328	114	7
FAM113	7	0.423	745	7
FAM114	6	1.0	1140	6
FAM115	6	1.097	1213	6
FAM116	6	0.488	284	6
FAM117	6	0.452	977	6
FAM118	6	0.206	785	6
FAM119	6	0.07	124	6
FAM120	6	0.114	488	5
FAM121	6	0.558	501	6
FAM122	6	0.08	965	6
FAM123	6	0.076	218	6
FAM124	6	0.146	408	6
FAM125	6	0.574	397	6
FAM126	6	0.677	556	6
FAM127	6	0.767	1361	6
FAM128	6	0.012	46	6
FAM129	6	0.938	1487	6
FAM130	6	0.072	157	6
FAM131	6	0.797	1259	6
FAM132	6	0.05	97	6
FAM133	6	0.607	489	6
FAM134	6	0.067	57	6
FAM135	6	0.102	150	6
FAM136	6	0.239	582	6
FAM137	6	0.584	748	6
FAM138	6	0.55	902	6
FAM139	6	0.178	120	6
FAM140	6	0.521	182	6
FAM141	6	0.03	99	6
FAM142	6	0.893	677	6
FAM143	6	0.052	107	6
FAM144	6	0.123	313	6
FAM145	6	0.14	295	6
FAM146	6	0.379	563	6
FAM147	6	1.038	436	6
FAM148	6	0.147	239	6
FAM149	6	0.044	91	5
FAM150	6	0.099	238	6
FAM151	6	0.436	175	6
FAM152	6	0.968	883	6
FAM153	6	0.194	187	6
FAM154	6	0.113	681	6
FAM155	6	0.041	152	6
FAM156	5	0.029	60	5
FAM157	5	0.1	177	5
FAM158	5	0.151	329	5
FAM159	5	0.555	2024	5
FAM160	5	0.028	84	5
FAM161	5	0.203	676	5
FAM162	5	0.024	49	5
FAM163	5	0.011	57	5
FAM164	5	1.0	573	5
FAM165	5	1.0	1394	5
FAM166	5	0.571	588	5
FAM167	5	0.612	506	5
FAM168	5	0.179	495	5
FAM169	5	0.094	48	5
FAM170	5	1.0	1191	5
FAM171	5	0.09	124	5
FAM172	5	0.423	484	5
FAM173	5	0.403	201	5
FAM174	5	0.825	273	5
FAM175	5	0.982	769	5
FAM176	5	0.915	561	5
FAM177	5	0.148	111	5
FAM178	5	0.249	156	5
FAM179	5	1.02	803	5
FAM180	5	0.156	66	5
FAM181	5	0.544	237	5
FAM182	5	0.049	105	5
FAM183	5	0.86	405	5
FAM184	5	0.747	340	5
FAM185	5	0.298	294	5
FAM186	5	0.013	20	5
FAM187	5	0.052	63	5
FAM188	5	0.828	303	5
FAM189	5	0.051	144	5
FAM190	5	0.058	40	5
FAM191	5	0.593	201	5
FAM192	5	0.452	957	5
FAM193	5	0.43	220	5
FAM194	4	0.538	1882	4
FAM195	4	0.035	89	4
FAM196	4	1.0	2205	4
FAM197	4	0.141	387	4
FAM198	4	0.576	1206	4
FAM199	4	0.066	161	4
FAM200	4	0.154	478	4
FAM201	4	0.696	940	4
FAM202	4	1.181	1635	4
FAM203	4	1.0	939	4
FAM204	4	0.515	663	4
FAM205	4	0.776	455	4
FAM206	4	1.184	447	4
FAM207	4	0.65	258	4
FAM208	4	0.608	3011	4
FAM209	4	0.069	333	4
FAM210	4	0.701	6154	3
FAM211	4	0.515	1624	4
FAM212	4	0.537	751	4
FAM213	4	0.262	370	4
FAM214	4	0.066	220	4
FAM215	4	0.857	1653	4
FAM216	4	0.569	457	4
FAM217	4	0.667	7523	2
FAM218	4	0.202	900	4
FAM219	4	0.253	1038	4
FAM220	4	0.223	837	4
FAM221	4	1.018	522	4
FAM222	4	0.055	162	4
FAM223	4	0.922	941	4
FAM224	4	0.744	548	4
FAM225	4	0.353	268	4
FAM226	4	0.515	1421	4
FAM227	4	1.005	1315	4
FAM228	4	0.601	1403	4
FAM229	4	0.375	912	4
FAM230	4	0.008	39	3
FAM231	4	0.379	327	4
FAM232	4	0.405	537	4
FAM233	4	0.095	465	4
FAM234	4	1.112	546	4
FAM235	4	0.727	1314	4
FAM236	4	0.023	43	4
FAM237	4	0.398	329	4
FAM238	4	0.227	497	4
FAM239	4	0.373	322	4
FAM240	4	0.811	655	4
FAM241	4	0.979	535	4
FAM242	4	0.118	55	4
FAM243	4	0.653	811	4
FAM244	4	0.054	183	4
FAM245	4	0.284	303	4
FAM246	4	0.166	467	4
FAM247	4	0.503	1172	4
FAM248	4	0.075	119	4
FAM249	4	0.977	2326	4
FAM250	4	0.637	391	4
FAM251	4	0.601	448	4
FAM252	4	0.399	709	4
FAM253	4	0.179	1353	4
FAM254	4	0.029	86	4
FAM255	4	0.82	1677	4
FAM256	4	0.444	601	4
FAM257	4	0.134	131	4
FAM258	4	0.712	1548	4
FAM259	4	0.103	232	4
FAM260	4	0.339	195	4
FAM261	4	0.583	238	4
FAM262	4	0.178	239	4
FAM263	4	0.505	474	4
FAM264	4	0.356	454	4
FAM265	4	0.818	311	4
FAM266	4	0.657	948	4
FAM267	4	0.211	553	4
FAM268	4	1.001	416	4
FAM269	4	0.177	610	4
FAM270	4	0.084	213	4
FAM271	4	0.352	1278	4
FAM272	4	0.431	298	4
FAM273	4	0.564	840	4
FAM274	4	0.692	393	4
FAM275	4	1.082	119	4
FAM276	4	0.709	381	4
FAM277	4	0.388	230	4
FAM278	4	0.091	107	4
FAM279	4	0.993	365	4
FAM280	4	0.327	437	4
FAM281	4	0.174	761	4
FAM282	4	0.068	99	4
FAM283	4	0.088	240	4
FAM284	4	0.09	807	4
FAM285	4	0.192	489	4
FAM286	4	0.12	325	4
FAM287	3	0.147	1230	3
FAM288	3	0.823	7551	3
FAM289	3	0.033	149	3
FAM290	3	0.178	748	3
FAM291	3	0.721	2018	3
FAM292	3	0.293	1886	3
FAM293	3	1.0	1684	3
FAM294	3	1.0	1426	3
FAM295	3	0.048	78	3
FAM296	3	0.23	933	3
FAM297	3	0.473	707	3
FAM298	3	0.315	722	3
FAM299	3	0.609	627	3
FAM300	3	0.862	755	3
FAM301	3	1.0	623	3
FAM302	3	0.703	463	3
FAM303	3	0.078	371	3
FAM304	3	0.053	117	3
FAM305	3	0.734	376	3
FAM306	3	0.532	1699	3
FAM307	3	0.166	601	3
FAM308	3	0.544	1348	3
FAM309	3	0.835	1398	3
FAM310	3	0.69	1551	3
FAM311	3	0.121	262	3
FAM312	3	0.028	63	3
FAM313	3	0.86	3157	3
FAM314	3	0.427	2464	3
FAM315	3	0.653	824	3
FAM316	3	0.055	41	3
FAM317	3	0.643	2488	3
FAM318	3	0.705	957	3
FAM319	3	0.147	321	3
FAM320	3	0.724	471	3
FAM321	3	0.159	395	3
FAM322	3	0.347	177	3
FAM323	3	0.032	233	3
FAM324	3	0.922	1903	3
FAM325	3	0.755	710	3
FAM326	3	0.63	274	3
FAM327	3	0.126	64	3
FAM328	3	0.179	1895	3
FAM329	3	0.922	3057	3
FAM330	3	0.273	761	3
FAM331	3	0.026	80	3
FAM332	3	0.516	959	3
FAM333	3	0.266	814	3
FAM334	3	0.027	68	3
FAM335	3	0.032	123	3
FAM336	3	0.443	1262	3
FAM337	3	0.226	460	3
FAM338	3	0.227	829	3
FAM339	3	0.318	1495	3
FAM340	3	0.097	224	3
FAM341	3	0.147	220	3
FAM342	3	0.026	139	3
FAM343	3	0.642	927	3
FAM344	3	0.996	1156	3
FAM345	3	0.477	622	3
FAM346	3	0.7	3047	3
FAM347	3	0.666	1191	3
FAM348	3	0.344	891	3
FAM349	3	0.652	301	3
FAM350	3	0.371	1096	3
FAM351	3	0.397	482	3
FAM352	3	0.658	346	3
FAM353	3	0.226	934	3
FAM354	3	0.594	834	3
FAM355	3	0.139	92	3
FAM356	3	0.887	1282	3
FAM357	3	0.908	1546	3
FAM358	3	0.502	899	3
FAM359	3	0.162	175	3
FAM360	3	0.332	529	3
FAM361	3	0.028	213	3
FAM362	3	0.122	209	3
FAM363	3	0.802	959	3
FAM364	3	0.455	1089	3
FAM365	3	0.198	208	3
FAM366	3	0.134	341	3
FAM367	3	0.786	1358	3
FAM368	3	0.59	729	3
FAM369	3	0.055	77	3
FAM370	3	0.091	126	3
FAM371	3	0.669	1320	3
FAM372	3	0.949	1616	3
FAM373	3	0.274	947	3
FAM374	3	0.021	78	3
FAM375	3	0.137	202	3
FAM376	3	0.391	1097	3
FAM377	3	0.94	520	3
FAM378	3	0.778	747	3
FAM379	3	0.161	93	3
FAM380	3	0.389	965	3
FAM381	3	0.24	522	3
FAM382	3	0.432	552	3
FAM383	3	0.375	262	3
FAM384	3	0.167	363	3
FAM385	3	0.252	238	3
FAM386	3	0.676	563	3
FAM387	3	0.197	213	3
FAM388	3	0.876	494	3
FAM389	3	0.09	152	3
FAM390	3	1.012	252	3
FAM391	3	0.701	696	3
FAM392	3	1.005	992	3
FAM393	3	0.095	73	3
FAM394	3	0.03	53	3
FAM395	3	0.247	373	3
FAM396	3	0.047	67	3
FAM397	3	0.122	396	3
FAM398	3	0.998	640	3
FAM399	3	0.479	1919	3
FAM400	3	0.864	1130	3
FAM401	3	0.481	444	3
FAM402	3	0.405	2062	3
FAM403	3	0.746	1640	3
FAM404	3	0.457	1292	3
FAM405	3	0.096	54	3
FAM406	3	0.4	907	3
FAM407	3	0.604	326	3
FAM408	3	0.489	840	3
FAM409	3	0.523	445	3
FAM410	3	0.512	889	3
FAM411	3	0.062	141	3
FAM412	3	0.825	974	3
FAM413	3	0.314	369	3
FAM414	3	0.246	182	3
FAM415	3	0.867	396	3
FAM416	3	0.542	300	3
FAM417	3	0.643	1614	3
FAM418	3	0.04	95	3
FAM419	3	0.378	403	3
FAM420	3	0.396	451	3
FAM421	3	0.975	667	3
FAM422	3	0.526	211	3
FAM423	3	0.259	807	3
FAM424	3	1.002	1279	3
FAM425	3	0.519	894	3
FAM426	3	0.037	48	3
FAM427	3	0.643	268	3
FAM428	3	0.093	270	3
FAM429	3	0.085	51	3
FAM430	3	0.439	913	3
FAM431	3	0.909	390	3
FAM432	3	0.414	597	3
FAM433	3	1.0	461	3
FAM434	3	0.801	1644	3
FAM435	3	0.261	554	3
FAM436	3	0.19	866	3
FAM437	3	0.261	617	3
FAM438	3	0.302	238	3
FAM439	3	0.668	391	3
FAM440	3	0.988	818	3
FAM441	3	0.573	386	3
FAM442	3	0.594	269	3
FAM443	3	0.075	119	3
FAM444	3	0.346	867	3
FAM445	3	0.417	1400	3
FAM446	3	0.444	668	3
FAM447	3	0.365	938	3
FAM448	3	0.513	1266	3
FAM449	3	0.406	710	3
FAM450	3	0.573	2998	3
FAM451	3	0.909	848	3
FAM452	3	0.182	267	3
FAM453	3	0.176	523	3
FAM454	3	0.22	655	3
FAM455	3	0.118	191	3
FAM456	3	0.894	279	3
FAM457	3	0.146	438	3
FAM458	3	0.365	794	3
FAM459	3	0.327	926	3
FAM460	3	1.0	435	3
FAM461	3	0.464	288	3
FAM462	3	0.023	45	3
FAM463	3	0.04	77	3
FAM464	3	0.197	254	3
FAM465	3	0.043	70	3
FAM466	3	0.05	88	3
FAM467	3	0.33	270	3
FAM468	3	0.077	93	3
FAM469	3	0.142	343	3
FAM470	3	0.489	956	3
FAM471	3	0.53	697	3
FAM472	3	0.304	542	3
FAM473	3	0.038	133	3
FAM474	3	0.351	336	3
FAM475	3	0.204	899	3
FAM476	3	0.274	488	3
FAM477	3	0.283	488	3
FAM478	3	1.065	115	3
FAM479	3	0.313	640	3
FAM480	3	0.306	303	3
FAM481	3	0.274	397	3
FAM482	3	0.458	844	3
FAM483	3	0.203	909	3
FAM484	3	0.259	452	3
FAM485	3	0.193	846	3
FAM486	3	0.035	94	3
FAM487	3	0.047	53	3
FAM488	3	0.112	68	3
FAM489	3	0.781	550	3
FAM490	3	0.39	365	3
FAM491	3	0.254	239	3
FAM492	2	0.943	6905	2
FAM493	2	0.989	7769	2
FAM494	2	0.891	4945	2
FAM495	2	0.673	4550	2
FAM496	2	0.937	3959	2
FAM497	2	0.733	4011	2
FAM498	2	0.545	2826	2
FAM499	2	1.0	3405	2
FAM500	2	0.987	3575	2
FAM501	2	0.608	3171	2
FAM502	2	1.0	2888	2
FAM503	2	1.0	2789	2
FAM504	2	0.695	2589	2
FAM505	2	0.907	2415	2
FAM506	2	0.243	1995	2
FAM507	2	1.0	2067	2
FAM508	2	0.712	2096	2
FAM509	2	0.013	51	2
FAM510	2	0.639	1823	2
FAM511	2	0.822	1927	2
FAM512	2	0.465	1764	2
FAM513	2	0.122	632	2
FAM514	2	0.007	26	2
FAM515	2	0.998	1772	2
FAM517	2	0.259	1307	2
FAM518	2	0.594	1559	2
FAM519	2	0.731	1573	2
FAM520	2	0.558	1414	2
FAM521	2	0.991	1490	2
FAM522	2	0.998	1396	2
FAM523	2	0.943	1326	2
FAM524	2	0.442	1365	2
FAM525	2	0.998	1292	2
FAM526	2	0.27	1193	2
FAM527	2	0.444	1207	2
FAM528	2	0.172	736	2
FAM529	2	0.307	919	2
FAM530	2	0.28	1035	2
FAM531	2	0.413	821	2
FAM532	2	0.912	922	2
FAM533	2	0.437	954	2
FAM534	2	1.0	830	2
FAM535	2	0.564	789	2
FAM536	2	1.0	809	2
FAM537	2	0.008	24	2
FAM538	2	0.672	591	2
FAM539	2	0.222	734	2
FAM540	2	0.219	728	2
FAM541	2	0.103	366	2
FAM542	2	0.326	663	2
FAM543	2	0.257	595	2
FAM544	2	0.709	424	2
FAM545	2	0.14	532	2
FAM546	2	1.0	557	2
FAM547	2	0.147	1125	2
FAM548	2	1.0	474	2
FAM549	2	0.198	495	2
FAM550	2	0.97	469	2
FAM551	2	0.28	481	2
FAM552	2	0.158	507	2
FAM553	2	0.026	24	2
FAM554	2	0.294	371	2
FAM555	2	1.0	312	2
FAM556	2	0.072	213	2
FAM557	2	0.586	180	2
FAM558	2	0.098	113	2
FAM559	2	0.097	110	2
FAM560	2	0.308	111	2
FAM561	2	0.217	104	2
FAM562	2	0.103	107	2
FAM564	2	0.756	4463	2
FAM565	2	0.917	5238	2
FAM566	2	0.273	888	2
FAM567	2	0.706	2722	2
FAM568	2	0.526	1852	2
FAM569	2	0.661	1916	2
FAM570	2	1.0	1750	2
FAM571	2	0.852	1730	2
FAM572	2	0.473	1617	2
FAM573	2	0.383	1099	2
FAM574	2	0.285	1253	2
FAM575	2	1.0	1352	2
FAM576	2	0.134	1285	2
FAM577	2	0.427	967	2
FAM578	2	0.913	945	2
FAM579	2	0.483	961	2
FAM580	2	0.97	802	2
FAM581	2	1.0	5426	2
FAM582	2	0.145	1040	2
FAM583	2	0.01	35	2
FAM584	2	0.826	2003	2
FAM585	2	0.618	1534	2
FAM586	2	0.953	1859	2
FAM587	2	0.016	35	2
FAM588	2	0.596	1242	2
FAM589	2	0.149	1329	2
FAM590	2	0.395	1187	2
FAM591	2	0.356	626	2
FAM592	2	0.814	623	2
FAM593	2	1.0	510	2
FAM594	2	0.08	531	2
FAM595	2	0.211	434	2
FAM596	2	0.497	2420	2
FAM597	2	0.577	2456	2
FAM598	2	0.845	3531	2
FAM599	2	0.277	2324	2
FAM600	2	0.999	1818	2
FAM601	2	0.997	1194	2
FAM602	2	0.45	605	2
FAM603	2	0.193	916	2
FAM604	2	0.397	942	2
FAM605	2	0.622	604	2
FAM606	2	0.603	1908	2
FAM607	2	0.591	1383	2
FAM608	2	0.62	1403	2
FAM610	2	0.358	923	2
FAM611	2	0.265	844	2
FAM612	2	0.395	773	2
FAM613	2	0.605	1168	2
FAM614	2	0.852	1050	2
FAM615	2	0.394	912	2
FAM616	2	1.0	951	2
FAM617	2	0.735	749	2
FAM618	2	0.648	2236	2
FAM619	2	0.683	3259	2
FAM620	2	0.79	2190	2
FAM621	2	0.172	575	2
FAM622	2	0.473	1707	2
FAM623	2	0.667	1107	2
FAM624	2	0.757	1158	2
FAM625	2	0.328	385	2
FAM626	2	0.214	398	2
FAM627	2	0.92	3057	2
FAM628	2	0.234	1386	2
FAM629	2	0.785	1813	2
FAM630	2	0.585	1428	2
FAM631	2	0.375	771	2
FAM632	2	0.689	855	2
FAM633	2	0.824	979	2
FAM634	2	0.599	1058	2
FAM635	2	0.149	332	2
FAM636	2	1.0	975	2
FAM637	2	0.622	903	2
FAM638	2	0.238	539	2
FAM639	2	0.96	507	2
FAM640	2	0.243	1728	2
FAM641	2	0.576	3544	2
FAM642	2	0.69	2560	2
FAM643	2	0.161	840	2
FAM644	2	0.174	586	2
FAM645	2	0.339	979	2
FAM646	2	0.161	1075	2
FAM647	2	0.322	814	2
FAM648	2	0.784	1041	2
FAM649	2	0.648	547	2
FAM650	2	0.395	3342	2
FAM651	2	0.471	1416	2
FAM652	2	0.862	1602	2
FAM653	2	0.117	949	2
FAM654	2	0.285	703	2
FAM655	2	0.072	366	2
FAM656	2	0.24	358	2
FAM657	2	0.511	1801	2
FAM658	2	0.335	1330	2
FAM659	2	0.531	1821	2
FAM660	2	0.008	38	2
FAM661	2	0.475	1096	2
FAM662	2	0.43	1194	2
FAM663	2	0.429	1047	2
FAM664	2	0.023	86	2
FAM665	2	0.048	183	2
FAM666	2	0.4	332	2
FAM667	2	0.421	343	2
FAM668	2	0.702	2246	2
FAM669	2	0.43	1469	2
FAM670	2	0.136	830	2
FAM671	2	0.275	364	2
FAM672	2	0.603	601	2
FAM673	2	0.35	586	2
FAM674	2	0.091	703	2
FAM675	2	0.378	668	2
FAM676	2	0.306	597	2
FAM677	2	1.0	496	2
FAM678	2	0.214	305	2
FAM679	2	0.005	35	2
FAM680	2	0.248	2191	2
FAM681	2	0.317	2044	2
FAM682	2	0.479	1484	2
FAM683	2	0.053	164	2
FAM684	2	0.351	696	2
FAM685	2	0.417	1073	2
FAM686	2	0.704	1331	2
FAM687	2	0.498	1090	2
FAM688	2	0.687	928	2
FAM689	2	0.87	1185	2
FAM690	2	0.593	873	2
FAM691	2	0.272	559	2
FAM692	2	0.139	691	2
FAM693	2	0.766	3398	2
FAM694	2	0.612	1790	2
FAM695	2	0.698	2523	2
FAM696	2	0.273	829	2
FAM697	2	0.218	503	2
FAM698	2	0.851	885	2
FAM699	2	0.16	251	2
FAM700	2	0.251	411	2
FAM701	2	0.446	608	2
FAM702	2	0.015	31	2
FAM703	2	0.06	329	2
FAM704	2	0.017	25	2
FAM705	2	0.29	566	2
FAM706	2	0.237	1732	2
FAM707	2	0.59	2007	2
FAM708	2	0.231	1188	2
FAM709	2	0.472	1603	2
FAM710	2	0.535	2290	2
FAM711	2	0.986	2136	2
FAM712	2	0.631	1637	2
FAM713	2	0.352	852	2
FAM714	2	0.958	1226	2
FAM715	2	0.437	987	2
FAM716	2	0.341	716	2
FAM717	2	0.713	892	2
FAM718	2	0.359	1065	2
FAM719	2	0.371	873	2
FAM720	2	0.16	546	2
FAM721	2	0.304	389	2
FAM722	2	0.839	541	2
FAM723	2	0.179	318	2
FAM724	2	0.395	2896	2
FAM725	2	0.392	1486	2
FAM726	2	0.353	918	2
FAM727	2	0.394	1668	2
FAM728	2	0.339	1916	2
FAM729	2	0.593	1411	2
FAM730	2	0.856	1263	2
FAM731	2	0.664	952	2
FAM732	2	0.225	500	2
FAM733	2	0.411	353	2
FAM734	2	0.143	494	2
FAM735	2	0.042	24	2
FAM736	2	0.249	212	2
FAM737	2	0.318	414	2
FAM738	2	0.671	2232	2
FAM739	2	0.516	1729	2
FAM740	2	0.665	1395	2
FAM741	2	0.244	934	2
FAM742	2	0.599	906	2
FAM743	2	0.112	616	2
FAM744	2	0.913	395	2
FAM745	2	0.19	259	2
FAM746	2	0.642	4190	2
FAM747	2	0.283	1506	2
FAM748	2	0.354	1029	2
FAM749	2	0.515	1687	2
FAM750	2	0.789	1194	2
FAM751	2	0.338	824	2
FAM752	2	0.242	510	2
FAM753	2	0.508	617	2
FAM754	2	0.46	668	2
FAM755	2	0.253	513	2
FAM756	2	0.03	37	2
FAM757	2	0.624	2042	2
FAM758	2	0.366	1493	2
FAM759	2	0.231	987	2
FAM760	2	0.466	295	2
FAM761	2	0.194	797	2
FAM762	2	0.358	1089	2
FAM763	2	1.0	2017	2
FAM764	2	0.145	451	2
FAM765	2	0.161	549	2
FAM766	2	0.647	953	2
FAM767	2	0.557	504	2
FAM768	2	0.595	621	2
FAM769	2	0.208	558	2
FAM770	2	0.416	2470	2
FAM771	2	0.825	2574	2
FAM772	2	0.009	35	2
FAM773	2	0.31	824	2
FAM774	2	0.506	1022	2
FAM775	2	0.189	593	2
FAM776	2	0.305	773	2
FAM777	2	0.348	702	2
FAM778	2	0.152	1081	2
FAM779	2	0.555	712	2
FAM780	2	0.068	142	2
FAM781	2	0.526	316	2
FAM782	2	0.058	161	2
FAM783	2	0.124	137	2
FAM784	2	0.352	886	2
FAM785	2	0.26	1105	2
FAM786	2	0.553	1325	2
FAM787	2	0.511	1207	2
FAM788	2	0.094	249	2
FAM789	2	0.526	446	2
FAM790	2	0.792	400	2
FAM791	2	0.459	148	2
FAM792	2	0.842	3438	2
FAM793	2	0.445	1597	2
FAM794	2	0.223	853	2
FAM795	2	0.79	1242	2
FAM796	2	0.212	1105	2
FAM797	2	0.779	1195	2
FAM798	2	0.512	1519	2
FAM799	2	0.334	1037	2
FAM800	2	0.126	584	2
FAM801	2	0.332	508	2
FAM802	2	0.138	690	2
FAM803	2	0.265	410	2
FAM804	2	0.147	364	2
FAM805	2	0.406	1564	2
FAM806	2	0.008	28	2
FAM807	2	0.512	1583	2
FAM808	2	0.005	33	2
FAM809	2	0.575	975	2
FAM810	2	0.881	857	2
FAM811	2	0.442	478	2
FAM812	2	0.245	922	2
FAM813	2	0.583	1417	2
FAM814	2	0.473	631	2
FAM815	2	0.591	905	2
FAM816	2	0.298	584	2
FAM817	2	0.229	286	2
FAM818	2	0.724	451	2
FAM819	2	0.451	1007	2
FAM820	2	0.642	1347	2
FAM821	2	0.404	1219	2
FAM822	2	0.766	1241	2
FAM823	2	0.034	148	2
FAM824	2	0.358	675	2
FAM825	2	0.213	319	2
FAM826	2	0.102	199	2
FAM827	2	0.398	1311	2
FAM828	2	0.194	891	2
FAM829	2	0.012	27	2
FAM830	2	0.066	198	2
FAM831	2	0.922	952	2
FAM832	2	0.194	217	2
FAM833	2	0.223	500	2
FAM834	2	0.427	873	2
FAM835	2	0.033	31	2
FAM836	2	0.082	387	2
FAM837	2	0.124	163	2
FAM838	2	0.013	18	2
FAM839	2	0.909	492	2
FAM840	2	0.307	156	2
FAM841	2	0.505	583	2
FAM842	2	0.365	1433	2
FAM843	2	0.645	1016	2
FAM844	2	0.156	461	2
FAM845	2	0.064	389	2
FAM846	2	0.196	617	2
FAM847	2	0.453	829	2
FAM848	2	0.358	786	2
FAM849	2	0.099	600	2
FAM850	2	0.454	2627	2
FAM851	2	1.0	906	2
FAM852	2	0.325	817	2
FAM853	2	0.192	239	2
FAM854	2	0.261	2010	2
FAM855	2	0.526	944	2
FAM856	2	0.923	777	2
FAM857	2	0.285	463	2
FAM858	2	0.397	427	2
FAM859	2	0.877	536	2
FAM860	2	0.609	4274	2
FAM861	2	0.43	1190	2
FAM862	2	0.297	893	2
FAM863	2	0.296	578	2
FAM864	2	0.448	1269	2
FAM865	2	0.014	25	2
FAM866	2	0.437	808	2
FAM867	2	0.27	616	2
FAM868	2	0.361	948	2
FAM869	2	0.262	362	2
FAM870	2	0.683	638	2
FAM871	2	0.369	358	2
FAM872	2	0.205	1385	2
FAM873	2	0.144	973	2
FAM874	2	0.937	2710	2
FAM875	2	0.508	1726	2
FAM876	2	0.3	585	2
FAM877	2	0.318	571	2
FAM878	2	0.234	208	2
FAM879	2	0.409	1650	2
FAM880	2	0.312	1198	2
FAM881	2	0.732	1382	2
FAM882	2	0.077	202	2
FAM883	2	0.364	761	2
FAM884	2	0.18	182	2
FAM885	2	0.003	36	2
FAM886	2	0.48	1556	2
FAM887	2	0.479	1168	2
FAM888	2	0.306	892	2
FAM889	2	0.477	1224	2
FAM890	2	0.461	651	2
FAM891	2	0.724	611	2
FAM892	2	0.403	377	2
FAM893	2	0.199	466	2
FAM894	2	0.915	387	2
FAM895	2	0.722	297	2
FAM896	2	0.543	293	2
FAM897	2	0.296	2225	2
FAM898	2	0.16	711	2
FAM899	2	0.998	1850	2
FAM900	2	0.434	950	2
FAM901	2	0.367	920	2
FAM902	2	0.009	27	2
FAM903	2	0.075	317	2
FAM904	2	0.017	27	2
FAM905	2	0.585	662	2
FAM906	2	0.134	289	2
FAM907	2	0.3	516	2
FAM908	2	0.043	19	2
FAM909	2	0.217	434	2
FAM910	2	0.31	1180	2
FAM911	2	0.786	1452	2
FAM912	2	0.81	1349	2
FAM913	2	0.273	1035	2
FAM914	2	0.152	366	2
FAM915	2	0.208	392	2
FAM916	2	0.281	387	2
FAM917	2	0.5	307	2
FAM918	2	0.128	465	2
FAM919	2	0.221	967	2
FAM920	2	0.286	815	2
FAM921	2	0.459	954	2
FAM922	2	0.661	706	2
FAM923	2	0.435	394	2
FAM924	2	0.426	719	2
FAM925	2	0.297	525	2
FAM926	2	0.079	256	2
FAM927	2	0.142	208	2
FAM928	2	0.12	159	2
FAM929	2	0.462	1270	2
FAM930	2	0.22	1191	2
FAM931	2	0.529	534	2
FAM932	2	0.204	821	2
FAM933	2	0.477	410	2
FAM934	2	0.155	181	2
FAM935	2	0.21	151	2
FAM936	2	0.253	1196	2
FAM937	2	0.302	1180	2
FAM938	2	0.431	625	2
FAM939	2	0.999	771	2
FAM940	2	0.522	714	2
FAM941	2	0.351	654	2
FAM942	2	0.246	271	2
FAM943	2	0.006	49	2
FAM944	2	0.212	634	2
FAM945	2	0.265	606	2
FAM946	2	0.797	977	2
FAM947	2	0.01	28	2
FAM948	2	0.204	440	2
FAM949	2	0.501	2516	2
FAM950	2	0.188	838	2
FAM951	2	0.263	829	2
FAM952	2	0.951	990	2
FAM953	2	0.19	449	2
FAM954	2	0.203	378	2
FAM955	2	0.134	162	2
FAM956	2	0.355	308	2
FAM957	2	0.158	286	2
FAM958	2	0.745	3316	2
FAM959	2	0.111	1175	2
FAM960	2	0.331	1261	2
FAM961	2	0.315	540	2
FAM962	2	0.525	1078	2
FAM963	2	0.338	910	2
FAM964	2	0.328	393	2
FAM965	2	0.212	256	2
FAM966	2	0.28	641	2
FAM967	2	0.305	848	2
FAM968	2	0.195	843	2
FAM969	2	0.235	612	2
FAM970	2	0.342	521	2
FAM971	2	0.262	563	2
FAM972	2	0.246	428	2
FAM973	2	0.319	866	2
FAM974	2	0.557	1546	2
FAM975	2	0.015	42	2
FAM976	2	0.28	1006	2
FAM977	2	0.715	1314	2
FAM978	2	0.368	782	2
FAM979	2	0.53	1371	2
FAM980	2	0.349	1077	2
FAM981	2	0.439	1180	2
FAM982	2	0.031	113	2
FAM983	2	0.826	669	2
FAM984	2	0.794	923	2
FAM985	2	0.312	1539	2
FAM986	2	0.178	468	2
FAM987	2	0.379	1335	2
FAM988	2	0.303	230	2
FAM989	2	0.264	487	2
FAM990	2	0.076	211	2
FAM991	2	0.497	1139	2
FAM992	2	0.355	1051	2
FAM993	2	0.027	26	2
FAM994	2	0.164	469	2
FAM995	2	0.271	874	2
FAM996	2	0.494	819	2
FAM997	2	0.24	293	2
FAM998	2	0.121	388	2
FAM999	2	0.149	287	2
FAM1000	2	0.027	20	2
FAM1001	2	0.441	183	2
FAM1002	2	0.566	679	2
FAM1003	2	0.52	936	2
FAM1004	2	0.744	686	2
FAM1005	2	0.791	779	2
FAM1006	2	0.357	603	2
FAM1007	2	0.708	484	2
FAM1008	2	0.86	479	2
FAM1009	2	0.362	161	2
FAM1010	2	0.27	1135	2
FAM1011	2	0.364	430	2
FAM1012	2	0.577	215	2
FAM1013	2	0.012	27	2
FAM1014	2	0.687	543	2
FAM1015	2	0.246	400	2
FAM1016	2	0.015	23	2
FAM1017	2	0.346	329	2
FAM1018	2	0.57	558	2
FAM1019	2	0.453	484	2
FAM1020	2	0.151	424	2
FAM1021	2	0.208	429	2
FAM1022	2	0.292	2938	2
FAM1023	2	1.0	945	2
FAM1024	2	0.014	24	2
FAM1025	2	0.6	360	2
FAM1026	2	0.221	394	2
FAM1027	2	0.214	283	2
FAM1028	2	0.15	722	2
FAM1029	2	0.17	808	2
FAM1030	2	0.293	1336	2
FAM1031	2	0.4	821	2
FAM1032	2	0.106	246	2
FAM1033	2	0.323	729	2
FAM1034	2	0.489	668	2
FAM1035	2	0.337	342	2
FAM1036	2	0.178	234	2
FAM1037	2	0.325	234	2
FAM1038	2	0.295	151	2
FAM1039	2	0.335	200	2
FAM1040	2	0.272	521	2
FAM1041	2	0.202	305	2
FAM1042	2	0.176	391	2
FAM1043	2	0.232	408	2
FAM1044	2	0.28	180	2
FAM1045	2	0.15	421	2
FAM1046	2	0.112	368	2
FAM1047	2	0.03	29	2
FAM1048	2	0.436	1138	2
FAM1049	2	0.476	545	2
FAM1050	2	0.442	1638	2
FAM1051	2	0.445	829	2
FAM1052	2	0.332	240	2
FAM1053	2	0.267	190	2
FAM1054	2	0.606	380	2
FAM1055	2	0.403	494	2
FAM1056	2	0.273	253	2
FAM1057	2	0.007	28	2
FAM1058	2	0.443	597	2
FAM1059	2	0.548	434	2
FAM1060	2	0.543	483	2
FAM1061	2	0.17	398	2
FAM1062	2	0.617	333	2
FAM1063	2	0.06	28	2
FAM1064	2	0.534	333	2
FAM1065	2	0.245	487	2
FAM1066	2	0.394	266	2
FAM1067	2	0.217	336	2
FAM1068	2	0.176	783	2
FAM1069	2	0.226	522	2
FAM1070	2	0.451	282	2
FAM1071	2	0.144	95	2
FAM1072	2	0.435	1059	2
FAM1073	2	0.054	196	2
FAM1074	2	0.841	872	2
FAM1075	2	0.23	829	2
FAM1076	2	0.232	653	2
FAM1077	2	0.192	428	2
FAM1078	2	0.133	282	2
FAM1079	2	0.009	72	2
FAM1080	2	0.221	407	2
FAM1081	2	0.315	1204	2
FAM1082	2	0.443	627	2
FAM1083	2	0.528	796	2
FAM1084	2	0.315	445	2
FAM1085	2	0.102	470	2
FAM1086	2	0.385	321	2
FAM1087	2	0.042	26	2
FAM1088	2	0.349	327	2
FAM1089	2	0.371	821	2
FAM1090	2	0.059	321	2
FAM1091	2	0.363	1426	2
FAM1092	2	0.554	571	2
FAM1093	2	0.158	307	2
FAM1094	2	0.24	513	2
FAM1095	2	0.074	177	2
FAM1096	2	0.247	258	2
FAM1097	2	0.264	192	2
FAM1098	2	0.186	508	2
FAM1099	2	0.162	729	2
FAM1100	2	0.961	951	2
FAM1101	2	0.326	780	2
FAM1102	2	0.086	418	2
FAM1103	2	0.302	451	2
FAM1104	2	0.332	2007	2
FAM1105	2	0.326	976	2
FAM1106	2	0.592	443	2
FAM1107	2	0.501	940	2
FAM1108	2	0.126	336	2
FAM1109	2	0.256	348	2
FAM1110	2	0.237	211	2
FAM1111	2	0.838	948	2
FAM1112	2	0.271	554	2
FAM1113	2	0.026	22	2
FAM1114	2	0.454	236	2
FAM1115	2	0.284	625	2
FAM1116	2	0.456	755	2
FAM1117	2	0.53	467	2
FAM1118	2	0.306	427	2
FAM1119	2	0.347	224	2
FAM1120	2	0.244	457	2
FAM1121	2	0.659	752	2
FAM1122	2	0.161	736	2
FAM1123	2	0.383	531	2
FAM1124	2	0.23	500	2
FAM1125	2	0.107	450	2
FAM1126	2	0.188	486	2
FAM1127	2	0.675	625	2
FAM1128	2	0.031	21	2
FAM1129	2	0.422	316	2
FAM1130	2	0.667	545	2
FAM1131	2	0.295	434	2
FAM1132	2	0.568	336	2
FAM1133	2	0.16	836	2
FAM1134	2	0.025	34	2
FAM1135	2	0.094	168	2
FAM1136	2	0.18	859	2
FAM1137	2	0.178	398	2
FAM1138	2	0.442	766	2
FAM1139	2	0.276	198	2
FAM1140	2	0.295	572	2
FAM1141	2	0.538	336	2
FAM1142	2	0.428	298	2
FAM1143	2	0.465	320	2
FAM1144	2	0.248	359	2
FAM1145	2	0.281	308	2
FAM1146	2	0.349	283	2
FAM1147	2	0.196	392	2
FAM1148	2	0.085	471	2
FAM1149	2	0.797	745	2
FAM1150	2	0.413	590	2
FAM1151	2	0.451	550	2
FAM1152	2	0.619	1006	2
FAM1153	2	0.443	663	2
FAM1154	2	0.161	245	2
FAM1155	2	0.288	243	2
FAM1156	2	0.024	137	2
FAM1157	2	0.092	649	2
FAM1158	2	0.557	663	2
FAM1159	2	0.711	651	2
FAM1160	2	0.479	548	2
FAM1161	2	0.292	1089	2
FAM1162	2	0.188	556	2
FAM1163	2	0.604	1427	2
FAM1164	2	0.27	397	2
FAM1165	2	0.517	835	2
FAM1166	2	0.2	484	2
FAM1167	2	0.187	313	2
FAM1168	2	0.192	258	2
FAM1169	2	0.514	329	2
FAM1170	2	0.143	498	2
FAM1171	2	0.705	397	2
FAM1172	2	0.341	257	2
FAM1173	2	0.019	25	2
FAM1174	2	0.011	23	2
FAM1175	2	0.31	230	2
FAM1176	2	0.186	1141	2
FAM1177	2	0.13	537	2
FAM1178	2	0.563	1108	2
FAM1179	2	0.417	453	2
FAM1180	2	0.013	23	2
FAM1181	2	0.264	363	2
FAM1182	2	0.141	338	2
FAM1183	2	0.434	331	2
FAM1184	2	0.471	381	2
FAM1185	2	0.311	207	2
FAM1186	2	0.773	1286	2
FAM1187	2	0.255	569	2
FAM1188	2	0.154	407	2
FAM1189	2	0.537	987	2
FAM1190	2	0.349	416	2
FAM1191	2	0.329	133	2
FAM1192	2	0.29	891	2
FAM1193	2	0.325	953	2
FAM1194	2	0.516	273	2
FAM1195	2	0.147	119	2
FAM1196	2	0.325	582	2
FAM1197	2	0.296	856	2
FAM1198	2	0.008	43	2
FAM1199	2	0.837	806	2
FAM1200	2	0.228	243	2
FAM1201	2	0.13	455	2
FAM1202	2	0.09	377	2
FAM1203	2	0.309	816	2
FAM1204	2	0.325	591	2
FAM1205	2	0.437	362	2
FAM1206	2	0.313	134	2
FAM1207	2	0.654	614	2
FAM1208	2	0.38	1527	2
FAM1209	2	0.347	460	2
FAM1210	2	0.145	355	2
FAM1211	2	0.548	642	2
FAM1212	2	0.391	3669	2
FAM1213	2	0.567	658	2
FAM1214	2	0.036	241	2
FAM1215	2	0.225	971	2
FAM1216	2	0.083	330	2
FAM1217	2	0.259	247	2
FAM1218	2	0.272	138	2
FAM1219	2	0.201	568	2
FAM1220	2	0.099	322	2
FAM1221	2	0.151	563	2
FAM1222	2	0.273	1078	2
FAM1223	2	0.07	266	2
FAM1224	2	0.672	383	2
FAM1225	2	0.166	696	2
FAM1226	2	0.34	665	2
FAM1227	2	0.338	457	2
FAM1228	2	0.162	223	2
FAM1229	2	0.63	218	2
FAM1230	2	0.577	445	2
FAM1231	2	0.007	34	2
FAM1232	2	0.19	1000	2
FAM1233	2	0.024	15	2
FAM1234	2	0.48	392	2
FAM1235	2	0.153	579	2
FAM1236	2	0.141	1531	2
FAM1237	2	0.014	18	2
FAM1238	2	0.176	458	2
FAM1239	2	0.342	423	2
FAM1240	2	0.199	589	2
FAM1241	2	0.39	361	2
FAM1242	2	0.295	1510	2
FAM1243	2	0.716	830	2
FAM1244	2	0.013	25	2
FAM1245	2	0.084	235	2
FAM1246	2	0.574	465	2
FAM1247	2	0.361	438	2
FAM1248	2	0.219	352	2
FAM1249	2	0.405	281	2
FAM1250	2	1.0	945	2
FAM1251	2	0.554	500	2
FAM1252	2	0.273	548	2
FAM1253	2	0.399	521	2
FAM1254	2	0.201	360	2
FAM1255	2	0.162	320	2
FAM1256	2	0.644	616	2
FAM1257	2	0.036	503	2
FAM1258	2	0.921	870	2
FAM1259	2	0.299	740	2
FAM1260	2	0.027	20	2
FAM1261	2	0.213	510	2
FAM1262	2	0.908	843	2
FAM1263	2	0.478	54	2
FAM1264	2	0.071	493	2
FAM1265	2	0.14	791	2
FAM1266	2	0.111	795	2
FAM1267	2	0.019	28	2
FAM1268	2	0.639	248	2
FAM1269	2	0.194	918	2
FAM1270	2	1.0	110	2
FAM1271	2	0.356	1648	2
FAM1272	2	0.073	357	2
FAM1273	2	0.553	626	2
FAM1274	2	0.141	262	2
FAM1275	2	0.243	357	2
FAM1276	2	0.26	821	2
FAM1277	2	0.411	275	2
FAM1278	2	0.411	772	2
FAM1279	2	0.498	863	2
FAM1280	2	0.358	658	2
FAM1281	2	0.015	22	2
FAM1282	2	0.248	452	2
FAM1283	2	0.233	273	2
FAM1284	2	0.343	354	2
FAM1285	2	0.118	503	2
FAM1286	2	0.008	38	2
FAM1287	2	0.33	331	2
FAM1288	2	0.265	910	2
FAM1289	2	0.208	229	2
FAM1290	2	0.196	1142	2
FAM1291	2	0.599	704	2
FAM1292	2	0.085	645	2
FAM1293	2	0.182	199	2
FAM1294	2	0.444	332	2
FAM1295	2	0.366	344	2
FAM1296	2	0.718	1269	2
FAM1297	2	0.322	324	2
FAM1298	2	0.267	329	2
FAM1299	2	0.166	131	2
FAM1300	2	0.028	24	2
FAM1301	2	0.119	458	2
FAM1302	2	0.197	596	2
FAM1303	2	0.135	646	2
FAM1304	2	0.014	23	2
FAM1305	2	0.451	465	2
FAM1306	2	0.17	610	2
FAM1307	2	0.341	253	2
FAM1308	2	0.35	869	2
FAM1309	2	0.471	850	2
FAM1310	2	0.253	140	2
FAM1311	2	0.011	45	2
FAM1312	2	0.099	239	2
FAM1313	2	0.225	128	2
FAM1314	2	0.154	167	2
FAM1315	2	0.009	37	2
FAM1316	2	0.555	534	2
FAM1317	2	0.534	581	2
FAM1318	2	0.043	77	2
FAM1319	2	0.703	653	2
FAM1320	2	0.188	370	2
FAM1321	2	0.228	603	2
FAM1322	2	0.241	1039	2
FAM1323	2	0.017	31	2
FAM1324	2	0.436	200	2
FAM1325	2	0.141	611	2
FAM1326	2	0.346	161	2
FAM1327	2	0.008	27	2
FAM1328	2	0.141	269	2
FAM1329	2	0.102	412	2
FAM1330	2	0.089	207	2
FAM1331	2	0.095	330	2
FAM1332	2	0.119	259	2
FAM1334	2	0.161	260	2
FAM1335	2	0.261	136	2
FAM1336	2	0.135	327	2
