# READ-CONFUSABILITY vs COPY IDENTITY (characterize). copy identity from colinear_multiexon_gate.tsv (mean_matched_id=whole-read, best_exon_id=per-exon max, core_recip=floor metric). confusable: BAM MAPQ0 (GGO_mm.bam -N50 -p0.1); re-align default splice:hq MAPQ0; AS-margin<10 (Eichler). sample<=40/fam seed=0. Deterministic PYTHONHASHSEED=0.
family_id	dominant_gene	n_members	n_loci	n_pairs_covered	mean_matched_id	min_matched_id	best_exon_id	core_recip	exon_spread	recip_best_mean	recip_best_min	n_recip_pairs	depth	bam_mapq0	bam_conf_frac	n_realn	realn_mapq0	realn_conf_frac	margin_conf	margin_conf_frac
0	GLMP	2	2	1	0.0000	0.0000	0.0000	0.3675	0.0000	0.2476	0.2476	1	638	0	0.0000	40	0	0.0000	0	0.0000
1	GON4L	2	2	1	0.9530	0.9530	1.0000	0.5987	0.0470	0.4548	0.4548	1	884	0	0.0000	40	0	0.0000	0	0.0000
2	GBA1	2	2	1	0.9513	0.9513	1.0000	0.3588	0.0487	0.6264	0.6264	1	316	1	0.0032	40	0	0.0000	0	0.0000
3	SCNM1	2	2	1	1.0000	1.0000	1.0000	0.5832	0.0000	0.3036	0.3036	1	86	0	0.0000	40	0	0.0000	0	0.0000
4	TRNAQ-CUG	2	2	1	0.7610	0.7610	0.7610	0.2798	0.0000	0.4749	0.4749	1	65	0	0.0000	40	0	0.0000	1	0.0250
6	LOC115930164	15	15	50	0.9466	0.8854	1.0000	0.4288	0.0534	0.5590	0.3835	45	2444	45	0.0184	40	1	0.0250	6	0.1500
7	LOC101126097	3	3	3	0.9826	0.9787	1.0000	0.5673	0.0174	0.5637	0.4961	3	894	0	0.0000	40	0	0.0000	1	0.0250
8	GPR89A	2	2	1	0.9864	0.9864	1.0000	0.5039	0.0136	0.3901	0.3901	1	350	0	0.0000	40	0	0.0000	1	0.0250
9	LOC129532935	2	2	1	0.9895	0.9895	1.0000	0.3095	0.0105	0.1380	0.1380	1	325	0	0.0000	40	0	0.0000	0	0.0000
10	SEC22B	3	3	3	0.9878	0.9833	1.0000	0.4622	0.0122	0.8984	0.8520	3	2471	0	0.0000	40	0	0.0000	0	0.0000
11	LOC109023809	3	3	3	0.9789	0.9705	1.0000	0.2587	0.0211	0.4698	0.2120	3	413	0	0.0000	40	0	0.0000	0	0.0000
13	IGSF3	2	2	1	0.9723	0.9723	0.9771	0.4585	0.0048	0.1866	0.1866	1	507	0	0.0000	40	0	0.0000	0	0.0000
14	LOC109025730	3	3	3	0.8178	0.8088	0.8282	0.2926	0.0104	0.3241	0.3213	3	275	0	0.0000	40	0	0.0000	0	0.0000
15	LOC109029488	2	2	1	0.9153	0.9153	1.0000	0.2450	0.0847	0.1838	0.1838	1	357	21	0.0588	40	3	0.0750	3	0.0750
16	LOC109025592	4	4	5	0.4458	0.0000	0.7664	0.2354	0.3206	0.2135	0.1400	4	391	0	0.0000	40	0	0.0000	0	0.0000
17	RHOC	2	2	1	0.0000	0.0000	0.0000	0.5360	0.0000	0.1115	0.1115	1	1586	0	0.0000	40	0	0.0000	0	0.0000
18	GSTM5	3	3	3	0.9277	0.9167	1.0000	0.4316	0.0723	0.1707	0.0831	3	1253	0	0.0000	40	0	0.0000	0	0.0000
19	GSTM1	4	4	1	0.0000	0.0000	0.0000	0.1906	0.0000	0.1437	0.1437	1	1182	0	0.0000	40	0	0.0000	0	0.0000
21	WDR64	4	4	1	0.7761	0.7761	0.7761	0.2562	0.0000	0.2037	0.2037	1	405	0	0.0000	40	0	0.0000	0	0.0000
23	GLMN	2	2	1	0.7437	0.7437	0.7437	0.5228	0.0000	0.2955	0.2955	1	197	0	0.0000	40	0	0.0000	0	0.0000
24	LOC101137042	4	4	6	0.8756	0.8338	1.0000	0.3016	0.1244	0.4180	0.3023	4	526	0	0.0000	40	0	0.0000	0	0.0000
25	GBP6	2	2	1	0.8286	0.8286	0.9528	0.5839	0.1242	0.2274	0.2274	1	526	0	0.0000	40	0	0.0000	0	0.0000
27	GNG5	2	2	1	0.0000	0.0000	0.0000	0.6307	0.0000	0.2321	0.2321	1	368	0	0.0000	40	0	0.0000	5	0.1250
28	LOC129529226	7	7	21	0.9909	0.9831	1.0000	0.7703	0.0091	0.6161	0.2148	21	490	5	0.0102	40	1	0.0250	12	0.3000
29	LOC129532115	2	2	1	0.8071	0.8071	0.8071	0.2144	0.0000	0.3310	0.3310	1	306	0	0.0000	40	0	0.0000	0	0.0000
30	TESK2	2	2	1	1.0000	1.0000	1.0000	0.6233	0.0000	0.5917	0.5917	1	221	0	0.0000	40	0	0.0000	0	0.0000
31	PTPRF	2	2	1	0.8264	0.8264	0.8730	0.4497	0.0466	0.1898	0.1898	1	330	0	0.0000	40	0	0.0000	0	0.0000
33	SYNC	2	2	1	1.0000	1.0000	1.0000	0.6067	0.0000	0.3495	0.3495	1	3267	0	0.0000	40	0	0.0000	0	0.0000
34	XKR8	2	2	1	0.0000	0.0000	0.0000	0.2302	0.0000	0.3465	0.3465	1	129	0	0.0000	40	0	0.0000	0	0.0000
35	AUNIP	2	2	1	1.0000	1.0000	1.0000	0.7245	0.0000	0.6218	0.6218	1	1111	0	0.0000	40	0	0.0000	0	0.0000
36	RHD	2	2	1	0.9468	0.9468	0.9468	0.4522	0.0000	0.7850	0.7850	1	306	0	0.0000	40	0	0.0000	0	0.0000
37	AKR7A2	2	2	1	0.9250	0.9250	0.9792	0.7366	0.0542	0.3203	0.3203	1	255	0	0.0000	40	0	0.0000	0	0.0000
38	ENO1	2	2	1	0.0000	0.0000	0.0000	0.4376	0.0000	0.3831	0.3831	1	2042	0	0.0000	40	0	0.0000	0	0.0000
39	ACTN3	4	4	3	0.8027	0.7900	0.9048	0.6089	0.1021	0.4801	0.4801	1	1976	0	0.0000	40	0	0.0000	0	0.0000
40	LOC109026917	4	3	3	0.0000	0.0000	0.0000	0.3308	0.0000	0.3762	0.3592	2	248	0	0.0000	40	0	0.0000	0	0.0000
42	ZNF92	41	35	551	0.7966	0.0000	0.9762	0.3331	0.1796	0.3240	0.1309	285	3536	10	0.0028	40	1	0.0250	1	0.0250
43	CHIT1	2	2	1	0.0000	0.0000	0.0000	0.4714	0.0000	0.2709	0.2709	1	160	0	0.0000	40	0	0.0000	0	0.0000
44	LOC101144634	2	2	1	0.9917	0.9917	0.9993	1.0000	0.0076	0.7146	0.7146	1	95	4	0.0421	40	2	0.0500	5	0.1250
47	LOC101124243	2	2	1	0.9861	0.9861	1.0000	0.5098	0.0139	0.8016	0.8016	1	113	0	0.0000	40	0	0.0000	0	0.0000
50	FCGR2B	2	2	1	0.9026	0.9026	0.9685	0.2621	0.0659	0.2209	0.2209	1	65	0	0.0000	40	0	0.0000	0	0.0000
51	DEDD	2	2	1	0.9516	0.9516	0.9516	0.6935	0.0000	0.5333	0.5333	1	201	0	0.0000	40	0	0.0000	0	0.0000
52	LOC115930226	2	2	1	0.9692	0.9692	1.0000	0.6366	0.0308	0.8733	0.8733	1	30	0	0.0000	30	0	0.0000	0	0.0000
53	ATP1A2	2	2	1	0.8246	0.8246	0.8990	0.4359	0.0744	0.4195	0.4195	1	258	0	0.0000	40	0	0.0000	0	0.0000
54	LOC101138011	3	3	2	0.0000	0.0000	0.0000	0.4671	0.0000	0.1610	0.1431	2	129	0	0.0000	40	0	0.0000	20	0.5000
58	LOC129532854	5	5	3	0.5072	0.0000	0.7986	0.1598	0.2914	NA	NA	0	78	0	0.0000	40	0	0.0000	0	0.0000
59	ADH1B	2	2	1	0.9061	0.9061	0.9769	0.3518	0.0708	0.5305	0.5305	1	604	0	0.0000	40	0	0.0000	0	0.0000
60	DOK7	2	2	1	0.9609	0.9609	0.9916	0.4664	0.0307	0.9015	0.9015	1	92	1	0.0109	40	0	0.0000	16	0.4000
61	XRCC2	12	11	43	0.9525	0.0000	1.0000	0.4079	0.0475	0.3857	0.1223	32	4527	5	0.0011	40	0	0.0000	0	0.0000
63	FGF2	2	2	1	0.0000	0.0000	0.0000	0.4208	0.0000	0.1021	0.1021	1	82	0	0.0000	39	0	0.0000	0	0.0000
65	CRMP1	2	2	1	0.0000	0.0000	0.0000	0.3478	0.0000	0.2199	0.2199	1	46	0	0.0000	40	0	0.0000	0	0.0000
66	LOC101133249	6	6	1	0.7517	0.7517	0.7517	0.1489	0.0000	NA	NA	0	195	0	0.0000	40	0	0.0000	0	0.0000
67	TMEM128	7	6	11	0.9836	0.9666	1.0000	0.4991	0.0164	0.4791	0.1706	9	807	45	0.0558	40	2	0.0500	8	0.2000
68	LOC101125415	7	7	21	0.9161	0.8181	1.0000	0.3276	0.0839	0.6150	0.4190	20	438	0	0.0000	40	0	0.0000	0	0.0000
69	FRG1	11	11	22	0.7351	0.0000	1.0000	0.2785	0.2649	0.3271	0.0817	13	557	11	0.0197	40	0	0.0000	1	0.0250
70	LOC129532808	16	16	114	0.9834	0.9711	1.0000	0.4049	0.0166	0.6171	0.1555	61	529	21	0.0397	40	2	0.0500	10	0.2500
71	LOC129532807	3	3	3	0.9943	0.9904	1.0000	0.9250	0.0057	0.9600	0.9434	3	14	0	0.0000	14	0	0.0000	3	0.2143
72	LOC134758386	2	2	1	0.9760	0.9760	0.9969	0.7208	0.0209	0.9191	0.9191	1	158	0	0.0000	40	0	0.0000	0	0.0000
73	LOC129523511	5	5	10	0.9796	0.9510	1.0000	0.4819	0.0204	0.6867	0.3997	10	195	3	0.0154	40	0	0.0000	5	0.1250
74	FAM200A	6	2	1	0.7448	0.7448	0.7448	0.5685	0.0000	0.3083	0.3083	1	394	0	0.0000	40	0	0.0000	0	0.0000
78	RPL9	2	2	1	0.0000	0.0000	0.0000	0.6059	0.0000	0.4015	0.4015	1	190	17	0.0895	40	1	0.0250	29	0.7250
79	DCAF4L1	2	2	1	0.0000	0.0000	0.0000	0.4587	0.0000	0.3065	0.3065	1	2065	0	0.0000	40	0	0.0000	0	0.0000
80	LNX1	2	2	1	0.9721	0.9721	0.9721	0.4397	0.0000	0.3226	0.3226	1	744	0	0.0000	40	0	0.0000	0	0.0000
81	ZNF595	3	2	1	0.8861	0.8861	0.9444	0.2553	0.0583	0.3212	0.3212	1	396	0	0.0000	40	0	0.0000	0	0.0000
82	LOC109027212	7	7	9	0.9071	0.8119	0.9979	0.4074	0.0908	0.5388	0.2811	9	274	14	0.0511	40	3	0.0750	3	0.0750
83	LOC134757313	7	7	5	0.3304	0.0000	0.8527	0.3264	0.5223	0.4537	0.2623	4	494	0	0.0000	40	0	0.0000	0	0.0000
84	SDAD1	2	2	1	0.0000	0.0000	0.0000	0.1910	0.0000	0.5592	0.5592	1	632	0	0.0000	40	0	0.0000	0	0.0000
85	IFITM1	7	5	5	0.5337	0.0000	0.9807	0.5880	0.4470	0.3441	0.1187	3	450	0	0.0000	40	0	0.0000	0	0.0000
86	ACTG1	2	2	1	0.8950	0.8950	0.9247	0.5384	0.0297	0.4581	0.4581	1	21124	0	0.0000	40	0	0.0000	0	0.0000
87	LOC129533692	2	2	1	0.7666	0.7666	0.7666	0.5490	0.0000	0.4506	0.4506	1	161	0	0.0000	40	0	0.0000	0	0.0000
90	SLC22A4	2	2	1	0.7878	0.7878	0.9006	0.3151	0.1128	0.2132	0.2132	1	129	0	0.0000	40	0	0.0000	0	0.0000
91	TMCO6	2	2	1	0.0000	0.0000	0.0000	0.4304	0.0000	0.0999	0.0999	1	143	0	0.0000	40	0	0.0000	2	0.0500
92	WDR55	3	2	1	0.0000	0.0000	0.0000	0.6266	0.0000	0.2414	0.2414	1	302	0	0.0000	40	0	0.0000	0	0.0000
93	PCDHB2	8	6	10	0.2215	0.0000	0.7618	0.4352	0.5403	0.2334	0.1458	9	460	0	0.0000	40	0	0.0000	0	0.0000
96	LOC101140892	3	3	2	0.0000	0.0000	0.0000	0.2079	0.0000	0.1981	0.0854	2	313	0	0.0000	40	0	0.0000	11	0.2750
97	MIF4GD	2	2	1	0.0000	0.0000	0.0000	0.5530	0.0000	0.1921	0.1921	1	231	0	0.0000	40	0	0.0000	0	0.0000
98	THOC3	2	2	1	0.9969	0.9969	1.0000	1.0000	0.0031	0.8114	0.8114	1	286	0	0.0000	40	0	0.0000	0	0.0000
100	RMND5B	2	2	1	0.7183	0.7183	0.7183	0.4336	0.0000	0.4646	0.4646	1	239	0	0.0000	40	0	0.0000	0	0.0000
101	ZNF354A	2	2	1	0.9495	0.9495	0.9880	0.5012	0.0385	0.2365	0.2365	1	395	0	0.0000	40	0	0.0000	0	0.0000
102	LOC129533419	2	2	1	0.9890	0.9890	0.9947	0.8018	0.0057	0.4715	0.4715	1	77	0	0.0000	40	0	0.0000	1	0.0250
103	LOC115933189	2	2	1	0.9837	0.9837	0.9941	0.5613	0.0104	0.9003	0.9003	1	140	21	0.1500	40	6	0.1500	18	0.4500
104	HNRNPH2	5	2	1	0.0000	0.0000	0.0000	0.6090	0.0000	0.4660	0.4660	1	2976	0	0.0000	40	0	0.0000	0	0.0000
105	CANX	3	2	1	0.0000	0.0000	0.0000	0.4859	0.0000	0.1151	0.1151	1	401	0	0.0000	40	0	0.0000	0	0.0000
106	SQSTM1	2	2	1	0.0000	0.0000	0.0000	0.4846	0.0000	0.1855	0.1855	1	938	0	0.0000	40	0	0.0000	0	0.0000
108	VCF1	3	2	1	0.0000	0.0000	0.0000	0.5477	0.0000	0.2843	0.2843	1	2035	0	0.0000	40	0	0.0000	0	0.0000
109	COG1	2	2	1	0.0000	0.0000	0.0000	0.5916	0.0000	0.3469	0.3469	1	66	0	0.0000	39	0	0.0000	0	0.0000
110	LRRC37A3	7	7	9	0.6998	0.0000	1.0000	0.3662	0.3002	0.4082	0.1648	8	379	5	0.0132	40	1	0.0250	2	0.0500
111	LOC101135518	3	3	3	0.9824	0.9737	1.0000	0.4639	0.0176	0.6348	0.4974	3	145	3	0.0207	40	2	0.0500	3	0.0750
112	FTSJ3	2	2	1	1.0000	1.0000	1.0000	0.5990	0.0000	0.3079	0.3079	1	1439	0	0.0000	40	0	0.0000	0	0.0000
113	LOC101147326	2	2	1	0.0000	0.0000	0.0000	0.4246	0.0000	0.3015	0.3015	1	421	0	0.0000	40	0	0.0000	0	0.0000
114	METTL2A	2	2	1	0.9734	0.9734	0.9833	0.2097	0.0099	0.8620	0.8620	1	116	0	0.0000	40	0	0.0000	0	0.0000
115	TEX14	2	2	1	0.9749	0.9749	0.9888	0.2605	0.0139	0.2246	0.2246	1	165	0	0.0000	40	0	0.0000	0	0.0000
116	IGBP1C	2	2	1	0.0000	0.0000	0.0000	0.5703	0.0000	0.5562	0.5562	1	137	0	0.0000	40	0	0.0000	0	0.0000
117	SERINC4	5	4	1	0.0000	0.0000	0.0000	0.4008	0.0000	0.3558	0.3558	1	711	0	0.0000	40	0	0.0000	0	0.0000
120	TUBG2	2	2	1	0.9256	0.9256	1.0000	0.7854	0.0744	0.5276	0.5276	1	407	0	0.0000	40	0	0.0000	0	0.0000
121	LOC115933306	3	3	3	0.9905	0.9856	1.0000	0.9653	0.0095	0.7753	0.6631	3	84	7	0.0833	40	5	0.1250	12	0.3000
122	LOC101143714	2	2	1	0.0000	0.0000	0.0000	0.2608	0.0000	0.1840	0.1840	1	100	0	0.0000	40	0	0.0000	0	0.0000
123	LOC101143714	2	2	1	0.8207	0.8207	0.9461	0.2308	0.1254	0.5301	0.5301	1	59	0	0.0000	40	0	0.0000	0	0.0000
125	LOC115934550	2	2	1	0.9107	0.9107	0.9107	0.3837	0.0000	0.6685	0.6685	1	1327	0	0.0000	40	0	0.0000	0	0.0000
127	SLC46A1	2	2	1	1.0000	1.0000	1.0000	0.7251	0.0000	0.4755	0.4755	1	66	0	0.0000	40	0	0.0000	0	0.0000
128	IFT20	2	2	1	0.0000	0.0000	0.0000	0.4655	0.0000	0.0935	0.0935	1	273	0	0.0000	40	0	0.0000	0	0.0000
129	LOC101142859	2	2	1	0.9884	0.9884	0.9884	0.4722	0.0000	0.7608	0.7608	1	19	0	0.0000	19	0	0.0000	1	0.0526
130	UBC	6	5	3	0.5842	0.0000	0.9465	0.5781	0.3623	0.3382	0.2568	2	4028	0	0.0000	40	0	0.0000	0	0.0000
132	LOC115932787	2	2	1	0.9624	0.9624	0.9778	0.2592	0.0154	0.7217	0.7217	1	131	0	0.0000	40	0	0.0000	0	0.0000
133	LOC115932794	3	3	3	0.9541	0.9431	0.9718	0.1974	0.0177	0.7724	0.7352	2	170	1	0.0059	40	0	0.0000	1	0.0250
134	LOC109025320	5	4	3	0.9606	0.9432	0.9969	0.3246	0.0363	0.8940	0.8568	3	249	0	0.0000	40	0	0.0000	5	0.1250
135	LOC109026767	2	2	1	0.9541	0.9541	0.9891	0.3100	0.0350	0.5742	0.5742	1	88	0	0.0000	40	0	0.0000	0	0.0000
136	LOC109026769	2	2	1	0.9915	0.9915	1.0000	0.3998	0.0085	0.7754	0.7754	1	510	0	0.0000	40	0	0.0000	0	0.0000
137	TVP23B	2	2	1	0.9886	0.9886	1.0000	0.2413	0.0114	0.4167	0.4167	1	786	0	0.0000	40	0	0.0000	0	0.0000
139	B3GNTL1	2	2	1	0.8468	0.8468	0.8468	0.5383	0.0000	0.2352	0.2352	1	449	0	0.0000	38	0	0.0000	0	0.0000
140	RASA1	2	2	1	1.0000	1.0000	1.0000	0.6116	0.0000	0.4935	0.4935	1	451	0	0.0000	40	0	0.0000	0	0.0000
141	NR2F1	2	2	1	0.8729	0.8729	0.8729	0.4729	0.0000	0.2279	0.2279	1	223	0	0.0000	40	0	0.0000	0	0.0000
144	LOC101148313	2	2	1	1.0000	1.0000	1.0000	0.9935	0.0000	0.5400	0.5400	1	124	105	0.8468	40	33	0.8250	33	0.8250
145	RFX6	2	2	1	0.0000	0.0000	0.0000	0.7420	0.0000	0.1740	0.1740	1	341	0	0.0000	40	0	0.0000	8	0.2000
147	ULBP1	3	3	3	0.8132	0.7816	0.8906	0.2613	0.0774	0.3104	0.2430	2	398	0	0.0000	40	0	0.0000	0	0.0000
148	LOC109025132	3	3	3	0.9875	0.9836	1.0000	0.7594	0.0125	0.7415	0.7015	3	426	0	0.0000	40	0	0.0000	3	0.0750
149	LOC109027124	4	4	3	0.2866	0.0000	0.8870	0.3642	0.6004	0.3648	0.0984	2	79	1	0.0127	40	1	0.0250	5	0.1250
150	TUBB2A	6	6	15	0.7966	0.7551	0.8981	0.6810	0.1015	0.4643	0.3741	9	1839	0	0.0000	40	0	0.0000	0	0.0000
153	LOC101134115	2	2	1	0.8587	0.8587	0.9505	0.2206	0.0918	0.5063	0.5063	1	269	0	0.0000	40	0	0.0000	4	0.1000
156	BTN2A2	2	2	1	0.9177	0.9177	0.9827	0.2455	0.0650	0.6137	0.6137	1	506	0	0.0000	40	0	0.0000	0	0.0000
157	BTN3A1	2	2	1	0.8927	0.8927	0.9971	0.3390	0.1044	0.3308	0.3308	1	224	0	0.0000	40	0	0.0000	0	0.0000
159	LOC101151070	2	2	1	0.9537	0.9537	0.9655	0.2495	0.0118	0.2896	0.2896	1	102	0	0.0000	40	0	0.0000	0	0.0000
160	ZKSCAN4	2	2	1	0.8748	0.8748	0.9024	0.2992	0.0276	0.2976	0.2976	1	142	0	0.0000	40	0	0.0000	0	0.0000
161	LOC101150953	2	2	1	1.0000	1.0000	1.0000	0.9158	0.0000	0.5202	0.5202	1	20	0	0.0000	20	0	0.0000	0	0.0000
162	LOC109027174	7	7	15	0.8701	0.8258	0.9927	0.6109	0.1226	0.4769	0.1970	15	3466	0	0.0000	40	0	0.0000	0	0.0000
163	HSPA1L	6	4	3	0.4992	0.0000	0.7511	0.5413	0.2519	0.3550	0.3075	2	3892	0	0.0000	40	0	0.0000	0	0.0000
164	C4A	2	2	1	0.9982	0.9982	1.0000	0.9998	0.0018	0.9935	0.9935	1	246	4	0.0163	40	0	0.0000	3	0.0750
165	LOC115935014	3	3	1	0.9420	0.9420	0.9727	0.4727	0.0307	0.4921	0.4921	1	391	0	0.0000	40	0	0.0000	0	0.0000
168	ADGRF5	2	2	1	0.9631	0.9631	1.0000	0.2208	0.0369	0.4829	0.4829	1	146	2	0.0137	40	0	0.0000	1	0.0250
169	LOC101148684	4	4	6	0.9259	0.9049	0.9804	0.7400	0.0545	0.5710	0.3926	6	1571	0	0.0000	40	0	0.0000	0	0.0000
170	SMAP1	2	2	1	0.0000	0.0000	0.0000	0.4622	0.0000	0.2721	0.2721	1	224	0	0.0000	40	0	0.0000	0	0.0000
171	KHDC1	2	2	1	0.0000	0.0000	0.0000	0.2398	0.0000	0.3704	0.3704	1	278	0	0.0000	40	0	0.0000	0	0.0000
172	EEF1A1	4	4	4	0.4461	0.0000	1.0000	0.4493	0.5539	0.3525	0.2830	4	3583	0	0.0000	40	0	0.0000	39	0.9750
173	LOC115935379	4	4	2	0.9837	0.9674	1.0000	0.4580	0.0163	0.2315	0.0546	2	782	0	0.0000	40	0	0.0000	0	0.0000
175	LOC129523494	4	4	6	0.9570	0.9143	1.0000	0.3438	0.0430	0.2279	0.1109	4	211	6	0.0284	40	0	0.0000	3	0.0750
176	HBP1	2	2	1	0.0000	0.0000	0.0000	0.4001	0.0000	0.1729	0.1729	1	3100	0	0.0000	40	0	0.0000	0	0.0000
177	LOC115935294	2	2	1	0.9872	0.9872	0.9943	1.0000	0.0071	0.9713	0.9713	1	45	1	0.0222	40	1	0.0250	14	0.3500
178	LOC101143487	2	2	1	0.9893	0.9893	0.9949	0.8911	0.0056	0.7877	0.7877	1	51	0	0.0000	40	0	0.0000	6	0.1500
180	AKR1B10	2	2	1	0.9758	0.9758	1.0000	0.4206	0.0242	0.2957	0.2957	1	96	0	0.0000	40	0	0.0000	0	0.0000
181	MKRN1	2	2	1	0.0000	0.0000	0.0000	0.4492	0.0000	0.3534	0.3534	1	565	0	0.0000	40	0	0.0000	0	0.0000
183	RHEB	3	3	2	0.4935	0.0000	0.9925	0.4505	0.4990	0.3712	0.2980	2	523	0	0.0000	40	0	0.0000	13	0.3250
185	STEAP1B	2	2	1	0.9830	0.9830	0.9939	0.3345	0.0109	0.2130	0.2130	1	83	0	0.0000	40	0	0.0000	0	0.0000
187	FKBP9	2	2	1	0.9834	0.9834	0.9931	0.4661	0.0097	0.5839	0.5839	1	635	0	0.0000	39	0	0.0000	0	0.0000
188	YAE1	2	2	1	0.9340	0.9340	0.9917	0.2482	0.0577	0.7441	0.7441	1	123	0	0.0000	40	0	0.0000	0	0.0000
189	LOC109027782	3	3	3	0.9333	0.8585	1.0000	0.3420	0.0667	0.2756	0.1381	2	185	3	0.0162	40	0	0.0000	6	0.1500
190	LOC129523646	2	2	1	0.9969	0.9969	0.9996	1.0000	0.0027	0.9904	0.9904	1	46	14	0.3043	40	11	0.2750	18	0.4500
191	LOC101133668	2	2	1	0.9221	0.9221	0.9221	0.2929	0.0000	0.5693	0.5693	1	692	0	0.0000	40	0	0.0000	0	0.0000
192	LOC129523899	2	2	1	0.0000	0.0000	0.0000	0.4388	0.0000	0.2310	0.2310	1	59	0	0.0000	40	0	0.0000	0	0.0000
194	SBDS	2	2	1	0.9656	0.9656	0.9817	0.4180	0.0161	0.4765	0.4765	1	450	0	0.0000	40	0	0.0000	2	0.0500
195	LOC101126070	2	2	1	0.9730	0.9730	0.9909	0.4986	0.0179	0.8745	0.8745	1	640	0	0.0000	40	0	0.0000	0	0.0000
197	POM121	2	2	1	0.9507	0.9507	0.9508	0.3818	0.0001	0.4070	0.4070	1	106	1	0.0094	40	0	0.0000	0	0.0000
198	NSUN5	2	2	1	0.9683	0.9683	0.9943	0.4213	0.0260	0.8966	0.8966	1	404	0	0.0000	40	0	0.0000	0	0.0000
199	TRIM50	2	2	1	0.9631	0.9631	0.9789	0.4795	0.0158	0.3584	0.3584	1	54	0	0.0000	40	0	0.0000	0	0.0000
201	LOC115935268	2	2	1	0.9972	0.9972	1.0000	0.4659	0.0028	0.9877	0.9877	1	537	41	0.0764	40	3	0.0750	4	0.1000
203	LOC115935244	2	2	1	0.8635	0.8635	0.8758	0.3401	0.0123	0.2875	0.2875	1	278	0	0.0000	40	0	0.0000	0	0.0000
205	VPS13B	2	2	1	1.0000	1.0000	1.0000	0.6453	0.0000	0.5722	0.5722	1	168	0	0.0000	40	0	0.0000	0	0.0000
207	SQLE	2	2	1	0.0000	0.0000	0.0000	0.3650	0.0000	0.2548	0.2548	1	2176	0	0.0000	40	0	0.0000	0	0.0000
209	LOC129524028	2	2	1	0.9779	0.9779	0.9889	0.3011	0.0110	0.4091	0.4091	1	577	0	0.0000	40	0	0.0000	0	0.0000
210	LOC115935615	2	2	1	0.9396	0.9396	1.0000	0.2354	0.0604	0.7616	0.7616	1	64	0	0.0000	40	0	0.0000	0	0.0000
211	LOC101131852	2	2	1	0.0000	0.0000	0.0000	0.2029	0.0000	0.3345	0.3345	1	42	0	0.0000	40	0	0.0000	1	0.0250
212	RPL7	2	2	1	0.0000	0.0000	0.0000	0.2939	0.0000	0.1473	0.1473	1	339	1	0.0029	40	0	0.0000	35	0.8750
216	LIPK	2	2	1	1.0000	1.0000	1.0000	0.8582	0.0000	0.6695	0.6695	1	62	0	0.0000	40	0	0.0000	0	0.0000
219	ZNF518A	3	3	1	1.0000	1.0000	1.0000	0.9746	0.0000	0.7150	0.7150	1	746	0	0.0000	40	0	0.0000	0	0.0000
220	PDCD4	2	2	1	0.8291	0.8291	0.8291	0.6716	0.0000	0.3680	0.3680	1	1561	0	0.0000	40	0	0.0000	0	0.0000
221	PSTK	2	2	1	1.0000	1.0000	1.0000	0.8914	0.0000	0.6869	0.6869	1	782	0	0.0000	40	0	0.0000	0	0.0000
222	LOC115936027	2	2	1	0.9750	0.9750	0.9939	0.3784	0.0189	0.6994	0.6994	1	314	0	0.0000	40	0	0.0000	0	0.0000
223	LOC109028502	2	2	1	0.0000	0.0000	0.0000	0.2988	0.0000	0.2485	0.2485	1	1673	0	0.0000	40	0	0.0000	0	0.0000
224	PPIF	2	2	1	0.9781	0.9781	0.9951	0.4936	0.0170	0.7995	0.7995	1	595	1	0.0017	40	0	0.0000	2	0.0500
228	FAM13C	2	2	1	0.0000	0.0000	0.0000	0.4794	0.0000	0.3030	0.3030	1	124	1	0.0081	40	0	0.0000	0	0.0000
229	LOC134759160	2	2	1	0.9963	0.9963	1.0000	0.7093	0.0037	0.9718	0.9718	1	756	0	0.0000	40	0	0.0000	7	0.1750
230	LOC101143404	2	2	1	0.0000	0.0000	0.0000	0.3237	0.0000	0.3496	0.3496	1	1024	0	0.0000	40	0	0.0000	0	0.0000
231	LOC101143038	2	2	1	0.9776	0.9776	0.9945	0.3528	0.0169	0.9351	0.9351	1	1009	0	0.0000	40	0	0.0000	0	0.0000
232	LOC101144261	2	2	1	0.9923	0.9923	0.9979	0.6485	0.0056	0.8456	0.8456	1	222	18	0.0811	40	3	0.0750	11	0.2750
234	ZNF33B	2	2	1	0.9265	0.9265	0.9789	0.4566	0.0524	0.5502	0.5502	1	331	0	0.0000	40	0	0.0000	0	0.0000
236	LOC129525065	2	2	1	0.9826	0.9826	0.9921	0.4165	0.0095	0.8250	0.8250	1	58	0	0.0000	40	0	0.0000	10	0.2500
237	LOC101142918	2	2	1	0.9966	0.9966	1.0000	0.6829	0.0034	0.9018	0.9018	1	134	0	0.0000	40	0	0.0000	0	0.0000
238	GLUD1	2	2	1	0.0000	0.0000	0.0000	0.7331	0.0000	0.6082	0.6082	1	1122	0	0.0000	40	0	0.0000	1	0.0250
239	SESN3	2	2	1	1.0000	1.0000	1.0000	0.4955	0.0000	0.3908	0.3908	1	83	0	0.0000	40	0	0.0000	0	0.0000
240	CEP57	2	2	1	0.0000	0.0000	0.0000	0.5439	0.0000	0.3285	0.3285	1	2346	0	0.0000	39	0	0.0000	0	0.0000
242	SORL1	3	3	3	0.9924	0.9883	1.0000	0.8349	0.0076	0.3684	0.2020	3	552	0	0.0000	40	0	0.0000	1	0.0250
243	LOC101154388	2	2	1	1.0000	1.0000	1.0000	0.8713	0.0000	0.7654	0.7654	1	312	0	0.0000	40	0	0.0000	0	0.0000
246	BMAL1	2	2	1	0.9057	0.9057	0.9057	0.5174	0.0000	0.4455	0.4455	1	993	0	0.0000	40	0	0.0000	0	0.0000
248	LOC115936279	3	3	3	0.9336	0.9226	0.9895	0.6902	0.0559	0.4832	0.3137	3	18	0	0.0000	18	0	0.0000	0	0.0000
250	ESRRA	2	2	1	0.0000	0.0000	0.0000	0.2350	0.0000	0.3965	0.3965	1	115	0	0.0000	40	0	0.0000	0	0.0000
251	EHD1	2	2	1	0.8363	0.8363	0.8811	0.4502	0.0448	0.2456	0.2456	1	514	0	0.0000	40	0	0.0000	0	0.0000
252	KAT5	2	2	1	0.0000	0.0000	0.0000	0.2492	0.0000	0.2801	0.2801	1	617	0	0.0000	40	0	0.0000	0	0.0000
253	RBM4	2	2	1	0.8696	0.8696	0.9433	0.3674	0.0737	0.2166	0.2166	1	736	0	0.0000	40	0	0.0000	0	0.0000
256	LOC129525965	4	4	1	0.7573	0.7573	0.7573	0.1321	0.0000	NA	NA	0	202	0	0.0000	40	0	0.0000	0	0.0000
258	TDG	2	2	1	0.9977	0.9977	0.9977	0.6238	0.0000	0.6152	0.6152	1	447	0	0.0000	40	0	0.0000	0	0.0000
260	EP400	2	2	1	0.9729	0.9729	0.9729	0.3348	0.0000	0.2571	0.2571	1	43	0	0.0000	40	0	0.0000	0	0.0000
261	ZNF84	5	5	9	0.5487	0.0000	0.9841	0.3240	0.4354	0.6688	0.6688	1	1081	0	0.0000	40	0	0.0000	0	0.0000
264	SLC2A14	2	2	1	0.9592	0.9592	0.9904	0.5556	0.0312	0.7422	0.7422	1	369	0	0.0000	40	0	0.0000	0	0.0000
265	LOC115930232	3	3	2	0.9795	0.9733	1.0000	0.2954	0.0205	0.2505	0.0648	2	263	0	0.0000	40	0	0.0000	0	0.0000
267	CDK4	2	2	1	1.0000	1.0000	1.0000	0.5438	0.0000	0.3245	0.3245	1	331	0	0.0000	40	0	0.0000	0	0.0000
268	DNAJC14	2	2	1	0.7873	0.7873	0.7873	0.5889	0.0000	0.3532	0.3532	1	865	0	0.0000	40	0	0.0000	0	0.0000
269	HNRNPA1	2	2	1	0.0000	0.0000	0.0000	0.5115	0.0000	0.3993	0.3993	1	1439	2	0.0014	40	0	0.0000	31	0.7750
270	KRT8	6	4	3	0.2659	0.0000	0.8720	0.2998	0.6061	0.4659	0.4659	1	123	0	0.0000	40	0	0.0000	1	0.0250
271	LOC101136203	2	2	1	0.8690	0.8690	0.9680	0.4795	0.0990	0.4684	0.4684	1	16	0	0.0000	16	0	0.0000	0	0.0000
272	TUBA1C	9	9	36	0.8571	0.7858	1.0000	0.8028	0.1429	0.6001	0.3335	21	4213	2	0.0005	40	1	0.0250	2	0.0500
273	ALG10B	2	2	1	0.9776	0.9776	1.0000	0.5702	0.0224	0.7098	0.7098	1	51	0	0.0000	40	0	0.0000	0	0.0000
275	AMN1	2	2	1	0.0000	0.0000	0.0000	0.6472	0.0000	0.2450	0.2450	1	256	0	0.0000	40	0	0.0000	0	0.0000
278	KRAS	2	2	1	0.7596	0.7596	0.7596	0.7239	0.0000	0.6054	0.6054	1	275	0	0.0000	40	0	0.0000	0	0.0000
280	RECQL	2	2	1	0.8886	0.8886	0.8886	0.4514	0.0000	0.3638	0.3638	1	1884	0	0.0000	39	0	0.0000	0	0.0000
284	SP140L	2	2	1	0.8838	0.8838	0.9524	0.2915	0.0686	0.0725	0.0725	1	336	0	0.0000	40	0	0.0000	0	0.0000
285	LOC101150533	3	2	1	0.0000	0.0000	0.0000	0.5646	0.0000	0.4958	0.4958	1	477	0	0.0000	40	0	0.0000	0	0.0000
286	SNED1	2	2	1	0.0000	0.0000	0.0000	0.4225	0.0000	0.2088	0.2088	1	215	0	0.0000	40	0	0.0000	0	0.0000
287	LOC101144552	4	4	3	0.6607	0.0000	0.9957	0.6713	0.3350	0.3238	0.2037	3	115	13	0.1130	40	5	0.1250	9	0.2250
288	LOC101151284	2	2	1	0.9932	0.9932	0.9965	0.9941	0.0033	0.8547	0.8547	1	52	0	0.0000	40	0	0.0000	37	0.9250
290	LOC109025815	2	2	1	0.9695	0.9695	0.9944	0.1934	0.0249	0.1040	0.1040	1	117	0	0.0000	40	0	0.0000	0	0.0000
291	LOC101131416	2	2	1	0.9662	0.9662	0.9928	0.7710	0.0266	0.9489	0.9489	1	36	0	0.0000	36	0	0.0000	0	0.0000
292	LOC109025815	2	2	1	0.9727	0.9727	0.9932	0.9773	0.0205	0.9460	0.9460	1	17	0	0.0000	17	0	0.0000	0	0.0000
296	SUPT7L	2	2	1	1.0000	1.0000	1.0000	0.6197	0.0000	0.4113	0.4113	1	879	0	0.0000	40	0	0.0000	0	0.0000
297	RDH14	4	2	1	1.0000	1.0000	1.0000	0.7240	0.0000	0.4291	0.4291	1	77	0	0.0000	40	0	0.0000	0	0.0000
298	LRATD1	4	2	1	0.0000	0.0000	0.0000	0.3605	0.0000	0.2565	0.2565	1	1231	0	0.0000	40	0	0.0000	0	0.0000
299	PDIA6	2	2	1	0.0000	0.0000	0.0000	0.3828	0.0000	0.2773	0.2773	1	2832	0	0.0000	40	0	0.0000	0	0.0000
300	LOC129526471	4	4	6	0.9697	0.9457	1.0000	0.4493	0.0303	0.6710	0.3567	6	331	3	0.0091	40	0	0.0000	0	0.0000
301	LOC115932762	2	2	1	0.9743	0.9743	0.9778	0.4069	0.0035	0.8562	0.8562	1	35	0	0.0000	35	0	0.0000	0	0.0000
302	LOC134756761	3	3	3	0.9752	0.9665	1.0000	0.3818	0.0248	0.9310	0.9031	3	51	0	0.0000	40	0	0.0000	2	0.0500
303	LOC115933573	2	2	1	0.9778	0.9778	0.9839	0.2778	0.0061	0.4555	0.4555	1	307	1	0.0033	40	0	0.0000	0	0.0000
304	LOC101146690	3	3	1	0.9589	0.9589	1.0000	0.8537	0.0411	0.7613	0.7613	1	182	0	0.0000	40	0	0.0000	0	0.0000
305	ALDH1B1	4	3	3	0.9542	0.9194	0.9848	0.5231	0.0306	0.9519	0.9480	3	1642	0	0.0000	40	0	0.0000	0	0.0000
306	LOC115933254	15	10	9	0.9653	0.9325	1.0000	0.3434	0.0347	0.5312	0.3210	9	764	1	0.0013	40	0	0.0000	0	0.0000
307	LOC101143875	4	4	3	0.9820	0.9770	1.0000	0.2536	0.0180	0.2399	0.1701	2	300	0	0.0000	40	0	0.0000	0	0.0000
308	ANKRD36C	2	2	1	0.9614	0.9614	0.9880	0.1925	0.0266	0.7104	0.7104	1	30	0	0.0000	30	0	0.0000	2	0.0667
309	ANKRD36C	2	2	1	0.9379	0.9379	0.9861	0.5033	0.0482	0.4580	0.4580	1	198	0	0.0000	40	0	0.0000	0	0.0000
310	RPL31	2	2	1	0.8374	0.8374	0.8374	0.7206	0.0000	0.3746	0.3746	1	1451	0	0.0000	40	0	0.0000	0	0.0000
312	LIMS1	2	2	1	0.9829	0.9829	1.0000	0.3281	0.0171	0.7460	0.7460	1	291	0	0.0000	40	0	0.0000	0	0.0000
313	LOC109025447	8	8	16	0.7390	0.0000	1.0000	0.5143	0.2610	0.5194	0.1165	16	1836	2	0.0011	40	0	0.0000	0	0.0000
317	FANCL	2	2	1	0.0000	0.0000	0.0000	0.2704	0.0000	0.0615	0.0615	1	605	0	0.0000	40	0	0.0000	0	0.0000
318	NIPSNAP3A	2	2	1	0.8820	0.8820	0.9767	0.5449	0.0947	0.4719	0.4719	1	183	0	0.0000	40	0	0.0000	0	0.0000
319	ABITRAM	2	2	1	1.0000	1.0000	1.0000	0.7593	0.0000	0.4284	0.4284	1	3509	0	0.0000	40	0	0.0000	0	0.0000
320	TXN	2	2	1	0.0000	0.0000	0.0000	0.2520	0.0000	0.1886	0.1886	1	77	0	0.0000	40	0	0.0000	0	0.0000
322	LOC101124026	2	2	1	0.9936	0.9936	0.9972	0.9803	0.0036	0.9630	0.9630	1	52	3	0.0577	40	3	0.0750	3	0.0750
323	SLC31A2	2	2	1	0.0000	0.0000	0.0000	0.4088	0.0000	0.3971	0.3971	1	318	0	0.0000	40	0	0.0000	0	0.0000
324	ZBTB26	2	2	1	1.0000	1.0000	1.0000	0.9856	0.0000	0.9050	0.9050	1	219	0	0.0000	40	0	0.0000	0	0.0000
325	MED22	2	2	1	0.0000	0.0000	0.0000	0.3318	0.0000	0.0542	0.0542	1	340	84	0.2471	40	0	0.0000	2	0.0500
326	SURF2	2	2	1	1.0000	1.0000	1.0000	0.7381	0.0000	0.6557	0.6557	1	2401	0	0.0000	40	0	0.0000	0	0.0000
327	LOC101139703	2	2	1	0.9925	0.9925	1.0000	0.4479	0.0075	0.6446	0.6446	1	155	0	0.0000	40	0	0.0000	0	0.0000
328	EXOSC3	2	2	1	0.8420	0.8420	0.8420	0.6631	0.0000	0.5497	0.5497	1	246	0	0.0000	40	0	0.0000	0	0.0000
329	ARHGEF39	2	2	1	0.0000	0.0000	0.0000	0.4694	0.0000	0.1441	0.1441	1	117	0	0.0000	40	0	0.0000	0	0.0000
330	SMIM27	2	2	1	0.8833	0.8833	0.8833	0.6866	0.0000	0.5650	0.5650	1	516	0	0.0000	40	0	0.0000	0	0.0000
331	LOC101137029	4	2	1	0.0000	0.0000	0.0000	0.4509	0.0000	0.4067	0.4067	1	123	0	0.0000	40	0	0.0000	0	0.0000
333	LOC109028376	7	3	1	0.7739	0.7739	0.7739	0.2519	0.0000	0.4644	0.4644	1	2424	0	0.0000	40	0	0.0000	0	0.0000
334	KIF27	2	2	1	0.9627	0.9627	0.9835	0.3454	0.0208	0.3658	0.3658	1	417	0	0.0000	40	0	0.0000	0	0.0000
335	DAPK1	2	2	1	0.9932	0.9932	0.9980	0.6965	0.0048	0.6149	0.6149	1	663	7	0.0106	40	0	0.0000	1	0.0250
336	LOC101145975	3	3	3	0.8811	0.8283	0.9932	0.3879	0.1121	0.3607	0.1565	3	3405	1	0.0003	40	0	0.0000	0	0.0000
337	LOC134756941	2	2	1	0.9960	0.9960	1.0000	0.4696	0.0040	0.9949	0.9949	1	472	8	0.0169	40	0	0.0000	3	0.0750
338	CENPP	2	2	1	1.0000	1.0000	1.0000	0.8865	0.0000	0.5961	0.5961	1	262	0	0.0000	40	0	0.0000	0	0.0000
339	LAMP1	2	2	1	1.0000	1.0000	1.0000	0.6147	0.0000	0.3762	0.3762	1	506	0	0.0000	40	0	0.0000	0	0.0000
340	TFDP1	2	2	1	0.0000	0.0000	0.0000	0.4303	0.0000	0.6034	0.6034	1	250	0	0.0000	40	0	0.0000	0	0.0000
341	LOC134756951	2	2	1	0.9834	0.9834	1.0000	0.4683	0.0166	0.5979	0.5979	1	189	1	0.0053	40	1	0.0250	9	0.2250
343	LOC101137734	2	2	1	0.9947	0.9947	0.9954	0.5447	0.0007	0.9959	0.9959	1	68	0	0.0000	40	0	0.0000	1	0.0250
345	LOC129527231	2	2	1	0.9838	0.9838	0.9989	0.9969	0.0151	0.9596	0.9596	1	144	10	0.0694	40	2	0.0500	15	0.3750
346	LOC129526088	2	2	1	0.9826	0.9826	1.0000	0.7027	0.0174	0.3565	0.3565	1	91	1	0.0110	40	1	0.0250	5	0.1250
347	LOC101137900	2	2	1	0.0000	0.0000	0.0000	0.4016	0.0000	0.3566	0.3566	1	332	0	0.0000	40	0	0.0000	3	0.0750
348	MPHOSPH8	2	2	1	0.9936	0.9936	0.9936	0.5457	0.0000	0.3564	0.3564	1	288	5	0.0174	40	0	0.0000	7	0.1750
349	PSPC1	2	2	1	0.9970	0.9970	1.0000	0.3602	0.0030	0.1562	0.1562	1	352	0	0.0000	40	0	0.0000	0	0.0000
359	LOC109024800	2	2	1	0.0000	0.0000	0.0000	0.2479	0.0000	0.1657	0.1657	1	276	0	0.0000	40	0	0.0000	0	0.0000
360	LOC129531501	4	4	5	0.9762	0.9527	1.0000	0.4843	0.0238	0.2789	0.2208	4	710	1	0.0014	40	0	0.0000	2	0.0500
362	ZC3H14	2	2	1	0.8815	0.8815	0.8815	0.6204	0.0000	0.4938	0.4938	1	2470	1	0.0004	40	0	0.0000	0	0.0000
364	NDUFB1	2	2	1	0.0000	0.0000	0.0000	0.4806	0.0000	0.0848	0.0848	1	388	0	0.0000	40	0	0.0000	0	0.0000
366	AKT1	2	2	1	0.8211	0.8211	0.9065	0.2018	0.0854	0.1749	0.1749	1	148	0	0.0000	40	0	0.0000	0	0.0000
367	LOC129526706	2	2	1	0.9718	0.9718	0.9977	0.7092	0.0259	0.9415	0.9415	1	19	0	0.0000	19	0	0.0000	0	0.0000
368	LOC115933240	5	5	10	0.9141	0.8417	0.9932	0.7086	0.0791	0.8961	0.8441	10	1050	4	0.0038	40	0	0.0000	0	0.0000
369	LOC109023154	6	2	1	0.9934	0.9934	0.9934	0.2841	0.0000	0.2518	0.2518	1	578	1	0.0017	40	1	0.0250	1	0.0250
370	SDR39U1	2	2	1	0.0000	0.0000	0.0000	0.5962	0.0000	0.1108	0.1108	1	331	0	0.0000	40	0	0.0000	0	0.0000
371	LTB4R2	2	2	1	0.0000	0.0000	0.0000	0.2625	0.0000	0.1486	0.1486	1	267	0	0.0000	40	0	0.0000	0	0.0000
372	LOC101144919	2	2	1	0.9894	0.9894	1.0000	0.7250	0.0106	0.3618	0.3618	1	163	0	0.0000	40	0	0.0000	3	0.0750
374	OXA1L	2	2	1	0.0000	0.0000	0.0000	0.2773	0.0000	0.1105	0.1105	1	118	0	0.0000	40	0	0.0000	0	0.0000
375	SUPT16H	3	3	1	0.7178	0.7178	0.7178	0.4093	0.0000	0.2877	0.2877	1	2824	0	0.0000	40	0	0.0000	0	0.0000
376	LOC101124683	2	2	1	0.9992	0.9992	1.0000	0.9991	0.0008	0.6996	0.6996	1	3768	352	0.0934	40	1	0.0250	31	0.7750
377	RPL10L	2	2	1	0.0000	0.0000	0.0000	0.7732	0.0000	0.2444	0.2444	1	170	0	0.0000	40	0	0.0000	28	0.7000
380	LGALS3	2	2	1	1.0000	1.0000	1.0000	0.4702	0.0000	0.4513	0.4513	1	759	0	0.0000	40	0	0.0000	0	0.0000
384	LOC115932683	2	2	1	0.9900	0.9900	0.9971	0.9977	0.0071	0.9607	0.9607	1	963	3	0.0031	40	1	0.0250	2	0.0500
385	LOC101152972	4	4	6	0.9637	0.9516	1.0000	0.3884	0.0363	0.4521	0.2688	6	119	0	0.0000	40	0	0.0000	8	0.2000
386	LOC101152610	4	4	6	0.9598	0.9400	0.9939	0.3231	0.0341	0.5203	0.2368	6	228	0	0.0000	40	0	0.0000	0	0.0000
387	LOC129527054	2	2	1	0.9890	0.9890	1.0000	0.6185	0.0110	0.7492	0.7492	1	459	0	0.0000	40	0	0.0000	0	0.0000
388	LOC109023386	6	6	6	0.9586	0.9394	1.0000	0.2454	0.0414	0.3019	0.1723	4	333	0	0.0000	40	0	0.0000	1	0.0250
390	LOC101145660	2	2	1	0.9933	0.9933	1.0000	0.4324	0.0067	0.6079	0.6079	1	76	0	0.0000	40	0	0.0000	0	0.0000
391	DEXI	4	3	3	0.9144	0.8667	1.0000	0.4793	0.0856	0.2703	0.1944	3	248	0	0.0000	40	0	0.0000	0	0.0000
392	LOC129527067	2	2	1	0.0000	0.0000	0.0000	0.3213	0.0000	0.3100	0.3100	1	580	0	0.0000	40	0	0.0000	0	0.0000
393	LOC129527071	3	3	3	0.9464	0.9218	0.9961	0.8340	0.0497	0.8230	0.7383	3	24	4	0.1667	24	4	0.1667	7	0.2917
394	GCHFR	2	2	1	0.0000	0.0000	0.0000	0.3242	0.0000	0.1306	0.1306	1	108	0	0.0000	40	0	0.0000	0	0.0000
396	IDH3A	2	2	1	1.0000	1.0000	1.0000	0.5137	0.0000	0.4617	0.4617	1	1050	0	0.0000	40	0	0.0000	0	0.0000
397	TM6SF1	2	2	1	0.0000	0.0000	0.0000	0.6009	0.0000	0.3233	0.3233	1	291	0	0.0000	40	0	0.0000	0	0.0000
398	LOC115930840	2	2	1	0.8824	0.8824	0.9530	0.2797	0.0706	0.6345	0.6345	1	144	1	0.0069	40	1	0.0250	6	0.1500
401	ZNF519	4	2	1	0.9813	0.9813	1.0000	0.8535	0.0187	0.5784	0.5784	1	95	0	0.0000	40	0	0.0000	6	0.1500
403	MYL12B	2	2	1	0.9336	0.9336	0.9441	0.2707	0.0105	0.1522	0.1522	1	737	0	0.0000	40	0	0.0000	0	0.0000
405	PDPR	4	4	2	0.4939	0.0000	0.9961	0.5288	0.5022	0.2543	0.2380	2	400	1	0.0025	40	0	0.0000	0	0.0000
406	LOC129527724	4	4	6	0.9876	0.9824	1.0000	0.6365	0.0124	0.8397	0.7242	6	286	76	0.2657	40	14	0.3500	17	0.4250
407	LOC129527725	2	2	1	0.9666	0.9666	0.9971	0.4771	0.0305	0.4278	0.4278	1	62	1	0.0161	40	1	0.0250	4	0.1000
408	CHST6	2	2	1	0.8872	0.8872	0.9844	0.5166	0.0972	0.2672	0.2672	1	296	0	0.0000	40	0	0.0000	0	0.0000
411	CTU2	2	2	1	0.0000	0.0000	0.0000	0.1933	0.0000	0.3230	0.3230	1	144	0	0.0000	40	0	0.0000	0	0.0000
412	ZC3H7A	3	3	3	0.9886	0.9853	1.0000	0.9768	0.0114	0.7671	0.6550	3	369	0	0.0000	40	0	0.0000	1	0.0250
413	LOC134757427	6	3	3	0.9910	0.9872	1.0000	0.3185	0.0090	0.8799	0.8242	3	218	5	0.0229	40	0	0.0000	0	0.0000
414	LOC134757427	6	6	6	0.9887	0.9762	1.0000	0.4960	0.0113	0.5197	0.0469	6	1987	2	0.0010	40	0	0.0000	1	0.0250
415	LOC101130854	3	3	3	0.9767	0.9700	1.0000	0.4215	0.0233	0.4376	0.2565	3	242	2	0.0083	40	1	0.0250	1	0.0250
416	SMG1	5	5	6	0.9743	0.9606	1.0000	0.2103	0.0257	0.8615	0.7645	2	339	0	0.0000	40	0	0.0000	1	0.0250
418	CDR2	4	4	4	0.9863	0.9812	1.0000	0.2850	0.0137	0.1880	0.0972	4	1726	0	0.0000	40	0	0.0000	0	0.0000
419	KDM8	2	2	1	0.9990	0.9990	1.0000	0.9997	0.0010	0.9732	0.9732	1	262	114	0.4351	40	21	0.5250	25	0.6250
420	LOC129527614	2	2	1	0.9978	0.9978	1.0000	1.0000	0.0022	0.6750	0.6750	1	136	6	0.0441	40	1	0.0250	12	0.3000
421	MYH11	2	2	1	0.7867	0.7867	0.9249	0.4867	0.1382	0.2581	0.2581	1	1382	0	0.0000	40	0	0.0000	0	0.0000
422	LOC101150079	2	2	1	0.9977	0.9977	1.0000	0.6357	0.0023	0.9453	0.9453	1	402	0	0.0000	40	0	0.0000	0	0.0000
424	LOC129527341	2	2	1	1.0000	1.0000	1.0000	0.6106	0.0000	0.5433	0.5433	1	108	55	0.5093	40	23	0.5750	26	0.6500
425	LOC115931067	2	2	1	1.0000	1.0000	1.0000	1.0000	0.0000	0.9874	0.9874	1	8	8	1.0000	8	8	1.0000	8	1.0000
426	STUB1	2	2	1	0.0000	0.0000	0.0000	0.3153	0.0000	0.2856	0.2856	1	91	0	0.0000	40	0	0.0000	0	0.0000
427	LOC134757436	2	2	1	0.9985	0.9985	0.9985	0.8972	0.0000	0.8565	0.8565	1	15	7	0.4667	15	7	0.4667	13	0.8667
428	LOC129523521	5	3	1	0.9986	0.9986	0.9990	0.9975	0.0004	0.9009	0.9009	1	162	144	0.8889	40	33	0.8250	33	0.8250
429	HCFC1R1	2	2	1	0.0000	0.0000	0.0000	0.4695	0.0000	0.1662	0.1662	1	210	0	0.0000	40	0	0.0000	0	0.0000
430	ZNF75A	2	2	1	0.7772	0.7772	0.8492	0.2279	0.0720	0.2419	0.2419	1	652	0	0.0000	40	0	0.0000	0	0.0000
432	RBL2	2	2	1	0.0000	0.0000	0.0000	0.3117	0.0000	0.2305	0.2305	1	1618	0	0.0000	40	0	0.0000	6	0.1500
433	LOC115931015	2	2	1	0.9156	0.9156	0.9861	0.7709	0.0705	0.8701	0.8701	1	598	1	0.0017	40	1	0.0250	1	0.0250
434	LOC101128458	3	3	3	0.9491	0.9334	1.0000	0.5991	0.0509	0.7114	0.6849	3	107	0	0.0000	40	0	0.0000	0	0.0000
435	SLC7A6	2	2	1	1.0000	1.0000	1.0000	0.7972	0.0000	0.5356	0.5356	1	208	0	0.0000	40	0	0.0000	0	0.0000
439	LOC134757440	2	2	1	0.0000	0.0000	0.0000	0.2612	0.0000	0.1626	0.1626	1	188	0	0.0000	40	0	0.0000	0	0.0000
440	DDX19B	2	2	1	0.9247	0.9247	1.0000	0.5031	0.0753	0.4694	0.4694	1	540	0	0.0000	40	0	0.0000	0	0.0000
443	SDHA	4	4	4	0.9554	0.9464	0.9940	0.2314	0.0386	0.4005	0.1670	4	2332	0	0.0000	40	0	0.0000	0	0.0000
444	SRR	2	2	1	0.0000	0.0000	0.0000	0.2879	0.0000	0.1393	0.1393	1	923	0	0.0000	40	0	0.0000	0	0.0000
449	TXNDC17	2	2	1	1.0000	1.0000	1.0000	0.7865	0.0000	0.2714	0.2714	1	156	0	0.0000	40	0	0.0000	0	0.0000
450	MPDU1-AS1	2	2	1	1.0000	1.0000	1.0000	0.6061	0.0000	0.3699	0.3699	1	87	0	0.0000	40	0	0.0000	0	0.0000
453	MYH8	2	2	1	0.8593	0.8593	0.9647	0.9443	0.1054	0.4503	0.4503	1	43	0	0.0000	40	0	0.0000	0	0.0000
455	DIMT1	2	2	1	1.0000	1.0000	1.0000	0.7311	0.0000	0.4532	0.4532	1	616	0	0.0000	40	0	0.0000	0	0.0000
456	PLPP1	2	2	1	0.0000	0.0000	0.0000	0.2921	0.0000	0.0840	0.0840	1	1897	0	0.0000	40	0	0.0000	0	0.0000
460	CPLANE1	2	2	1	0.9944	0.9944	0.9960	0.7414	0.0016	0.6573	0.6573	1	121	0	0.0000	40	0	0.0000	3	0.0750
462	ZNF823	7	6	15	0.7471	0.0000	1.0000	0.4466	0.2529	0.2931	0.1922	15	754	0	0.0000	40	0	0.0000	0	0.0000
463	ZNF440	8	7	27	0.6950	0.0000	1.0000	0.2761	0.3050	0.3694	0.1566	13	484	0	0.0000	40	0	0.0000	0	0.0000
466	LOC101127631	2	2	1	0.9952	0.9952	0.9952	0.8963	0.0000	0.7492	0.7492	1	625	3	0.0048	40	0	0.0000	5	0.1250
467	LOC101130137	2	2	1	0.7784	0.7784	0.8095	0.4358	0.0311	0.1176	0.1176	1	158	0	0.0000	40	0	0.0000	0	0.0000
469	ZNF780B	2	2	1	0.9142	0.9142	0.9921	0.3600	0.0779	0.4053	0.4053	1	86	0	0.0000	40	0	0.0000	0	0.0000
470	ZNF221	10	10	41	0.8561	0.7737	0.9762	0.3610	0.1201	0.2710	0.1597	26	1059	0	0.0000	40	0	0.0000	0	0.0000
471	POLR1G	2	2	1	0.9607	0.9607	0.9607	0.6722	0.0000	0.4702	0.4702	1	243	0	0.0000	40	0	0.0000	0	0.0000
473	ZNF473	2	2	1	1.0000	1.0000	1.0000	0.9195	0.0000	0.4221	0.4221	1	741	0	0.0000	40	0	0.0000	0	0.0000
474	ZNF841	3	3	2	0.8231	0.8202	0.9127	0.3678	0.0896	0.3839	0.1571	2	432	0	0.0000	40	0	0.0000	0	0.0000
476	ZNF528	2	2	1	0.9176	0.9176	0.9531	0.2820	0.0355	0.2195	0.2195	1	150	0	0.0000	40	0	0.0000	0	0.0000
477	OSBPL10	18	17	125	0.8027	0.0000	0.9921	0.2392	0.1894	0.3421	0.1456	73	2720	0	0.0000	40	0	0.0000	0	0.0000
479	LOC101126065	2	2	1	0.8122	0.8122	0.8730	0.2194	0.0608	0.2049	0.2049	1	1047	0	0.0000	40	0	0.0000	0	0.0000
480	NLRP7	2	2	1	0.8266	0.8266	0.9235	0.3935	0.0969	0.2806	0.2806	1	73	0	0.0000	40	0	0.0000	0	0.0000
481	RFPL4A	5	5	3	0.5710	0.0000	1.0000	0.6048	0.4290	0.5998	0.2361	2	133	1	0.0075	40	0	0.0000	1	0.0250
482	ZSCAN5B	3	3	3	0.9287	0.8932	1.0000	0.6571	0.0713	0.7597	0.5890	3	112	0	0.0000	40	0	0.0000	0	0.0000
483	ZNF264	3	3	3	0.8124	0.7618	0.9762	0.4066	0.1638	0.2383	0.1663	2	228	0	0.0000	40	0	0.0000	0	0.0000
484	ZNF547	2	2	1	0.8830	0.8830	0.8830	0.2258	0.0000	0.7435	0.7435	1	449	0	0.0000	40	0	0.0000	0	0.0000
485	LOC101124732	6	4	3	0.5534	0.0000	0.9841	0.3065	0.4307	0.3587	0.2992	2	419	0	0.0000	40	0	0.0000	0	0.0000
486	ZNF324	3	2	1	0.8550	0.8550	0.9048	0.2185	0.0498	0.4781	0.4781	1	110	0	0.0000	40	0	0.0000	0	0.0000
487	LOC101129558	2	2	1	0.8961	0.8961	0.9243	0.3748	0.0282	0.2105	0.2105	1	49	0	0.0000	40	0	0.0000	0	0.0000
488	NAA20	2	2	1	0.9978	0.9978	0.9978	0.8479	0.0000	0.5269	0.5269	1	748	0	0.0000	40	0	0.0000	0	0.0000
489	NFS1	2	2	1	0.0000	0.0000	0.0000	0.2617	0.0000	0.0704	0.0704	1	187	0	0.0000	40	0	0.0000	0	0.0000
491	NEURL2	2	2	1	1.0000	1.0000	1.0000	0.8084	0.0000	0.3531	0.3531	1	1300	0	0.0000	40	0	0.0000	0	0.0000
493	LOC129529112	2	2	1	0.9518	0.9518	0.9833	1.0000	0.0315	0.9183	0.9183	1	9	0	0.0000	9	0	0.0000	0	0.0000
494	NELFCD	2	2	1	0.0000	0.0000	0.0000	0.3816	0.0000	0.1323	0.1323	1	1008	0	0.0000	40	0	0.0000	0	0.0000
495	LOC115933187	2	2	1	0.9870	0.9870	1.0000	0.4068	0.0130	0.6242	0.6242	1	131	0	0.0000	40	0	0.0000	1	0.0250
496	LOC129530473	2	2	1	0.9999	0.9999	1.0000	0.6071	0.0001	0.9909	0.9909	1	31	10	0.3226	31	10	0.3226	31	1.0000
497	LOC101142904	2	2	1	0.9980	0.9980	1.0000	0.3802	0.0020	0.9956	0.9956	1	80	1	0.0125	40	0	0.0000	1	0.0250
499	LOC129530478	3	3	1	0.9852	0.9852	0.9927	0.7828	0.0075	0.9029	0.9029	1	63	0	0.0000	39	0	0.0000	0	0.0000
505	TCEAL2	2	2	1	0.9722	0.9722	0.9722	0.3810	0.0000	0.1998	0.1998	1	426	0	0.0000	40	0	0.0000	0	0.0000
506	TCEAL6	3	3	3	0.2952	0.0000	0.9162	0.3895	0.6210	0.2031	0.1948	2	261	0	0.0000	40	0	0.0000	0	0.0000
507	LOC129523474	3	3	3	0.8945	0.8429	1.0000	0.5788	0.1055	0.5742	0.1676	2	1114	356	0.3196	40	11	0.2750	11	0.2750
509	BEX1	2	2	1	0.8632	0.8632	0.8667	0.3416	0.0035	0.5405	0.5405	1	202	0	0.0000	40	0	0.0000	0	0.0000
510	ZCCHC18	2	2	1	0.8691	0.8691	0.9020	0.3238	0.0329	0.4344	0.4344	1	30	0	0.0000	30	0	0.0000	0	0.0000
513	DCAF12L2	2	2	1	0.8492	0.8492	0.8492	0.3940	0.0000	0.3376	0.3376	1	592	0	0.0000	40	0	0.0000	0	0.0000
514	EOLA1	2	2	1	0.9919	0.9919	1.0000	0.4244	0.0081	0.1919	0.1919	1	222	7	0.0315	40	3	0.0750	40	1.0000
515	LOC129530018	2	2	1	0.9360	0.9360	1.0000	0.9387	0.0640	0.8904	0.8904	1	104	103	0.9904	40	40	1.0000	40	1.0000
516	LOC129530020	2	2	1	0.9959	0.9959	1.0000	1.0000	0.0041	0.2873	0.2873	1	1035	1	0.0010	40	0	0.0000	0	0.0000
517	MAGEA12	11	7	21	0.8516	0.7630	1.0000	0.5588	0.1484	0.7025	0.3036	19	1173	384	0.3274	40	15	0.3750	15	0.3750
518	PNMA6E	3	3	1	0.7944	0.7944	0.7944	0.2383	0.0000	0.7155	0.7155	1	37	0	0.0000	37	0	0.0000	0	0.0000
519	IKBKG	2	2	1	0.9918	0.9918	0.9986	0.7542	0.0068	0.6273	0.6273	1	440	62	0.1409	40	6	0.1500	6	0.1500
520	LOC129529790	5	5	10	0.8930	0.8277	0.9948	0.4778	0.1018	0.7386	0.4648	10	220	15	0.0682	40	3	0.0750	12	0.3000
521	ZFX	2	2	1	0.9141	0.9141	0.9786	0.3420	0.0645	0.3856	0.3856	1	247	0	0.0000	40	0	0.0000	0	0.0000
522	MAGEB6B	2	2	1	0.8674	0.8674	0.8674	0.4114	0.0000	0.6671	0.6671	1	28	0	0.0000	28	0	0.0000	0	0.0000
524	USP9X	2	2	1	0.8814	0.8814	0.9245	0.3511	0.0431	0.5538	0.5538	1	958	0	0.0000	40	0	0.0000	0	0.0000
525	DDX3X	2	2	1	0.8658	0.8658	0.9437	0.3009	0.0779	0.4524	0.4524	1	3200	0	0.0000	40	0	0.0000	0	0.0000
526	LOC101151343	3	3	3	0.9297	0.8951	0.9983	0.5059	0.0686	0.8124	0.7502	3	47	38	0.8085	40	33	0.8250	33	0.8250
527	LOC129529765	9	9	30	0.9994	0.9980	1.0000	0.8456	0.0006	0.4980	0.0984	28	263	197	0.7490	40	30	0.7500	38	0.9500
528	NUDT10	2	2	1	0.8998	0.8998	0.8998	0.2192	0.0000	0.2978	0.2978	1	3943	0	0.0000	40	0	0.0000	0	0.0000
529	LOC101146541	2	2	1	0.9908	0.9908	1.0000	0.9344	0.0092	0.9816	0.9816	1	167	158	0.9461	40	37	0.9250	40	1.0000
530	LOC115932194	2	2	1	0.9916	0.9916	0.9929	0.9979	0.0013	0.9202	0.9202	1	39	38	0.9744	39	38	0.9744	38	0.9744
531	KDM5C	2	2	1	0.8547	0.8547	0.9196	0.2697	0.0649	0.5029	0.5029	1	671	0	0.0000	40	0	0.0000	0	0.0000
532	FAM236B	2	2	1	0.9934	0.9934	0.9939	0.6974	0.0005	0.8099	0.8099	1	74	69	0.9324	40	36	0.9000	40	1.0000
533	LOC129530205	9	9	21	0.9791	0.9547	1.0000	0.5413	0.0209	0.5518	0.2062	18	136	12	0.0882	40	2	0.0500	7	0.1750
534	LOC129530250	2	2	1	0.9182	0.9182	0.9500	0.7500	0.0318	0.5387	0.5387	1	255	0	0.0000	40	0	0.0000	0	0.0000
535	LOC129530275	4	4	6	1.0000	1.0000	1.0000	1.0000	0.0000	0.9719	0.9501	6	26	26	1.0000	26	26	1.0000	26	1.0000
538	TRNT1	2	2	1	0.8183	0.8183	0.8183	0.5988	0.0000	0.4965	0.4965	1	1759	0	0.0000	40	0	0.0000	0	0.0000
542	LOC101127338	2	2	1	0.9596	0.9596	0.9821	0.6561	0.0225	0.8333	0.8333	1	26	0	0.0000	26	0	0.0000	0	0.0000
549	ACTL6A	2	2	1	0.0000	0.0000	0.0000	0.4282	0.0000	0.2994	0.2994	1	424	0	0.0000	40	0	0.0000	0	0.0000
552	MKRN2	2	2	1	0.9980	0.9980	0.9980	0.4747	0.0000	0.4508	0.4508	1	2466	0	0.0000	40	0	0.0000	0	0.0000
553	UBE2E1	2	2	1	0.0000	0.0000	0.0000	0.6902	0.0000	0.2911	0.2911	1	1612	0	0.0000	40	0	0.0000	0	0.0000
561	DGCR6	2	2	1	0.9623	0.9623	0.9900	0.6517	0.0277	0.3277	0.3277	1	243	0	0.0000	40	0	0.0000	0	0.0000
562	ZNF74	3	2	1	0.9904	0.9904	0.9921	0.2451	0.0017	0.2283	0.2283	1	156	0	0.0000	40	0	0.0000	0	0.0000
563	PI4KA	2	2	1	0.9831	0.9831	0.9937	0.5759	0.0106	0.3510	0.3510	1	243	0	0.0000	40	0	0.0000	0	0.0000
564	LOC101132434	4	4	6	0.9670	0.9448	0.9930	0.5087	0.0260	0.5641	0.3220	6	265	0	0.0000	40	0	0.0000	0	0.0000
566	LOC101141165	2	2	1	0.9181	0.9181	0.9181	0.3016	0.0000	0.0691	0.0691	1	171	0	0.0000	40	0	0.0000	0	0.0000
568	APOL3	3	3	2	0.8439	0.8068	0.8810	0.3286	0.0371	0.2277	0.2183	2	212	0	0.0000	40	0	0.0000	0	0.0000
569	APOBEC3D	3	3	3	0.8649	0.8338	0.9872	0.3182	0.1223	0.3895	0.2415	3	306	0	0.0000	40	0	0.0000	1	0.0250
570	SERHL2	2	2	1	0.9734	0.9734	1.0000	0.4361	0.0266	0.3436	0.3436	1	252	0	0.0000	40	0	0.0000	0	0.0000
572	NCAPH2	2	2	1	1.0000	1.0000	1.0000	0.8247	0.0000	0.2382	0.2382	1	315	0	0.0000	40	0	0.0000	0	0.0000
