fam_id	member
0	DN_NC_073227.2_211080863_4
0	DN_NC_073227.2_8155721_4
0	DN_NC_073229.2_195378107_3
0	DN_NC_073230.2_168783006_4
0	DN_NC_073231.2_150902261_3
0	DN_NC_073232.2_146269317_5
0	DN_NC_073232.2_8583099_4
0	DN_NC_073236.2_140400059_5
0	DN_NC_073237.2_118498911_4
0	DN_NC_073239.2_124648897_4
0	DN_NC_073240.2_103747497_4
0	DN_NC_073241.2_110003031_5
0	DN_NC_073242.2_121237165_4
0	DN_NC_073244.2_70818649_5
0	DN_NC_086017.1_211655827_5
0	DN_NC_086017.1_9337960_4
1	DN_NC_073236.2_32866582_11
1	DN_NC_073236.2_32935295_3
1	DN_NC_073236.2_32935299_2
1	DN_NC_073236.2_32985892_2
1	DN_NC_073236.2_32986425_2
1	DN_NC_073236.2_32986917_2
1	DN_NC_073236.2_32986956_2
1	DN_NC_073237.2_24384479_2
1	DN_NC_073237.2_24384787_2
1	DN_NC_073237.2_24387014_11
1	DN_NC_073237.2_29418618_13
1	DN_NC_073237.2_31481917_11
1	DN_NC_073237.2_93516915_6
1	DN_NC_073238.2_54832744_2
2	DN_NC_073227.2_210893336_9
2	DN_NC_073235.2_33703802_2
2	DN_NC_073235.2_34402342_7
2	DN_NC_073236.2_21829724_2
2	DN_NC_073236.2_26203134_8
2	DN_NC_073238.2_24693721_8
2	DN_NC_073239.2_44147073_8
2	DN_NC_073239.2_44758266_8
2	DN_NC_073240.2_14911190_8
2	DN_NC_073245.2_42779121_5
2	DN_NC_073246.2_2235416_3
2	DN_NC_073248.2_10847471_7
2	DN_NC_086018.1_1774757_3
3	DN_NC_073230.2_74190289_5
3	DN_NC_073230.2_74299233_4
3	DN_NC_073230.2_74637722_4
3	DN_NC_073230.2_74637814_2
3	DN_NC_073244.2_27765726_4
3	DN_NC_073244.2_28072858_4
3	DN_NC_073244.2_28588105_4
3	DN_NC_073244.2_29232445_4
3	DN_NC_073244.2_29557605_4
3	DN_NC_073244.2_29680825_2
3	DN_NC_073244.2_29680825_4
3	DN_NC_073244.2_30438340_4
3	DN_NC_073244.2_30438386_2
4	DN_NC_073227.2_8633416_4
4	DN_NC_073227.2_8633418_2
4	DN_NC_073227.2_8705656_4
4	DN_NC_073227.2_8907801_4
4	DN_NC_073227.2_9009655_3
4	DN_NC_073227.2_9009888_2
4	DN_NC_073227.2_9010062_2
4	DN_NC_073241.2_36126183_3
4	DN_NC_073241.2_36126198_2
4	DN_NC_073246.2_15789285_3
4	DN_NC_073246.2_15789320_2
5	DN_NC_073244.2_17635782_4
5	DN_NC_073244.2_17831067_3
5	DN_NC_073244.2_17846610_4
5	DN_NC_073244.2_17876785_4
5	DN_NC_073244.2_17922158_4
5	DN_NC_073244.2_17960497_4
5	DN_NC_073244.2_17994654_4
5	DN_NC_073244.2_18564507_4
5	DN_NC_073244.2_18614963_5
6	DN_NC_073247.2_164381222_3
6	DN_NC_073247.2_164381237_2
6	DN_NC_073247.2_164397061_3
6	DN_NC_073247.2_164405406_2
6	DN_NC_073247.2_164407411_3
6	DN_NC_073247.2_164407414_2
6	DN_NC_073247.2_164426194_3
6	DN_NC_073247.2_164442447_2
6	DN_NC_073247.2_164442447_3
7	DN_NC_073247.2_59696701_5
7	DN_NC_073247.2_59706220_5
7	DN_NC_073247.2_59715729_5
7	DN_NC_073247.2_59725264_5
7	DN_NC_073247.2_59744368_5
7	DN_NC_073247.2_59753367_5
7	DN_NC_073247.2_59772963_5
7	DN_NC_073247.2_59782481_5
7	DN_NC_073247.2_59792068_6
8	DN_NC_073248.2_15918163_7
8	DN_NC_073248.2_16416010_5
8	DN_NC_073248.2_19602755_10
8	DN_NC_073248.2_19625716_11
8	DN_NC_073248.2_19648671_11
8	DN_NC_073248.2_19671639_11
8	DN_NC_073248.2_19694607_11
8	DN_NC_073248.2_25704431_6
8	DN_NC_073248.2_25725363_11
9	DN_NC_073224.2_115073393_19
9	DN_NC_073224.2_116807774_25
9	DN_NC_073224.2_117494263_25
9	DN_NC_073224.2_124234032_12
9	DN_NC_073224.2_124254598_20
9	DN_NC_073224.2_129970070_21
9	DN_NC_073224.2_130224824_25
9	DN_NC_073224.2_130335848_23
10	DN_NC_073227.2_17445647_6
10	DN_NC_073231.2_11581641_7
10	DN_NC_073233.2_75718276_6
10	DN_NC_073242.2_8725127_13
10	DN_NC_073242.2_8737492_8
10	DN_NC_086017.1_136773097_2
10	DN_NC_086017.1_141278779_5
10	DN_NC_086017.1_85330170_7
11	DN_NC_073244.2_64426370_6
11	DN_NC_073244.2_64500861_5
11	DN_NC_073244.2_64618758_7
11	DN_NC_073244.2_64672255_4
11	DN_NC_073244.2_64724127_4
11	DN_NC_073244.2_64908457_4
11	DN_NC_086017.1_41849470_3
11	DN_NC_086017.1_41849524_2
12	DN_NC_073224.2_15670210_25
12	DN_NC_073224.2_15783681_8
12	DN_NC_073224.2_19027212_8
12	DN_NC_073224.2_19135994_8
12	DN_NC_073224.2_19235747_8
12	DN_NC_073224.2_19344252_8
12	DN_NC_073224.2_29070818_24
13	DN_NC_073228.2_27148471_4
13	DN_NC_073228.2_45686814_4
13	DN_NC_073228.2_45710800_6
13	DN_NC_073228.2_45948292_6
13	DN_NC_073228.2_46729356_10
13	DN_NC_073228.2_60914130_12
13	DN_NC_073228.2_62340772_5
14	DN_NC_073229.2_47377766_7
14	DN_NC_073229.2_47549272_8
14	DN_NC_073229.2_47588366_4
14	DN_NC_073229.2_47663527_8
14	DN_NC_073229.2_48177425_8
14	DN_NC_073229.2_48967498_8
14	DN_NC_073229.2_49051174_8
15	DN_NC_073230.2_112158616_4
15	DN_NC_073230.2_47098444_23
15	DN_NC_073230.2_51812102_9
15	DN_NC_073230.2_86050165_15
15	DN_NC_073230.2_86128587_5
15	DN_NC_073230.2_86213678_7
15	DN_NC_073230.2_86257459_21
16	DN_NC_073232.2_42022900_16
16	DN_NC_073232.2_72618921_23
16	DN_NC_073236.2_30994185_5
16	DN_NC_073237.2_22957046_5
16	DN_NC_073238.2_29552503_8
16	DN_NC_073238.2_31858801_4
16	DN_NC_086018.1_19844955_6
17	DN_NC_073242.2_15582646_2
17	DN_NC_073242.2_15582850_2
17	DN_NC_073242.2_30609225_2
17	DN_NC_073242.2_30609335_2
17	DN_NC_073242.2_31473281_2
17	DN_NC_073242.2_31473413_2
17	DN_NC_073242.2_35192809_3
18	DN_NC_073227.2_17184793_5
18	DN_NC_073227.2_17184840_5
18	DN_NC_073236.2_21263952_7
18	DN_NC_073238.2_22875925_6
18	DN_NC_073238.2_24580375_8
18	DN_NC_073240.2_14396114_6
19	DN_NC_073229.2_21212091_2
19	DN_NC_073229.2_21250610_2
19	DN_NC_073229.2_21260621_3
19	DN_NC_073229.2_21267403_2
19	DN_NC_073229.2_21328949_3
19	DN_NC_073229.2_21332828_2
20	DN_NC_073239.2_123333518_3
20	DN_NC_073239.2_123333523_2
20	DN_NC_073239.2_123336059_3
20	DN_NC_073239.2_123449122_2
20	DN_NC_073239.2_123454428_3
20	DN_NC_073239.2_123454429_2
21	DN_NC_073240.2_23447377_5
21	DN_NC_073240.2_23459848_11
21	DN_NC_073240.2_24764672_4
21	DN_NC_073240.2_24965661_3
21	DN_NC_073240.2_29509629_20
21	DN_NC_073240.2_31271054_17
22	DN_NC_073244.2_26240035_4
22	DN_NC_073244.2_26240039_2
22	DN_NC_073244.2_26314241_4
22	DN_NC_073244.2_26666712_5
22	DN_NC_073244.2_26901109_4
22	DN_NC_073244.2_27131194_2
23	DN_NC_073244.2_48384768_7
23	DN_NC_073244.2_49072464_4
23	DN_NC_073244.2_49101177_5
23	DN_NC_073244.2_51783968_5
23	DN_NC_073244.2_51825388_5
23	DN_NC_073244.2_55341363_7
24	DN_NC_073224.2_150567709_6
24	DN_NC_073224.2_150712594_12
24	DN_NC_073224.2_150859518_11
24	DN_NC_073224.2_150903711_11
24	DN_NC_073224.2_150948916_11
25	DN_NC_073227.2_139561252_10
25	DN_NC_073227.2_148253939_6
25	DN_NC_073227.2_166164041_5
25	DN_NC_073230.2_53547116_11
25	DN_NC_073233.2_55845432_8
26	DN_NC_073227.2_212285016_9
26	DN_NC_073231.2_151170137_9
26	DN_NC_073235.2_15131698_9
26	DN_NC_073247.2_167707352_7
26	DN_NC_086018.1_48818439_9
27	DN_NC_073227.2_97044821_2
27	DN_NC_073233.2_6759783_2
27	DN_NC_073233.2_6761147_2
27	DN_NC_073233.2_6771931_2
27	DN_NC_073233.2_6771945_2
28	DN_NC_073228.2_183595646_14
28	DN_NC_073247.2_113184288_2
28	DN_NC_073247.2_113184310_2
28	DN_NC_073247.2_113184407_2
28	DN_NC_073247.2_113184615_2
29	DN_NC_073228.2_78946144_3
29	DN_NC_073228.2_78970101_2
29	DN_NC_073228.2_78970117_3
29	DN_NC_073242.2_66481481_2
29	DN_NC_073242.2_68108553_2
30	DN_NC_073229.2_70515777_4
30	DN_NC_073229.2_70527768_7
30	DN_NC_073229.2_70567152_7
30	DN_NC_073229.2_70609285_7
30	DN_NC_073229.2_70674504_7
31	DN_NC_073234.2_48448103_8
31	DN_NC_073240.2_43610228_10
31	DN_NC_086017.1_171687466_2
31	DN_NC_086017.1_171687484_2
31	DN_NC_086017.1_171687563_2
32	DN_NC_073236.2_46676942_15
32	DN_NC_073236.2_47732210_12
32	DN_NC_073236.2_51202468_4
32	DN_NC_073236.2_51437835_4
32	DN_NC_073236.2_52824428_4
33	DN_NC_073239.2_122615409_4
33	DN_NC_073239.2_122634080_4
33	DN_NC_073239.2_122741455_4
33	DN_NC_073239.2_122769394_7
33	DN_NC_073239.2_122796928_6
34	DN_NC_073240.2_23725358_9
34	DN_NC_073240.2_29803770_8
34	DN_NC_073242.2_14569289_2
34	DN_NC_073242.2_14569289_3
34	DN_NC_086017.1_43678546_18
35	DN_NC_073242.2_15607160_18
35	DN_NC_073242.2_15726062_24
35	DN_NC_073242.2_28689005_18
35	DN_NC_073242.2_30717385_31
35	DN_NC_073242.2_31497679_8
36	DN_NC_073242.2_85735381_3
36	DN_NC_073242.2_85744192_2
36	DN_NC_073242.2_85759116_3
36	DN_NC_073242.2_85790824_3
36	DN_NC_073242.2_85815514_3
37	DN_NC_073244.2_55497464_5
37	DN_NC_073244.2_55516115_5
37	DN_NC_073244.2_55585242_5
37	DN_NC_073244.2_55654796_6
37	DN_NC_073244.2_55771764_5
38	DN_NC_073247.2_11741565_2
38	DN_NC_073247.2_11741821_2
38	DN_NC_073248.2_9064540_2
38	DN_NC_073248.2_9064541_2
38	DN_NC_073248.2_9064807_2
39	DN_NC_073247.2_17003459_2
39	DN_NC_073247.2_18318973_2
39	DN_NC_073247.2_18638732_2
39	DN_NC_073247.2_18934892_2
39	DN_NC_073248.2_30080680_2
40	DN_NC_073224.2_27333739_3
40	DN_NC_073228.2_64771915_4
40	DN_NC_073228.2_64771950_2
40	DN_NC_073234.2_48400691_7
41	DN_NC_073227.2_211100517_2
41	DN_NC_073236.2_140396809_2
41	DN_NC_073237.2_118518303_5
41	DN_NC_073239.2_124645701_2
42	DN_NC_073227.2_211898132_4
42	DN_NC_073229.2_194862622_5
42	DN_NC_073240.2_103158559_3
42	DN_NC_073244.2_50702615_6
43	DN_NC_073228.2_18661468_2
43	DN_NC_073228.2_18662817_2
43	DN_NC_073228.2_18665630_2
43	DN_NC_073228.2_18685553_2
44	DN_NC_073228.2_64851588_2
44	DN_NC_073228.2_64854515_2
44	DN_NC_073235.2_134120506_2
44	DN_NC_073247.2_105164639_2
45	DN_NC_073229.2_43677378_4
45	DN_NC_073229.2_67950085_3
45	DN_NC_073241.2_83874271_3
45	DN_NC_086017.1_112545872_3
46	DN_NC_073229.2_44501801_6
46	DN_NC_073243.2_40356335_7
46	DN_NC_073243.2_74160733_18
46	DN_NC_073243.2_79717303_18
47	DN_NC_073230.2_101581724_4
47	DN_NC_073230.2_101602035_18
47	DN_NC_073230.2_101646218_2
47	DN_NC_073230.2_101646316_2
48	DN_NC_073230.2_14161449_15
48	DN_NC_073230.2_76425037_7
48	DN_NC_073230.2_80576116_9
48	DN_NC_073230.2_81087606_7
49	DN_NC_073230.2_161461453_3
49	DN_NC_073230.2_161461454_2
49	DN_NC_073236.2_23070420_5
49	DN_NC_073240.2_17174470_5
50	DN_NC_073232.2_103966561_2
50	DN_NC_073232.2_103968753_7
50	DN_NC_073232.2_104121075_2
50	DN_NC_073232.2_104126081_2
51	DN_NC_073235.2_144819821_8
51	DN_NC_073235.2_144823500_4
51	DN_NC_073242.2_3673676_5
51	DN_NC_073242.2_3677891_18
52	DN_NC_073235.2_31723374_5
52	DN_NC_073235.2_32697745_5
52	DN_NC_073238.2_31467876_5
52	DN_NC_073240.2_22595737_5
53	DN_NC_073236.2_121320001_9
53	DN_NC_073236.2_121348824_2
53	DN_NC_073236.2_121348828_2
53	DN_NC_073236.2_121349000_3
54	DN_NC_073236.2_125241687_3
54	DN_NC_073236.2_125269048_2
54	DN_NC_073236.2_125270757_2
54	DN_NC_073236.2_125270768_2
55	DN_NC_073236.2_22701854_7
55	DN_NC_073236.2_25270756_7
55	DN_NC_073240.2_15970659_7
55	DN_NC_073247.2_165410205_10
56	DN_NC_073236.2_32676987_2
56	DN_NC_073237.2_24562360_2
56	DN_NC_073237.2_24562366_2
56	DN_NC_073237.2_31692944_2
57	DN_NC_073236.2_33289090_9
57	DN_NC_073237.2_23692487_10
57	DN_NC_073237.2_23917005_2
57	DN_NC_073237.2_30061699_3
58	DN_NC_073236.2_44341131_2
58	DN_NC_073236.2_44341132_3
58	DN_NC_073236.2_44341142_4
58	DN_NC_073236.2_44341152_2
59	DN_NC_073237.2_30974188_2
59	DN_NC_073237.2_30974494_2
59	DN_NC_073237.2_30974592_2
59	DN_NC_073247.2_166096407_3
60	DN_NC_073238.2_32460857_5
60	DN_NC_073238.2_33291944_6
60	DN_NC_073238.2_34005367_9
60	DN_NC_073240.2_22623333_4
61	DN_NC_073238.2_8052138_7
61	DN_NC_073240.2_4575875_4
61	DN_NC_073241.2_195924_6
61	DN_NC_073244.2_11377962_21
62	DN_NC_073240.2_20543122_2
62	DN_NC_073240.2_21986088_4
62	DN_NC_073240.2_22861517_2
62	DN_NC_073240.2_24224495_2
63	DN_NC_073240.2_21546861_14
63	DN_NC_073240.2_23219746_14
63	DN_NC_073242.2_37435648_13
63	DN_NC_073244.2_44006563_15
64	DN_NC_073240.2_21601841_7
64	DN_NC_073240.2_23210840_6
64	DN_NC_073242.2_37476471_6
64	DN_NC_086018.1_26719433_15
65	DN_NC_073242.2_103765562_7
65	DN_NC_073242.2_103773356_15
65	DN_NC_073242.2_99543624_18
65	DN_NC_073242.2_99582133_7
66	DN_NC_073242.2_104350782_12
66	DN_NC_073242.2_104912717_12
66	DN_NC_073242.2_99181437_12
66	DN_NC_073242.2_99604879_12
67	DN_NC_073242.2_18210354_26
67	DN_NC_073242.2_21122105_21
67	DN_NC_073242.2_21673693_21
67	DN_NC_073242.2_22021271_21
68	DN_NC_073242.2_21170576_8
68	DN_NC_073242.2_21650759_11
68	DN_NC_073242.2_29556580_18
68	DN_NC_073242.2_31545375_14
69	DN_NC_073242.2_66060664_2
69	DN_NC_073242.2_66060865_2
69	DN_NC_073242.2_66831403_2
69	DN_NC_073242.2_66832276_2
70	DN_NC_073243.2_112081564_15
70	DN_NC_086017.1_207228653_16
70	DN_NC_086017.1_207540432_15
70	DN_NC_086017.1_209174437_6
71	DN_NC_073244.2_27504818_5
71	DN_NC_073244.2_27566430_5
71	DN_NC_073244.2_27626411_5
71	DN_NC_073244.2_29970261_4
72	DN_NC_073244.2_28431147_7
72	DN_NC_073244.2_28711447_2
72	DN_NC_073244.2_28711447_4
72	DN_NC_073244.2_29297022_4
73	DN_NC_073246.2_2410732_2
73	DN_NC_073246.2_2410733_2
73	DN_NC_086018.1_1957958_2
73	DN_NC_086018.1_6578545_2
74	DN_NC_073247.2_113908222_3
74	DN_NC_073247.2_113922705_3
74	DN_NC_073247.2_115371773_3
74	DN_NC_073247.2_115394224_3
75	DN_NC_073248.2_34736504_6
75	DN_NC_073248.2_34798633_6
75	DN_NC_073248.2_34819290_6
75	DN_NC_073248.2_34839953_6
76	DN_NC_086017.1_152589059_3
76	DN_NC_086017.1_152612872_2
76	DN_NC_086017.1_152618662_2
76	DN_NC_086017.1_152627210_2
77	DN_NC_086018.1_18646417_6
77	DN_NC_086018.1_20765108_15
77	DN_NC_086018.1_22166696_9
77	DN_NC_086018.1_22406144_7
78	DN_NC_086018.1_28714522_15
78	DN_NC_086018.1_28941798_2
78	DN_NC_086018.1_28941800_2
78	DN_NC_086018.1_28944611_26
79	DN_NC_073224.2_115215234_17
79	DN_NC_073224.2_117217199_13
79	DN_NC_073224.2_130013703_13
80	DN_NC_073224.2_117114419_5
80	DN_NC_073224.2_124983304_5
80	DN_NC_073224.2_130157457_4
81	DN_NC_073224.2_117447152_14
81	DN_NC_073224.2_130305133_13
81	DN_NC_073243.2_111262956_13
82	DN_NC_073224.2_120975632_11
82	DN_NC_073238.2_24435116_16
82	DN_NC_086018.1_22138206_15
83	DN_NC_073224.2_129191737_8
83	DN_NC_073224.2_129211328_8
83	DN_NC_073224.2_130416112_8
84	DN_NC_073224.2_150982091_3
84	DN_NC_073224.2_150982352_2
84	DN_NC_073247.2_148580448_11
85	DN_NC_073224.2_223291569_8
85	DN_NC_073224.2_223478295_8
85	DN_NC_073224.2_223613827_8
86	DN_NC_073224.2_231736369_12
86	DN_NC_073224.2_25093112_7
86	DN_NC_073235.2_104226160_12
87	DN_NC_073224.2_8222521_2
87	DN_NC_073224.2_8222533_2
87	DN_NC_073224.2_8222533_5
88	DN_NC_073224.2_8422960_4
88	DN_NC_073230.2_73508332_4
88	DN_NC_073230.2_73776646_4
89	DN_NC_073224.2_98617594_3
89	DN_NC_073229.2_52163606_6
89	DN_NC_073244.2_54257531_4
90	DN_NC_073228.2_123138556_2
90	DN_NC_073228.2_123227430_2
90	DN_NC_073228.2_123228116_2
91	DN_NC_073228.2_144514226_7
91	DN_NC_073228.2_144514232_2
91	DN_NC_073228.2_144520267_4
92	DN_NC_073228.2_145157314_2
92	DN_NC_073228.2_145157318_2
92	DN_NC_073228.2_145157358_2
93	DN_NC_073228.2_145306375_4
93	DN_NC_073228.2_145338559_2
93	DN_NC_073228.2_145339446_2
94	DN_NC_073228.2_179980536_5
94	DN_NC_073228.2_181539844_2
94	DN_NC_073228.2_182670660_2
95	DN_NC_073228.2_183658467_2
95	DN_NC_073228.2_183658482_2
95	DN_NC_073247.2_162650382_5
96	DN_NC_073228.2_18739186_3
96	DN_NC_073228.2_18740149_2
96	DN_NC_073228.2_18761647_14
97	DN_NC_073228.2_27169290_8
97	DN_NC_073228.2_45974488_9
97	DN_NC_073228.2_46778774_7
98	DN_NC_073228.2_54243403_14
98	DN_NC_073228.2_56462402_14
98	DN_NC_073228.2_56531257_20
99	DN_NC_073228.2_64369461_5
99	DN_NC_073231.2_4571400_3
99	DN_NC_073244.2_6036407_2
100	DN_NC_073228.2_70438436_2
100	DN_NC_073228.2_83793803_2
100	DN_NC_073228.2_83796015_2
101	DN_NC_073228.2_70530128_4
101	DN_NC_073228.2_78905136_2
101	DN_NC_073228.2_78905136_3
102	DN_NC_073228.2_78872851_5
102	DN_NC_073245.2_35742393_2
102	DN_NC_073245.2_35910982_4
103	DN_NC_073228.2_9291784_6
103	DN_NC_073242.2_4214750_6
103	DN_NC_073247.2_115190067_8
104	DN_NC_073229.2_17702988_11
104	DN_NC_073234.2_15631092_11
104	DN_NC_086017.1_9790451_11
105	DN_NC_073229.2_50085643_6
105	DN_NC_073229.2_50165852_6
105	DN_NC_073229.2_50300098_6
106	DN_NC_073229.2_52857877_2
106	DN_NC_073229.2_52857903_3
106	DN_NC_073229.2_52876398_7
107	DN_NC_073229.2_56880800_2
107	DN_NC_073229.2_56880803_3
107	DN_NC_073229.2_56887365_2
108	DN_NC_073229.2_86209092_3
108	DN_NC_073234.2_71885470_2
108	DN_NC_073243.2_86703688_5
109	DN_NC_073229.2_97606864_8
109	DN_NC_073243.2_97368865_2
109	DN_NC_073243.2_97368870_3
110	DN_NC_073230.2_111536331_2
110	DN_NC_073230.2_111581927_2
110	DN_NC_073230.2_111582002_2
111	DN_NC_073230.2_160290576_8
111	DN_NC_073232.2_68914292_6
111	DN_NC_073232.2_99479042_10
112	DN_NC_073230.2_47037104_3
112	DN_NC_073230.2_47037167_3
112	DN_NC_073230.2_51605178_3
113	DN_NC_073230.2_63938060_3
113	DN_NC_073230.2_64191496_8
113	DN_NC_073230.2_64705365_4
114	DN_NC_073230.2_72857214_2
114	DN_NC_073230.2_72907176_2
114	DN_NC_073230.2_73388327_2
115	DN_NC_073230.2_8501928_2
115	DN_NC_073230.2_8512370_2
115	DN_NC_073230.2_8512725_3
116	DN_NC_073230.2_90977223_13
116	DN_NC_073236.2_31364804_7
116	DN_NC_073236.2_31570340_7
117	DN_NC_073232.2_108399400_7
117	DN_NC_073232.2_108425417_2
117	DN_NC_073232.2_108425608_2
118	DN_NC_073232.2_64911725_5
118	DN_NC_073232.2_65009281_5
118	DN_NC_073232.2_65534545_21
119	DN_NC_073232.2_71881610_2
119	DN_NC_073232.2_71881634_2
119	DN_NC_073232.2_71892021_2
120	DN_NC_073233.2_119980246_6
120	DN_NC_073233.2_119988734_2
120	DN_NC_073233.2_119988736_3
121	DN_NC_073233.2_54778450_7
121	DN_NC_073233.2_54817717_7
121	DN_NC_073233.2_97922937_7
122	DN_NC_073233.2_82381481_2
122	DN_NC_073233.2_82381548_3
122	DN_NC_073233.2_82381616_2
123	DN_NC_073234.2_140369418_2
123	DN_NC_073234.2_140369418_3
123	DN_NC_073234.2_140369419_2
124	DN_NC_073234.2_24956987_7
124	DN_NC_073234.2_24978856_8
124	DN_NC_073234.2_70140848_27
125	DN_NC_073234.2_30137050_2
125	DN_NC_073234.2_30167357_2
125	DN_NC_073234.2_30167360_2
126	DN_NC_073234.2_52064465_4
126	DN_NC_073234.2_52151326_4
126	DN_NC_073234.2_52202911_4
127	DN_NC_073235.2_136576413_2
127	DN_NC_073235.2_136577761_2
127	DN_NC_073247.2_22225560_12
128	DN_NC_073235.2_144879602_2
128	DN_NC_073242.2_3614392_2
128	DN_NC_073242.2_3614426_2
129	DN_NC_073235.2_92529727_2
129	DN_NC_073235.2_92598860_2
129	DN_NC_073235.2_92629178_2
130	DN_NC_073237.2_59443508_2
130	DN_NC_073237.2_59443509_2
130	DN_NC_073237.2_59443509_3
131	DN_NC_073237.2_83935038_8
131	DN_NC_073237.2_84341528_8
131	DN_NC_073237.2_93365361_8
132	DN_NC_073238.2_32661686_2
132	DN_NC_073247.2_30604924_7
132	DN_NC_073248.2_26554434_7
133	DN_NC_073238.2_33904146_3
133	DN_NC_073240.2_20728188_4
133	DN_NC_073243.2_111186227_2
134	DN_NC_073239.2_98531685_2
134	DN_NC_073239.2_98531712_2
134	DN_NC_073239.2_98531712_3
135	DN_NC_073240.2_24900197_18
135	DN_NC_073240.2_33035459_18
135	DN_NC_073240.2_33337179_18
136	DN_NC_073240.2_71261298_2
136	DN_NC_073240.2_71289923_2
136	DN_NC_073240.2_71415152_2
137	DN_NC_073242.2_15387796_13
137	DN_NC_073242.2_28528734_13
137	DN_NC_073242.2_35785087_23
138	DN_NC_073242.2_15911262_31
138	DN_NC_073242.2_16378095_15
138	DN_NC_073242.2_29051840_13
139	DN_NC_073242.2_77427667_2
139	DN_NC_073242.2_77427668_2
139	DN_NC_073242.2_77427669_2
140	DN_NC_073242.2_96060106_12
140	DN_NC_073242.2_96073882_12
140	DN_NC_073242.2_96161607_12
141	DN_NC_073243.2_20322881_2
141	DN_NC_073243.2_20324218_2
141	DN_NC_073243.2_20331571_2
142	DN_NC_073244.2_55464824_5
142	DN_NC_073244.2_55565140_5
142	DN_NC_073244.2_55678004_6
143	DN_NC_073244.2_63855100_5
143	DN_NC_073244.2_63895938_6
143	DN_NC_073244.2_63961971_6
144	DN_NC_073244.2_64340366_4
144	DN_NC_073244.2_64368633_7
144	DN_NC_073244.2_64400145_5
145	DN_NC_073244.2_64836827_4
145	DN_NC_073244.2_65266359_4
145	DN_NC_073244.2_65293743_4
146	DN_NC_073244.2_68258639_5
146	DN_NC_073244.2_68293337_5
146	DN_NC_073244.2_68333010_5
147	DN_NC_073244.2_69910623_3
147	DN_NC_073244.2_69974453_2
147	DN_NC_073244.2_69975553_3
148	DN_NC_073244.2_69923242_3
148	DN_NC_073244.2_69923243_2
148	DN_NC_073244.2_70009554_3
149	DN_NC_073244.2_70544393_4
149	DN_NC_073244.2_70556426_4
149	DN_NC_073244.2_70558480_2
150	DN_NC_073246.2_2464898_3
150	DN_NC_086018.1_2012052_3
150	DN_NC_086018.1_6525382_3
151	DN_NC_073247.2_114041704_23
151	DN_NC_073247.2_114140052_23
151	DN_NC_073247.2_114854872_20
152	DN_NC_073247.2_153600158_4
152	DN_NC_073247.2_153901396_3
152	DN_NC_073247.2_153901405_4
153	DN_NC_073247.2_58634411_8
153	DN_NC_073247.2_62823555_8
153	DN_NC_073247.2_62876862_8
154	DN_NC_073247.2_84517974_3
154	DN_NC_073247.2_84653260_2
154	DN_NC_073247.2_84678651_3
155	DN_NC_086017.1_140746758_18
155	DN_NC_086017.1_140746758_2
155	DN_NC_086017.1_58271357_16
156	DN_NC_086017.1_57040965_3
156	DN_NC_086017.1_57040984_2
156	DN_NC_086017.1_57040987_2
157	DN_NC_086018.1_17871480_5
157	DN_NC_086018.1_17871581_2
157	DN_NC_086018.1_18821463_5
158	DN_NC_086018.1_19145867_4
158	DN_NC_086018.1_19196747_2
158	DN_NC_086018.1_19202967_5
159	DN_NC_086018.1_36987543_6
159	DN_NC_086018.1_37016890_4
159	DN_NC_086018.1_37043543_7
160	DN_NC_073224.2_100532147_6
160	DN_NC_073224.2_100535401_4
161	DN_NC_073224.2_100975273_21
161	DN_NC_073224.2_101136214_11
162	DN_NC_073224.2_101578782_11
162	DN_NC_073224.2_101602135_9
163	DN_NC_073224.2_103138337_14
163	DN_NC_073224.2_103145991_4
164	DN_NC_073224.2_105669663_7
164	DN_NC_073224.2_105672200_3
165	DN_NC_073224.2_105776266_5
165	DN_NC_073224.2_105784199_2
166	DN_NC_073224.2_114825986_4
166	DN_NC_073240.2_44556092_13
167	DN_NC_073224.2_115044966_4
167	DN_NC_073224.2_115725463_3
168	DN_NC_073224.2_116008764_12
168	DN_NC_073224.2_124490902_14
169	DN_NC_073224.2_116693847_11
169	DN_NC_073224.2_130686217_20
170	DN_NC_073224.2_119539361_2
170	DN_NC_073233.2_14005356_9
171	DN_NC_073224.2_125055626_35
171	DN_NC_073224.2_125594338_29
172	DN_NC_073224.2_126139506_3
172	DN_NC_073242.2_97073460_5
173	DN_NC_073224.2_130486250_9
173	DN_NC_073230.2_108545376_8
174	DN_NC_073224.2_14727985_2
174	DN_NC_073233.2_84240332_5
175	DN_NC_073224.2_150600792_11
175	DN_NC_073224.2_150787798_12
176	DN_NC_073224.2_155484145_3
176	DN_NC_073224.2_155489872_9
177	DN_NC_073224.2_186733859_5
177	DN_NC_073234.2_26006928_5
178	DN_NC_073224.2_194445089_11
178	DN_NC_073224.2_194593658_8
179	DN_NC_073224.2_207257149_3
179	DN_NC_073224.2_207270226_12
180	DN_NC_073224.2_214075309_3
180	DN_NC_073224.2_214095871_7
181	DN_NC_073224.2_214517378_2
181	DN_NC_073233.2_119992784_4
182	DN_NC_073224.2_220588830_7
182	DN_NC_073224.2_220611411_7
183	DN_NC_073224.2_228923130_6
183	DN_NC_073224.2_228936705_6
184	DN_NC_073224.2_34022391_2
184	DN_NC_073224.2_34033747_2
185	DN_NC_073224.2_50024137_10
185	DN_NC_086017.1_60479047_11
186	DN_NC_073224.2_53524414_11
186	DN_NC_073224.2_53535059_3
187	DN_NC_073224.2_5565564_3
187	DN_NC_073224.2_5715398_2
188	DN_NC_073224.2_58444513_10
188	DN_NC_073224.2_58444554_2
189	DN_NC_073224.2_5868780_3
189	DN_NC_073224.2_5875208_2
190	DN_NC_073224.2_6827773_11
190	DN_NC_073230.2_165840202_11
191	DN_NC_073224.2_95093869_7
191	DN_NC_073224.2_95171181_7
192	DN_NC_073224.2_95638704_6
192	DN_NC_073224.2_95648579_7
193	DN_NC_073224.2_95894630_7
193	DN_NC_073224.2_95939283_8
194	DN_NC_073227.2_100164790_17
194	DN_NC_073227.2_100166351_2
195	DN_NC_073227.2_103697557_18
195	DN_NC_073227.2_103742235_2
196	DN_NC_073227.2_119617950_9
196	DN_NC_073227.2_119647764_9
197	DN_NC_073227.2_12039502_7
197	DN_NC_073236.2_24822888_6
198	DN_NC_073227.2_123234622_13
198	DN_NC_073242.2_37667715_4
199	DN_NC_073227.2_142818656_2
199	DN_NC_073227.2_142850836_2
200	DN_NC_073227.2_142943898_3
200	DN_NC_073227.2_143010447_5
201	DN_NC_073227.2_148229831_8
201	DN_NC_073238.2_39529658_9
202	DN_NC_073227.2_15519199_14
202	DN_NC_073227.2_15589297_3
203	DN_NC_073227.2_179688123_13
203	DN_NC_073227.2_179727029_10
204	DN_NC_073227.2_205644909_14
204	DN_NC_073227.2_205687695_12
205	DN_NC_073227.2_206378182_5
205	DN_NC_073227.2_206379213_12
206	DN_NC_073227.2_21866694_4
206	DN_NC_073227.2_22207916_2
207	DN_NC_073227.2_26048754_6
207	DN_NC_073227.2_26049202_2
208	DN_NC_073227.2_30824454_6
208	DN_NC_073227.2_30966566_2
209	DN_NC_073227.2_47476685_7
209	DN_NC_073240.2_67167028_2
210	DN_NC_073227.2_50003246_2
210	DN_NC_073239.2_89803404_14
211	DN_NC_073227.2_72845455_9
211	DN_NC_073227.2_72905683_18
212	DN_NC_073227.2_94499432_2
212	DN_NC_073229.2_110027725_2
213	DN_NC_073227.2_96191422_22
213	DN_NC_073231.2_30601556_2
214	DN_NC_073227.2_9789563_10
214	DN_NC_073232.2_137259733_11
215	DN_NC_073227.2_99578163_2
215	DN_NC_073247.2_165620510_8
216	DN_NC_073228.2_10434405_6
216	DN_NC_073230.2_12962256_6
217	DN_NC_073228.2_115483850_5
217	DN_NC_073228.2_115545008_4
218	DN_NC_073228.2_115981752_3
218	DN_NC_073228.2_115983493_23
219	DN_NC_073228.2_136205303_10
219	DN_NC_073228.2_136280772_10
220	DN_NC_073228.2_144488767_12
220	DN_NC_073228.2_144494736_3
221	DN_NC_073228.2_144523376_13
221	DN_NC_073228.2_144540580_13
222	DN_NC_073228.2_145079893_2
222	DN_NC_073228.2_145079904_2
223	DN_NC_073228.2_155613898_3
223	DN_NC_073240.2_70293854_4
224	DN_NC_073228.2_16703728_6
224	DN_NC_073228.2_16706128_5
225	DN_NC_073228.2_179795915_6
225	DN_NC_073228.2_182778476_6
226	DN_NC_073228.2_181756447_11
226	DN_NC_073228.2_181772207_4
227	DN_NC_073228.2_182227322_13
227	DN_NC_073235.2_103471173_13
228	DN_NC_073228.2_182334642_5
228	DN_NC_073228.2_182827930_5
229	DN_NC_073228.2_182473921_9
229	DN_NC_073228.2_182638384_11
230	DN_NC_073228.2_182513643_26
230	DN_NC_073228.2_182587557_24
231	DN_NC_073228.2_183798210_8
231	DN_NC_073228.2_183812935_7
232	DN_NC_073228.2_18779384_3
232	DN_NC_073228.2_18798859_2
233	DN_NC_073228.2_23742950_7
233	DN_NC_073228.2_27022347_6
234	DN_NC_073228.2_28439701_5
234	DN_NC_073236.2_69434930_3
235	DN_NC_073228.2_29619142_9
235	DN_NC_073230.2_137552467_7
236	DN_NC_073228.2_33351152_31
236	DN_NC_073236.2_29195344_14
237	DN_NC_073228.2_33351168_2
237	DN_NC_073247.2_81944671_6
238	DN_NC_073228.2_36629496_7
238	DN_NC_073228.2_36629512_2
239	DN_NC_073228.2_37084614_4
239	DN_NC_073228.2_37089052_16
240	DN_NC_073228.2_49804904_11
240	DN_NC_073228.2_49856055_11
241	DN_NC_073228.2_52119080_9
241	DN_NC_073234.2_48129944_8
242	DN_NC_073228.2_57567147_5
242	DN_NC_073228.2_57642308_6
243	DN_NC_073228.2_60766049_19
243	DN_NC_073238.2_32617313_2
244	DN_NC_073228.2_61354966_3
244	DN_NC_073234.2_45248479_4
245	DN_NC_073228.2_62433488_6
245	DN_NC_073228.2_9345525_10
246	DN_NC_073228.2_64684384_5
246	DN_NC_073228.2_64691860_6
247	DN_NC_073228.2_66328056_2
247	DN_NC_073228.2_70719297_2
248	DN_NC_073228.2_78724694_4
248	DN_NC_073228.2_79204251_5
249	DN_NC_073228.2_79926211_12
249	DN_NC_073228.2_83434996_12
250	DN_NC_073228.2_81446275_7
250	DN_NC_073243.2_30823221_7
251	DN_NC_073228.2_82051194_15
251	DN_NC_073228.2_82073377_2
252	DN_NC_073228.2_84714357_6
252	DN_NC_086017.1_104876268_2
253	DN_NC_073228.2_8941710_13
253	DN_NC_073228.2_9043620_39
254	DN_NC_073228.2_91400267_25
254	DN_NC_073228.2_91522397_9
255	DN_NC_073228.2_97735756_11
255	DN_NC_073228.2_97735756_2
256	DN_NC_073228.2_9959442_6
256	DN_NC_086018.1_35225663_7
257	DN_NC_073229.2_111826313_5
257	DN_NC_073229.2_111849240_2
258	DN_NC_073229.2_113642543_16
258	DN_NC_073229.2_113787300_3
259	DN_NC_073229.2_136502891_3
259	DN_NC_073229.2_136550623_3
260	DN_NC_073229.2_141117205_4
260	DN_NC_073237.2_129726988_8
261	DN_NC_073229.2_155339698_8
261	DN_NC_073229.2_155458435_2
262	DN_NC_073229.2_174132332_5
262	DN_NC_073229.2_174168227_4
263	DN_NC_073229.2_183992530_9
263	DN_NC_073229.2_184008587_12
264	DN_NC_073229.2_20766733_4
264	DN_NC_073244.2_12296250_4
265	DN_NC_073229.2_21709541_6
265	DN_NC_073229.2_21735101_10
266	DN_NC_073229.2_28348360_6
266	DN_NC_073229.2_28419493_6
267	DN_NC_073229.2_37505661_2
267	DN_NC_073229.2_37506801_2
268	DN_NC_073229.2_44058305_8
268	DN_NC_073229.2_44135507_8
269	DN_NC_073229.2_44079934_10
269	DN_NC_073229.2_44118209_11
270	DN_NC_073229.2_44402483_3
270	DN_NC_073229.2_44451307_4
271	DN_NC_073229.2_45875453_5
271	DN_NC_073229.2_45985816_6
272	DN_NC_073229.2_46514381_2
272	DN_NC_073229.2_46518353_2
273	DN_NC_073229.2_49424718_2
273	DN_NC_073229.2_49429142_2
274	DN_NC_073229.2_49583451_41
274	DN_NC_073229.2_49609902_41
275	DN_NC_073229.2_60831709_26
275	DN_NC_073229.2_60975828_26
276	DN_NC_073229.2_64639535_22
276	DN_NC_073238.2_32078126_7
277	DN_NC_073229.2_94771458_11
277	DN_NC_073229.2_94961202_4
278	DN_NC_073229.2_97353754_3
278	DN_NC_073231.2_114003443_13
279	DN_NC_073230.2_13331389_15
279	DN_NC_073230.2_14245227_15
280	DN_NC_073230.2_13358875_21
280	DN_NC_073230.2_14200490_21
281	DN_NC_073230.2_133771638_2
281	DN_NC_073230.2_133785696_2
282	DN_NC_073230.2_143596666_10
282	DN_NC_073230.2_143617302_10
283	DN_NC_073230.2_149564614_8
283	DN_NC_073247.2_51197700_2
284	DN_NC_073230.2_149808488_4
284	DN_NC_073230.2_149808502_2
285	DN_NC_073230.2_166433836_11
285	DN_NC_073230.2_166433840_2
286	DN_NC_073230.2_29909396_5
286	DN_NC_073230.2_98628332_5
287	DN_NC_073230.2_39935031_2
287	DN_NC_073230.2_39935045_16
288	DN_NC_073230.2_40386475_10
288	DN_NC_073230.2_63523034_4
289	DN_NC_073230.2_74190280_2
289	DN_NC_073231.2_79866967_2
290	DN_NC_073230.2_74930869_10
290	DN_NC_073230.2_74941165_2
291	DN_NC_073230.2_75755711_3
291	DN_NC_073230.2_75935335_9
292	DN_NC_073230.2_7606300_4
292	DN_NC_073230.2_7609536_2
293	DN_NC_073230.2_76179541_5
293	DN_NC_073230.2_82279960_5
294	DN_NC_073230.2_76190196_16
294	DN_NC_073230.2_82009167_15
295	DN_NC_073230.2_8182895_13
295	DN_NC_073230.2_8238129_2
296	DN_NC_073230.2_82390460_3
296	DN_NC_073230.2_84208466_3
297	DN_NC_073230.2_82396764_10
297	DN_NC_073230.2_84201987_11
298	DN_NC_073230.2_82405962_7
298	DN_NC_073230.2_84189831_5
299	DN_NC_073230.2_84149572_5
299	DN_NC_073230.2_88425670_12
300	DN_NC_073230.2_86077849_4
300	DN_NC_073230.2_86186055_4
301	DN_NC_073230.2_88833653_3
301	DN_NC_073230.2_88842643_2
302	DN_NC_073230.2_89389986_8
302	DN_NC_073230.2_89408091_6
303	DN_NC_073231.2_105681903_7
303	DN_NC_073231.2_105703620_4
304	DN_NC_073231.2_130827518_11
304	DN_NC_073231.2_130851528_29
305	DN_NC_073231.2_148569032_3
305	DN_NC_073231.2_148570102_4
306	DN_NC_073231.2_151095996_10
306	DN_NC_073235.2_15191747_16
307	DN_NC_073231.2_27219653_9
307	DN_NC_073231.2_27420263_10
308	DN_NC_073231.2_27335163_6
308	DN_NC_073231.2_27367940_9
309	DN_NC_073231.2_48539152_2
309	DN_NC_073231.2_48540295_2
310	DN_NC_073231.2_53456699_4
310	DN_NC_073231.2_53460237_15
311	DN_NC_073232.2_100192352_9
311	DN_NC_073237.2_29305062_2
312	DN_NC_073232.2_100896386_2
312	DN_NC_073232.2_100896386_3
313	DN_NC_073232.2_123144734_12
313	DN_NC_073232.2_123171879_4
314	DN_NC_073232.2_135159346_4
314	DN_NC_073232.2_135204586_6
315	DN_NC_073232.2_135254310_6
315	DN_NC_073232.2_135264721_4
316	DN_NC_073232.2_13920774_9
316	DN_NC_073232.2_13945467_9
317	DN_NC_073232.2_14850424_21
317	DN_NC_073232.2_14895260_2
318	DN_NC_073232.2_36391573_6
318	DN_NC_073232.2_91788490_6
319	DN_NC_073232.2_39186248_2
319	DN_NC_073232.2_39186275_2
320	DN_NC_073232.2_42489973_5
320	DN_NC_073232.2_42497391_2
321	DN_NC_073232.2_52554395_17
321	DN_NC_073232.2_52554621_2
322	DN_NC_073232.2_56389207_14
322	DN_NC_073232.2_56509561_5
323	DN_NC_073232.2_65161149_4
323	DN_NC_086017.1_82640717_11
324	DN_NC_073232.2_65721054_29
324	DN_NC_073232.2_69588940_31
325	DN_NC_073232.2_65905862_9
325	DN_NC_073232.2_69473322_8
326	DN_NC_073232.2_68371563_10
326	DN_NC_073232.2_68618263_8
327	DN_NC_073232.2_72820474_5
327	DN_NC_073232.2_81033881_5
328	DN_NC_073232.2_86751922_14
328	DN_NC_073232.2_86751945_2
329	DN_NC_073232.2_88373590_10
329	DN_NC_073232.2_89563823_24
330	DN_NC_073232.2_8894424_4
330	DN_NC_073242.2_120770730_3
331	DN_NC_073232.2_92223921_5
331	DN_NC_073232.2_99723280_5
332	DN_NC_073232.2_99433455_13
332	DN_NC_073247.2_132688708_2
333	DN_NC_073233.2_103065421_4
333	DN_NC_073233.2_103150044_4
334	DN_NC_073233.2_110213303_8
334	DN_NC_073233.2_110238282_9
335	DN_NC_073233.2_112912081_9
335	DN_NC_073233.2_112925764_3
336	DN_NC_073233.2_129388517_48
336	DN_NC_073242.2_28854512_28
337	DN_NC_073233.2_130017597_2
337	DN_NC_073233.2_130017597_4
338	DN_NC_073233.2_137548997_4
338	DN_NC_073233.2_137723951_2
339	DN_NC_073233.2_17245554_3
339	DN_NC_073233.2_17245873_2
340	DN_NC_073233.2_19708960_19
340	DN_NC_073233.2_19815473_9
341	DN_NC_073233.2_23658380_14
341	DN_NC_073233.2_23713060_3
342	DN_NC_073233.2_70706693_5
342	DN_NC_073233.2_70709650_2
343	DN_NC_073233.2_72203709_7
343	DN_NC_073238.2_33853352_3
344	DN_NC_073233.2_73623857_14
344	DN_NC_073233.2_73629498_4
345	DN_NC_073233.2_74557606_4
345	DN_NC_073233.2_74583920_4
346	DN_NC_073233.2_76234750_23
346	DN_NC_086018.1_23267560_8
347	DN_NC_073233.2_94816092_2
347	DN_NC_073233.2_94843386_2
348	DN_NC_073234.2_119380821_10
348	DN_NC_073234.2_119401970_11
349	DN_NC_073234.2_147445272_9
349	DN_NC_073234.2_147580679_4
350	DN_NC_073234.2_15814002_2
350	DN_NC_073234.2_15814003_16
351	DN_NC_073234.2_18450483_12
351	DN_NC_073234.2_18459578_6
352	DN_NC_073234.2_22528772_7
352	DN_NC_073234.2_22529951_2
353	DN_NC_073234.2_22631499_6
353	DN_NC_073234.2_22636891_13
354	DN_NC_073234.2_23452056_11
354	DN_NC_073234.2_23565467_10
355	DN_NC_073234.2_43619064_8
355	DN_NC_073234.2_43623304_5
356	DN_NC_073234.2_45204849_7
356	DN_NC_073234.2_45208389_7
357	DN_NC_073234.2_45519337_9
357	DN_NC_073234.2_45523055_3
358	DN_NC_073234.2_45531723_7
358	DN_NC_073234.2_45539357_4
359	DN_NC_073234.2_47062440_10
359	DN_NC_073238.2_67037804_5
360	DN_NC_073234.2_49024482_9
360	DN_NC_073234.2_49087212_9
361	DN_NC_073234.2_62953363_3
361	DN_NC_073234.2_67151860_3
362	DN_NC_073234.2_68834312_9
362	DN_NC_073234.2_69095541_2
363	DN_NC_073234.2_69501458_7
363	DN_NC_073234.2_69557459_4
364	DN_NC_073234.2_71944253_12
364	DN_NC_073234.2_72106299_2
365	DN_NC_073234.2_73481686_3
365	DN_NC_073234.2_73484018_2
366	DN_NC_073234.2_84110676_11
366	DN_NC_073234.2_84143178_2
367	DN_NC_073234.2_90802099_6
367	DN_NC_073234.2_90815331_10
368	DN_NC_073234.2_93292406_2
368	DN_NC_073234.2_93292594_20
369	DN_NC_073235.2_133031264_19
369	DN_NC_073235.2_133124679_15
370	DN_NC_073235.2_143720615_16
370	DN_NC_073235.2_143747819_4
371	DN_NC_073235.2_144827388_3
371	DN_NC_073242.2_3666815_3
372	DN_NC_073235.2_31662902_3
372	DN_NC_073235.2_31973952_17
373	DN_NC_073235.2_31672555_8
373	DN_NC_073235.2_32750477_8
374	DN_NC_073235.2_31713963_3
374	DN_NC_073235.2_32705529_3
375	DN_NC_073235.2_79684637_11
375	DN_NC_073235.2_79692771_2
376	DN_NC_073236.2_111042998_7
376	DN_NC_073236.2_111062321_8
377	DN_NC_073236.2_112253211_6
377	DN_NC_073236.2_112264496_14
378	DN_NC_073236.2_129103377_13
378	DN_NC_073236.2_129129305_10
379	DN_NC_073236.2_129795378_10
379	DN_NC_073247.2_54705383_3
380	DN_NC_073236.2_139051093_3
380	DN_NC_073236.2_139171108_2
381	DN_NC_073236.2_139618373_5
381	DN_NC_073236.2_139624268_6
382	DN_NC_073236.2_22549336_8
382	DN_NC_073246.2_11287585_8
383	DN_NC_073236.2_30501599_2
383	DN_NC_073238.2_22111250_2
384	DN_NC_073236.2_31528778_7
384	DN_NC_073236.2_32340171_12
385	DN_NC_073236.2_32048256_8
385	DN_NC_073236.2_34983788_9
386	DN_NC_073236.2_33699714_3
386	DN_NC_073236.2_35163364_4
387	DN_NC_073236.2_33791336_41
387	DN_NC_073236.2_35320202_37
388	DN_NC_073236.2_38854516_5
388	DN_NC_073236.2_38858247_18
389	DN_NC_073236.2_46553268_10
389	DN_NC_073236.2_47822803_9
390	DN_NC_073236.2_46653509_10
390	DN_NC_073236.2_47712811_9
391	DN_NC_073236.2_51549738_4
391	DN_NC_073236.2_51862546_3
392	DN_NC_073236.2_52719848_2
392	DN_NC_073237.2_30299641_3
393	DN_NC_073236.2_73173266_13
393	DN_NC_073240.2_37591091_13
394	DN_NC_073236.2_78772907_3
394	DN_NC_073236.2_78772947_18
395	DN_NC_073236.2_81530457_14
395	DN_NC_073236.2_81606261_13
396	DN_NC_073237.2_101005198_6
396	DN_NC_073237.2_101021921_6
397	DN_NC_073237.2_105179643_6
397	DN_NC_073237.2_105184979_19
398	DN_NC_073237.2_106488614_5
398	DN_NC_073243.2_19688237_2
399	DN_NC_073237.2_106566135_6
399	DN_NC_073237.2_106610295_11
400	DN_NC_073237.2_109453117_3
400	DN_NC_073237.2_109461576_3
401	DN_NC_073237.2_109499325_4
401	DN_NC_073237.2_109511989_28
402	DN_NC_073237.2_119275968_2
402	DN_NC_073237.2_119275970_2
403	DN_NC_073237.2_126021216_4
403	DN_NC_073237.2_126029688_6
404	DN_NC_073237.2_129735503_6
404	DN_NC_073237.2_129740502_6
405	DN_NC_073237.2_17678391_14
405	DN_NC_073238.2_22049850_15
406	DN_NC_073237.2_23553596_5
406	DN_NC_073237.2_30220066_5
407	DN_NC_073237.2_25172073_4
407	DN_NC_073237.2_25176692_9
408	DN_NC_073237.2_27307884_9
408	DN_NC_073237.2_27311993_5
409	DN_NC_073237.2_30511420_2
409	DN_NC_073237.2_30512124_4
410	DN_NC_073237.2_68560894_6
410	DN_NC_073244.2_54031930_2
411	DN_NC_073237.2_80081336_11
411	DN_NC_073237.2_82042769_5
412	DN_NC_073237.2_84005209_4
412	DN_NC_073237.2_84204480_4
413	DN_NC_073237.2_89073528_3
413	DN_NC_073237.2_89075402_13
414	DN_NC_073238.2_128177434_9
414	DN_NC_073238.2_128201955_8
415	DN_NC_073238.2_128463727_12
415	DN_NC_073247.2_47501169_3
416	DN_NC_073238.2_23273370_7
416	DN_NC_073238.2_24372581_9
417	DN_NC_073238.2_30171533_2
417	DN_NC_073238.2_33197456_2
418	DN_NC_073238.2_30202631_2
418	DN_NC_073238.2_33511810_2
419	DN_NC_073238.2_32266743_7
419	DN_NC_073238.2_33425477_7
420	DN_NC_073238.2_33938258_14
420	DN_NC_073240.2_20710887_3
421	DN_NC_073238.2_35667659_13
421	DN_NC_073238.2_35667666_2
422	DN_NC_073238.2_41750994_9
422	DN_NC_073238.2_41760020_5
423	DN_NC_073238.2_41947368_3
423	DN_NC_073238.2_41947441_2
424	DN_NC_073238.2_46636595_11
424	DN_NC_073238.2_46658592_12
425	DN_NC_073238.2_56563024_7
425	DN_NC_073238.2_56586789_5
426	DN_NC_073238.2_58705504_3
426	DN_NC_073238.2_58706831_2
427	DN_NC_073238.2_59732356_14
427	DN_NC_073238.2_60756272_9
428	DN_NC_073238.2_62894676_12
428	DN_NC_073238.2_62894676_2
429	DN_NC_073238.2_63721987_9
429	DN_NC_073238.2_63721992_2
430	DN_NC_073238.2_66096138_12
430	DN_NC_073238.2_66096243_2
431	DN_NC_073239.2_106898080_16
431	DN_NC_073239.2_106898156_2
432	DN_NC_073239.2_111016616_5
432	DN_NC_073239.2_111016768_2
433	DN_NC_073239.2_120499478_8
433	DN_NC_073244.2_56814281_4
434	DN_NC_073239.2_121772610_13
434	DN_NC_073244.2_51984253_14
435	DN_NC_073239.2_122577448_3
435	DN_NC_073239.2_122707562_3
436	DN_NC_073239.2_32209364_6
436	DN_NC_073239.2_32210799_7
437	DN_NC_073239.2_32339840_6
437	DN_NC_073239.2_32342111_10
438	DN_NC_073239.2_32630520_8
438	DN_NC_073239.2_32663808_8
439	DN_NC_073239.2_32645673_2
439	DN_NC_073239.2_32681049_2
440	DN_NC_073239.2_33872730_10
440	DN_NC_073239.2_33878048_2
441	DN_NC_073239.2_35280580_26
441	DN_NC_073239.2_35280761_2
442	DN_NC_073239.2_63601483_4
442	DN_NC_073247.2_166018918_6
443	DN_NC_073239.2_66562547_2
443	DN_NC_073247.2_113167390_5
444	DN_NC_073239.2_67951775_7
444	DN_NC_073239.2_68020796_2
445	DN_NC_073239.2_72077053_6
445	DN_NC_073239.2_72093949_19
446	DN_NC_073239.2_90471291_2
446	DN_NC_073239.2_90472276_3
447	DN_NC_073240.2_21430216_23
447	DN_NC_073240.2_24008961_23
448	DN_NC_073240.2_23337808_11
448	DN_NC_073240.2_29369420_15
449	DN_NC_073240.2_23569255_3
449	DN_NC_073242.2_32534238_24
450	DN_NC_073240.2_23674889_10
450	DN_NC_073240.2_29752710_11
451	DN_NC_073240.2_24402639_2
451	DN_NC_086017.1_208307881_15
452	DN_NC_073240.2_26182490_10
452	DN_NC_073245.2_12383621_7
453	DN_NC_073240.2_40710955_17
453	DN_NC_073240.2_40740697_5
454	DN_NC_073240.2_41471977_3
454	DN_NC_073240.2_41473848_11
455	DN_NC_073240.2_44461085_2
455	DN_NC_073240.2_44461095_2
456	DN_NC_073240.2_44603034_3
456	DN_NC_073240.2_44604956_12
457	DN_NC_073240.2_57401181_22
457	DN_NC_073247.2_141930386_19
458	DN_NC_073240.2_79048326_11
458	DN_NC_073240.2_79068535_14
459	DN_NC_073240.2_84645975_10
459	DN_NC_073240.2_84673981_6
460	DN_NC_073240.2_85708603_4
460	DN_NC_073240.2_86386259_3
461	DN_NC_073241.2_105983132_2
461	DN_NC_073241.2_105983194_3
462	DN_NC_073241.2_108714725_10
462	DN_NC_073241.2_108809171_2
463	DN_NC_073241.2_40387685_7
463	DN_NC_073241.2_40387689_2
464	DN_NC_073241.2_47004815_4
464	DN_NC_073241.2_47028473_4
465	DN_NC_073241.2_63472392_2
465	DN_NC_073241.2_63472404_2
466	DN_NC_073242.2_103894328_5
466	DN_NC_073242.2_29484610_23
467	DN_NC_073242.2_104701006_6
467	DN_NC_073242.2_99381861_11
468	DN_NC_073242.2_105982851_4
468	DN_NC_073242.2_106027382_7
469	DN_NC_073242.2_115072204_2
469	DN_NC_073242.2_115072204_4
470	DN_NC_073242.2_117986135_2
470	DN_NC_073242.2_117987704_2
471	DN_NC_073242.2_119293235_15
471	DN_NC_073242.2_119301617_14
472	DN_NC_073242.2_19342904_5
472	DN_NC_073242.2_19351473_2
473	DN_NC_073242.2_26867490_8
473	DN_NC_073242.2_27157172_8
474	DN_NC_073242.2_26889052_8
474	DN_NC_073242.2_27178722_8
475	DN_NC_073242.2_30207983_41
475	DN_NC_086018.1_34278584_41
476	DN_NC_073242.2_32258496_8
476	DN_NC_073242.2_32495201_8
477	DN_NC_073242.2_35270505_17
477	DN_NC_073242.2_35624699_9
478	DN_NC_073242.2_37302670_5
478	DN_NC_073242.2_37386128_4
479	DN_NC_073242.2_3790652_3
479	DN_NC_073242.2_3794469_3
480	DN_NC_073242.2_4304426_7
480	DN_NC_073242.2_4305661_8
481	DN_NC_073242.2_5822452_9
481	DN_NC_073242.2_5827060_6
482	DN_NC_073242.2_65850805_2
482	DN_NC_073242.2_68751082_2
483	DN_NC_073242.2_6668831_3
483	DN_NC_073242.2_6668959_13
484	DN_NC_073242.2_84833963_14
484	DN_NC_073242.2_84922514_14
485	DN_NC_073242.2_97493790_12
485	DN_NC_073242.2_97528976_5
486	DN_NC_073242.2_97765438_2
486	DN_NC_073242.2_97765438_4
487	DN_NC_073242.2_97869680_2
487	DN_NC_073242.2_97870017_16
488	DN_NC_073242.2_98553829_2
488	DN_NC_073242.2_98553829_6
489	DN_NC_073242.2_99745328_12
489	DN_NC_073242.2_99793055_12
490	DN_NC_073243.2_106676345_7
490	DN_NC_073243.2_106676359_2
491	DN_NC_073243.2_110379923_2
491	DN_NC_073243.2_110381900_2
492	DN_NC_073243.2_17433799_8
492	DN_NC_073243.2_17450998_15
493	DN_NC_073243.2_18635045_12
493	DN_NC_073243.2_18635046_2
494	DN_NC_073243.2_19854793_3
494	DN_NC_073243.2_19856930_6
495	DN_NC_073243.2_21779153_4
495	DN_NC_073243.2_21780781_4
496	DN_NC_073243.2_22727924_2
496	DN_NC_073243.2_22729136_7
497	DN_NC_073243.2_23006862_3
497	DN_NC_073243.2_23006869_2
498	DN_NC_073243.2_23849950_3
498	DN_NC_073243.2_23853504_2
499	DN_NC_073243.2_25668904_14
499	DN_NC_073243.2_25770609_26
500	DN_NC_073243.2_30120917_2
500	DN_NC_073243.2_30120917_5
501	DN_NC_073243.2_40339828_3
501	DN_NC_073247.2_26298821_5
502	DN_NC_073243.2_40875168_3
502	DN_NC_073247.2_89808941_7
503	DN_NC_073243.2_47785917_12
503	DN_NC_073243.2_47800408_20
504	DN_NC_073243.2_57271335_29
504	DN_NC_073243.2_57401653_2
505	DN_NC_073243.2_68855949_2
505	DN_NC_073243.2_68861513_2
506	DN_NC_073243.2_69046517_5
506	DN_NC_073243.2_69056468_9
507	DN_NC_073243.2_77460937_2
507	DN_NC_073243.2_77461119_14
508	DN_NC_073243.2_82594889_12
508	DN_NC_073243.2_82739824_8
509	DN_NC_073244.2_12909180_8
509	DN_NC_073244.2_14850343_10
510	DN_NC_073244.2_13768230_3
510	DN_NC_073244.2_13778576_2
511	DN_NC_073244.2_15508499_10
511	DN_NC_073244.2_15569240_8
512	DN_NC_073244.2_15648295_6
512	DN_NC_073244.2_15689625_6
513	DN_NC_073244.2_16606086_12
513	DN_NC_073244.2_22635247_12
514	DN_NC_073244.2_17678736_4
514	DN_NC_073244.2_18201516_4
515	DN_NC_073244.2_18307855_4
515	DN_NC_073244.2_18385030_4
516	DN_NC_073244.2_18426035_4
516	DN_NC_073244.2_18470484_4
517	DN_NC_073244.2_19147321_17
517	DN_NC_073247.2_157117185_2
518	DN_NC_073244.2_24302535_5
518	DN_NC_086017.1_48397256_6
519	DN_NC_073244.2_27051998_4
519	DN_NC_073244.2_27285351_4
520	DN_NC_073244.2_45737704_5
520	DN_NC_073244.2_45796040_6
521	DN_NC_073244.2_46013405_4
521	DN_NC_073244.2_69672458_4
522	DN_NC_073244.2_46592534_11
522	DN_NC_073244.2_46599941_3
523	DN_NC_073244.2_48066692_6
523	DN_NC_073244.2_48093173_7
524	DN_NC_073244.2_48319142_5
524	DN_NC_073244.2_48352926_4
525	DN_NC_073244.2_48660338_4
525	DN_NC_073244.2_48919547_6
526	DN_NC_073244.2_51264173_3
526	DN_NC_073244.2_51264524_3
527	DN_NC_073244.2_55835875_4
527	DN_NC_073244.2_55940471_6
528	DN_NC_073244.2_57930048_2
528	DN_NC_073244.2_57930050_2
529	DN_NC_073244.2_59724372_5
529	DN_NC_073244.2_59726455_2
530	DN_NC_073244.2_64125568_5
530	DN_NC_073244.2_65102393_4
531	DN_NC_073244.2_64265252_5
531	DN_NC_073244.2_64585864_4
532	DN_NC_073244.2_6454410_5
532	DN_NC_073244.2_6458781_2
533	DN_NC_073244.2_64759228_5
533	DN_NC_073244.2_64797239_5
534	DN_NC_073244.2_66923641_8
534	DN_NC_073244.2_66965840_13
535	DN_NC_073244.2_67776054_3
535	DN_NC_073244.2_67840893_3
536	DN_NC_073244.2_69294668_4
536	DN_NC_073244.2_69343714_4
537	DN_NC_073244.2_69466443_4
537	DN_NC_073244.2_69492904_4
538	DN_NC_073244.2_8619131_4
538	DN_NC_073244.2_8680135_4
539	DN_NC_073245.2_11562885_6
539	DN_NC_073245.2_11814428_9
540	DN_NC_073245.2_30021133_6
540	DN_NC_073245.2_30036345_14
541	DN_NC_073245.2_47878766_13
541	DN_NC_073245.2_47908723_3
542	DN_NC_073245.2_47982129_11
542	DN_NC_073245.2_47982132_2
543	DN_NC_073245.2_56763975_4
543	DN_NC_073245.2_56852545_12
544	DN_NC_073245.2_58117175_2
544	DN_NC_073245.2_58118781_15
545	DN_NC_073245.2_58910437_2
545	DN_NC_073245.2_58914759_2
546	DN_NC_073245.2_68791722_2
546	DN_NC_073245.2_68800206_2
547	DN_NC_073245.2_71261640_15
547	DN_NC_073245.2_71275662_6
548	DN_NC_073245.2_9841009_7
548	DN_NC_073247.2_30010111_18
549	DN_NC_073246.2_2173988_2
549	DN_NC_086018.1_1713296_2
550	DN_NC_073246.2_39115533_2
550	DN_NC_073246.2_39153720_2
551	DN_NC_073246.2_46697499_3
551	DN_NC_073246.2_46697510_2
552	DN_NC_073247.2_10802440_4
552	DN_NC_073248.2_8111002_4
553	DN_NC_073247.2_10819597_13
553	DN_NC_073248.2_8163494_2
554	DN_NC_073247.2_111144748_2
554	DN_NC_073247.2_111144771_2
555	DN_NC_073247.2_114441496_5
555	DN_NC_073247.2_114501773_5
556	DN_NC_073247.2_115884983_3
556	DN_NC_073247.2_130545427_4
557	DN_NC_073247.2_11949199_10
557	DN_NC_073248.2_9270633_10
558	DN_NC_073247.2_119495343_3
558	DN_NC_073247.2_119495344_2
559	DN_NC_073247.2_131468464_3
559	DN_NC_086017.1_198207851_3
560	DN_NC_073247.2_131774354_4
560	DN_NC_073247.2_131863961_4
561	DN_NC_073247.2_161158664_6
561	DN_NC_073247.2_161607555_5
562	DN_NC_073247.2_161251228_4
562	DN_NC_073247.2_161458538_3
563	DN_NC_073247.2_161266095_3
563	DN_NC_073247.2_161413981_7
564	DN_NC_073247.2_163590486_3
564	DN_NC_073247.2_164861277_3
565	DN_NC_073247.2_165081266_2
565	DN_NC_073247.2_165081268_2
566	DN_NC_073247.2_166164942_10
566	DN_NC_073247.2_166250782_8
567	DN_NC_073247.2_34649963_8
567	DN_NC_073248.2_9517725_8
568	DN_NC_073247.2_36669088_2
568	DN_NC_073247.2_36702175_2
569	DN_NC_073247.2_54047427_15
569	DN_NC_073247.2_54163080_15
570	DN_NC_073247.2_56848572_6
570	DN_NC_073247.2_56899135_7
571	DN_NC_073247.2_62249491_13
571	DN_NC_073247.2_62361057_13
572	DN_NC_073247.2_62664010_4
572	DN_NC_073247.2_62680287_4
573	DN_NC_073247.2_63315044_26
573	DN_NC_073248.2_27118037_27
574	DN_NC_073247.2_64556424_5
574	DN_NC_073247.2_64561534_19
575	DN_NC_073248.2_26366947_7
575	DN_NC_073248.2_9423438_7
576	DN_NC_073248.2_42783128_31
576	DN_NC_086017.1_26423028_11
577	DN_NC_086017.1_108627629_4
577	DN_NC_086017.1_108681024_19
578	DN_NC_086017.1_117701253_4
578	DN_NC_086017.1_117728965_2
579	DN_NC_086017.1_12917334_8
579	DN_NC_086017.1_12936527_11
580	DN_NC_086017.1_130144954_2
580	DN_NC_086017.1_130145214_12
581	DN_NC_086017.1_130685211_11
581	DN_NC_086017.1_130899629_2
582	DN_NC_086017.1_134778224_13
582	DN_NC_086017.1_134778224_2
583	DN_NC_086017.1_134833806_5
583	DN_NC_086017.1_136815000_6
584	DN_NC_086017.1_136401128_13
584	DN_NC_086017.1_136467658_2
585	DN_NC_086017.1_145000409_2
585	DN_NC_086017.1_145000409_8
586	DN_NC_086017.1_150515222_8
586	DN_NC_086017.1_150527432_22
587	DN_NC_086017.1_156500672_2
587	DN_NC_086017.1_156500672_3
588	DN_NC_086017.1_161554109_3
588	DN_NC_086017.1_161554163_2
589	DN_NC_086017.1_181049848_8
589	DN_NC_086017.1_181076983_2
590	DN_NC_086017.1_190656695_14
590	DN_NC_086017.1_190680196_7
591	DN_NC_086017.1_192652140_6
591	DN_NC_086017.1_192789306_2
592	DN_NC_086017.1_208034768_6
592	DN_NC_086017.1_208064025_2
593	DN_NC_086017.1_29787177_6
593	DN_NC_086017.1_29831691_3
594	DN_NC_086017.1_33635296_6
594	DN_NC_086017.1_33716761_5
595	DN_NC_086017.1_39119183_14
595	DN_NC_086017.1_39119300_2
596	DN_NC_086017.1_55487080_8
596	DN_NC_086017.1_55569143_2
597	DN_NC_086017.1_56891439_19
597	DN_NC_086017.1_56995024_2
598	DN_NC_086017.1_58612310_12
598	DN_NC_086017.1_58705155_2
599	DN_NC_086017.1_60157910_4
599	DN_NC_086017.1_60161487_2
600	DN_NC_086017.1_66512328_14
600	DN_NC_086017.1_66541567_2
601	DN_NC_086018.1_15656293_7
601	DN_NC_086018.1_15730205_2
602	DN_NC_086018.1_16346801_5
602	DN_NC_086018.1_17748702_5
603	DN_NC_086018.1_18253436_31
603	DN_NC_086018.1_19032395_10
604	DN_NC_086018.1_21140998_4
604	DN_NC_086018.1_23370474_4
605	DN_NC_086018.1_24502908_7
605	DN_NC_086018.1_24509591_14
606	DN_NC_086018.1_27470342_2
606	DN_NC_086018.1_30374795_4
607	DN_NC_086018.1_34137538_4
607	DN_NC_086018.1_34223461_5
608	DN_NC_086018.1_39469630_18
608	DN_NC_086018.1_39525778_6
609	DN_NC_086018.1_40516247_7
609	DN_NC_086018.1_40570429_6
610	DN_NC_086018.1_48564680_20
610	DN_NC_086018.1_48579325_2
