family_id	n_copies	chrom	regions	n_shared_reads	shared_per_copy	n_intron_copies	exon_cv	em_iterations	em_converged	em_delta	reads_reweighted	n_gene_loci	n_rescued	n_below_thresh	n_seed_masked	n_divergent	n_structural	n_ref_absent
0	3	NC_073240.2	NC_073240.2:96445462-96547763:-;NC_073240.2:96546847-96582691:+;NC_073244.2:59285753-59298964:+;NC_073244.2:59318691-59324717:+	43	14.333	3	0.025	0	false	0.000000	0	4	0	0	0	0	0	0
1	2	NC_073239.2	NC_073239.2:87144210-87146751:-;NC_073239.2:87154589-87213814:+;NC_073239.2:87316267-87358012:+	15	7.500	1	-1.000	0	false	0.000000	0	3	0	0	0	0	0	0
4	2	NC_073247.2	NC_073247.2:79816662-80205818:-;NC_073247.2:89783395-89805518:+	17	8.500	2	0.343	0	false	0.000000	0	2	0	0	0	0	0	0
10	2	NC_073233.2	NC_073233.2:14362296-14371615:+;NC_086018.1:17763629-17764502:-	11	5.500	1	-1.000	0	false	0.000000	0	2	0	0	0	0	0	0
11	2	NC_086018.1	NC_086018.1:25864518-25932377:-;NC_086018.1:25996885-26332589:-;NC_086018.1:26346212-26351183:-;NC_086018.1:26667458-26711716:-;NC_086018.1:26719433-26774468:-;NC_086018.1:26824340-26832675:-	16	8.000	2	0.349	0	false	0.000000	0	6	0	0	0	0	0	0
13	6	NC_073228.2	NC_073228.2:81447957-81513152:-;NC_073228.2:81528833-81575793:-;NC_073228.2:81518625-81538309:+;NC_073242.2:32891374-33088743:-;NC_073243.2:19035041-19075751:-;NC_073243.2:30719663-30885143:-;NC_073243.2:30890228-30941467:-	489	81.500	6	0.563	0	false	0.000000	0	7	0	0	0	0	0	0
14	2	NC_073237.2	NC_073237.2:101824223-101827863:+;NC_073238.2:93303879-93347799:-	566	283.000	2	0.197	0	false	0.000000	0	2	0	0	0	0	0	0
16	2	NC_073224.2	NC_073224.2:229545470-229550920:+;NC_073242.2:33334709-33335893:-	18	9.000	1	-1.000	0	false	0.000000	0	2	0	0	0	0	0	0
19	2	NC_073227.2	NC_073227.2:97983540-98085584:-;NC_073240.2:56613674-56784843:-	97	48.500	2	0.183	0	false	0.000000	0	2	0	0	0	0	0	0
20	3	NC_073228.2	NC_073228.2:15714034-15831338:+;NC_073233.2:121706419-121709129:+;NC_086018.1:37502972-37523603:+	29	9.667	2	0.303	0	false	0.000000	0	3	0	0	0	0	0	0
23	8	NC_073235.2	NC_073235.2:31684668-31715215:-;NC_073235.2:31723374-31730265:-;NC_073235.2:31713956-31722353:+;NC_073235.2:32682707-32688897:-;NC_073235.2:32682707-32688897:+;NC_073235.2:32697745-32704507:+;NC_073235.2:32712981-32744133:+;NC_073235.2:32705516-32714889:-;NC_073236.2:92977019-93041180:-;NC_073236.2:93054619-93122487:-;NC_073236.2:93154967-93196562:-	376	47.000	7	1.023	0	false	0.000000	0	11	0	0	0	0	0	0
24	21	NC_073224.2	NC_073224.2:114213532-114219098:-;NC_073224.2:114214890-114217920:+;NC_073224.2:116610280-116630421:-;NC_073224.2:116610280-116630421:+;NC_073224.2:130397514-130405239:-;NC_073224.2:130397514-130405239:+;NC_073243.2:110538288-110546093:-;NC_073243.2:110563039-110564300:-;NC_073243.2:110545637-110637586:+;NC_073243.2:111863561-111869734:-;NC_073243.2:111876596-111922880:-;NC_073243.2:112027787-112070739:-;NC_073243.2:112051356-112052617:+;NC_073243.2:112070369-112074023:+;NC_073243.2:112081970-112119316:-;NC_073243.2:112137562-112142914:-;NC_086017.1:82892046-82959108:+;NC_086017.1:207202921-207222884:+;NC_086017.1:207228654-207260447:+;NC_086017.1:207292888-207304121:+;NC_086017.1:207317375-207341586:-;NC_086017.1:207437717-207471894:-;NC_086017.1:207489122-207533718:-;NC_086017.1:207512239-207515283:+;NC_086017.1:207540818-207569036:-;NC_086017.1:207574788-207578236:-;NC_086017.1:207573506-207576650:+;NC_086017.1:209173001-209212655:-;NC_086017.1:209193030-209196162:+	657	31.286	18	1.088	0	false	0.000000	0	29	0	0	0	0	0	0
26	4	NC_073224.2	NC_073224.2:42472613-42528971:-;NC_073224.2:42258401-42461081:+;NC_073228.2:119687682-119761796:+;NC_073242.2:100746238-100747435:+	207	51.750	4	0.512	0	false	0.000000	0	4	0	0	0	0	0	0
28	2	NC_073242.2	NC_073242.2:88848434-88865793:-;NC_073242.2:117973252-117986223:+	258	129.000	2	0.364	0	false	0.000000	0	2	0	0	0	0	0	0
29	4	NC_073237.2	NC_073237.2:107788-131264:+;NC_073238.2:106456-129934:+;NC_073241.2:107601-131087:+;NC_073243.2:79646796-79670312:-	12	3.000	4	0.000	0	false	0.000000	0	4	0	0	0	0	0	0
30	7	NC_073224.2	NC_073224.2:226850913-226858407:-;NC_073224.2:226993828-227002239:+;NC_073224.2:227107956-227317507:-;NC_073224.2:227200972-227203689:+;NC_073224.2:227294291-227302695:+;NC_073224.2:227423807-227631403:+;NC_073224.2:227512074-227514791:-;NC_073224.2:227592744-227601181:-;NC_073224.2:227692612-227695642:-	11	1.571	6	0.436	0	false	0.000000	0	9	0	0	0	0	0	0
37	2	NC_086018.1	NC_086018.1:21442999-21447422:-;NC_086018.1:21465350-21469773:+	16	8.000	2	0.000	0	false	0.000000	0	2	0	0	0	0	0	0
39	17	NC_073227.2	NC_073227.2:127227117-127249607:-;NC_073227.2:127316173-127320351:-;NC_073247.2:12329276-12340798:-;NC_073247.2:12355061-12356543:-;NC_073247.2:12433103-12448535:-;NC_073247.2:12448108-12474095:+;NC_073247.2:12576636-12588167:+;NC_073247.2:12681445-12696885:-;NC_073247.2:12696458-12722907:+;NC_073247.2:12825498-12837028:+;NC_073247.2:12930310-12945751:-;NC_073247.2:12945324-12971767:+;NC_073247.2:13075005-13086537:+;NC_073247.2:13179841-13195272:-;NC_073247.2:13194845-13220852:+;NC_073247.2:14049632-14061160:-;NC_073247.2:14163706-14190159:-;NC_073247.2:14189732-14205174:+;NC_073247.2:14302316-14313838:-;NC_073247.2:14402818-14413631:-	53	3.118	17	0.847	0	false	0.000000	0	20	0	0	0	0	0	0
44	2	NC_073224.2	NC_073224.2:105534854-105544547:-;NC_073224.2:105564527-105564902:-;NC_073224.2:105570104-105582851:-;NC_073224.2:105588021-105639456:-;NC_073224.2:105669657-105673546:-;NC_073224.2:105712729-105776883:-;NC_073224.2:105785618-105788496:-;NC_073232.2:106118789-106121633:-;NC_073232.2:106607347-106637126:-	185	92.500	2	0.522	0	false	0.000000	0	9	0	0	0	0	0	0
46	2	NC_073224.2	NC_073224.2:92397542-92401502:-;NC_073247.2:162650382-162657912:+	29	14.500	1	-1.000	0	false	0.000000	0	2	0	0	0	0	0	0
48	2	NC_073242.2	NC_073242.2:16734688-16858955:+;NC_073242.2:31109049-31141326:-	11	5.500	2	0.040	0	false	0.000000	0	2	0	0	0	0	0	0
49	8	NC_073228.2	NC_073228.2:30860605-30876450:+;NC_073228.2:31134846-31138439:+;NC_073228.2:30602782-30627271:-;NC_073228.2:30911301-31312206:-;NC_073228.2:64369461-64374475:-;NC_073233.2:15989692-15990224:+;NC_073240.2:91599882-91714042:+;NC_073240.2:91599882-91723022:-;NC_073244.2:22043061-22044026:+;NC_086017.1:172542937-172543477:-	205	25.625	5	1.039	0	false	0.000000	0	10	0	0	0	0	0	0
51	6	NC_073224.2	NC_073224.2:45560081-45561296:-;NC_073228.2:180910694-181088436:+;NC_073229.2:150519796-151386545:-;NC_073229.2:150519796-150670084:+;NC_073229.2:151305421-151386546:+;NC_073236.2:75880726-75933299:-;NC_073236.2:76169437-76187651:-;NC_073236.2:75752209-75881317:+;NC_073236.2:75932485-76130063:+;NC_073236.2:76187813-76668637:+	82	13.667	6	0.745	0	false	0.000000	0	10	0	0	0	0	0	0
52	4	NC_073240.2	NC_073240.2:101215123-101228436:+;NC_073240.2:101055078-101059547:-;NC_073240.2:101225600-101318917:-;NC_073240.2:101407635-101536602:-;NC_073240.2:102902576-102994624:-;NC_073240.2:103006325-103016567:-;NC_073240.2:103015348-103025820:+	16	4.000	4	0.545	0	false	0.000000	0	7	0	0	0	0	0	0
55	2	NC_073224.2	NC_073224.2:100771544-100883447:+;NC_086017.1:160125240-160128742:-	88	44.000	2	0.941	0	false	0.000000	0	2	0	0	0	0	0	0
58	2	NC_073235.2	NC_073235.2:64458923-64541122:-;NC_073247.2:113044575-113070508:-;NC_073247.2:113121421-113125350:-	24	12.000	2	0.365	0	false	0.000000	0	3	0	0	0	0	0	0
65	4	NC_073230.2	NC_073230.2:140744277-140745029:-;NC_073235.2:108703424-108705680:+;NC_073235.2:108776917-108780705:+;NC_073235.2:108879823-108884013:+;NC_073235.2:108894559-108934403:+;NC_073243.2:42088721-42089524:+;NC_073247.2:35197838-35495890:-	90	22.500	1	-1.000	0	false	0.000000	0	7	0	0	0	0	0	0
66	3	NC_073224.2	NC_073224.2:199828809-199830670:+;NC_073228.2:15397127-15418023:+;NC_073228.2:15425366-15441310:+;NC_073228.2:15418413-15425349:-	112	37.333	3	0.457	0	false	0.000000	0	4	0	0	0	0	0	0
67	10	NC_073224.2	NC_073224.2:89613365-89614194:+;NC_073228.2:130413531-130473556:-;NC_073228.2:153853086-153906512:+;NC_073231.2:47008962-47011182:+;NC_073231.2:47084283-47088119:+;NC_073234.2:20044926-20045761:-;NC_073234.2:34452321-34764380:-;NC_073234.2:34511624-34756618:+;NC_073243.2:34193567-34258701:+;NC_073243.2:34257882-34505877:-;NC_086017.1:58115065-58137699:+	158	15.800	8	0.668	0	false	0.000000	0	11	0	0	0	0	0	0
71	4	NC_073247.2	NC_073247.2:161096313-161158362:-;NC_073247.2:161158397-161173481:+;NC_073247.2:161600467-161615551:-;NC_073247.2:161606110-161607844:+;NC_073247.2:161616333-161621279:+	209	52.250	4	0.507	0	false	0.000000	0	5	0	0	0	0	0	0
72	3	NC_073228.2	NC_073228.2:43987969-44023004:+;NC_073228.2:44044933-44066869:+;NC_073247.2:74928431-75264197:+;NC_073247.2:75130635-75264198:-	510	170.000	2	0.379	0	false	0.000000	0	4	0	0	0	0	0	0
73	3	NC_073231.2	NC_073231.2:5105110-5415718:-;NC_073231.2:5105110-5415718:+;NC_073231.2:5862495-6070166:+	13	4.333	3	0.552	0	false	0.000000	0	3	0	0	0	0	0	0
75	2	NC_073224.2	NC_073224.2:130800273-130804240:+;NC_073232.2:69068205-69069881:-	41	20.500	2	0.440	0	false	0.000000	0	2	0	0	0	0	0	0
78	2	NC_073228.2	NC_073228.2:145726362-145727423:-;NC_073242.2:111571413-111614498:-	16	8.000	1	-1.000	0	false	0.000000	0	2	0	0	0	0	0	0
82	2	NC_073224.2	NC_073224.2:193463806-193473201:-;NC_073224.2:193491519-193518251:-;NC_073224.2:193559149-193583525:-;NC_073224.2:193612926-193625773:-;NC_073224.2:193706068-193725402:-;NC_073224.2:224377228-224377742:+	16	8.000	1	-1.000	0	false	0.000000	0	6	0	0	0	0	0	0
84	3	NC_073231.2	NC_073231.2:58672521-58898245:+;NC_073231.2:58672521-59136961:-;NC_073234.2:48447686-48456191:+	30	10.000	3	1.057	0	false	0.000000	0	3	0	0	0	0	0	0
87	3	NC_073228.2	NC_073228.2:29858885-29863115:-;NC_073228.2:29858885-29863115:+;NC_073244.2:6390696-6411349:-	658	219.333	2	0.417	0	false	0.000000	0	3	0	0	0	0	0	0
88	2	NC_073241.2	NC_073241.2:55462324-55638189:+;NC_073242.2:86560605-86579969:-;NC_073242.2:86604417-86619071:-	187	93.500	2	0.361	0	false	0.000000	0	3	0	0	0	0	0	0
89	2	NC_073247.2	NC_073247.2:113995817-114011537:+;NC_073247.2:114041725-114106258:+;NC_073247.2:114140052-114204716:-;NC_073247.2:114234875-114250600:-	242	121.000	2	0.013	0	false	0.000000	0	4	0	0	0	0	0	0
94	2	NC_073247.2	NC_073247.2:10756425-10797265:+;NC_073248.2:8064201-8105821:+	14	7.000	2	0.000	0	false	0.000000	0	2	0	0	0	0	0	0
100	9	NC_073228.2	NC_073228.2:131401859-131405949:-;NC_073237.2:79421667-79428665:-;NC_073237.2:79453397-79746340:-;NC_073237.2:79864647-79912640:-;NC_073237.2:79943190-80019472:-;NC_073237.2:80037424-80124849:-;NC_073237.2:80141498-80159895:-;NC_073237.2:80170994-80183476:-;NC_073237.2:80182512-80206925:+;NC_073237.2:81740533-81946151:-;NC_073237.2:81946211-81992598:+;NC_073237.2:82018550-82072063:-;NC_073237.2:82018550-82055465:+;NC_086017.1:107163669-107166504:+	3923	435.889	7	1.091	0	false	0.000000	0	14	0	0	0	0	0	0
102	3	NC_073224.2	NC_073224.2:208012743-208050458:+;NC_073228.2:50045768-50066523:+;NC_073228.2:50081441-50156177:+;NC_073228.2:50193583-50269891:+;NC_073228.2:49935130-49937273:-;NC_073228.2:49944310-50008166:-;NC_073228.2:50157549-50181546:-	32	10.667	3	0.191	0	false	0.000000	0	7	0	0	0	0	0	0
103	4	NC_073224.2	NC_073224.2:101822648-101841979:-;NC_073231.2:39476537-39726262:-;NC_073231.2:39477379-39719282:+;NC_073247.2:41137060-41137855:+	45	11.250	2	0.250	0	false	0.000000	0	4	0	0	0	0	0	0
105	3	NC_073231.2	NC_073231.2:21241933-21303277:+;NC_073231.2:21333875-21404892:+;NC_073231.2:21423806-21504019:+;NC_073241.2:99201105-99205966:-;NC_073241.2:99334907-99622470:-;NC_073241.2:99621344-99661388:+	177	59.000	3	0.524	0	false	0.000000	0	6	0	0	0	0	0	0
111	6	NC_086018.1	NC_086018.1:18253435-18404047:-;NC_086018.1:18520830-18525601:-;NC_086018.1:18544552-18546937:-;NC_086018.1:18552716-18559482:-;NC_086018.1:18573418-18577293:-;NC_086018.1:18319553-18333866:+;NC_086018.1:18404226-18435786:+;NC_086018.1:18462394-18498770:+;NC_086018.1:18524219-18543825:+;NC_086018.1:18559550-18572713:+;NC_086018.1:18591764-18608211:+;NC_086018.1:18994356-19040299:+;NC_086018.1:18946819-19040298:-;NC_086018.1:19061848-19097277:-;NC_086018.1:19123301-19129017:-	89	14.833	5	0.993	0	false	0.000000	0	15	0	0	0	0	0	0
114	4	NC_073244.2	NC_073244.2:60056776-60079862:-;NC_073244.2:60050374-60079861:+;NC_073244.2:66128630-66135499:+;NC_086018.1:39060561-39061271:+	73	18.250	3	0.953	0	false	0.000000	0	4	0	0	0	0	0	0
115	30	NC_073224.2	NC_073224.2:10598231-10624032:+;NC_073227.2:133829953-134146612:-;NC_073227.2:133777032-134148578:+;NC_073227.2:204363310-204370540:-;NC_073228.2:39212242-39278157:+;NC_073228.2:39556064-39691128:+;NC_073228.2:39783154-39849248:+;NC_073228.2:79417847-79420352:+;NC_073229.2:29389192-29465071:-;NC_073229.2:44965081-44988794:-;NC_073229.2:45021106-45090559:-;NC_073230.2:74034892-74079112:+;NC_073230.2:74126483-74171491:+;NC_073230.2:74189791-74236913:+;NC_073230.2:74299233-74334240:+;NC_073231.2:14732448-14748335:-;NC_073231.2:14767793-14785770:-;NC_073231.2:14912448-14982372:-;NC_073231.2:14785801-14801194:+;NC_073231.2:14882809-14885344:+;NC_073231.2:79839215-79891916:-;NC_073231.2:79869248-79876332:+;NC_073232.2:15791676-15794248:-;NC_073232.2:128218784-128221316:-;NC_073235.2:30239740-30352426:+;NC_073235.2:30239740-30352426:-;NC_073235.2:60395784-60398264:-;NC_073235.2:115899636-115939565:+;NC_073235.2:115890945-115899554:-;NC_073235.2:116152400-116154934:-;NC_073235.2:116357640-116842510:+;NC_073235.2:117026084-117064260:+;NC_073236.2:72670922-72679409:-;NC_073238.2:55065355-55092618:+;NC_073238.2:55333398-55357232:+;NC_073238.2:55403289-55514691:+;NC_073238.2:55587441-55654496:+;NC_073239.2:13234626-13291964:+;NC_073239.2:13223845-13535995:-;NC_073246.2:29079289-29081904:-;NC_073247.2:63585325-63591756:-	66	2.200	28	1.309	0	false	0.000000	0	41	0	0	0	0	0	0
118	2	NC_073227.2	NC_073227.2:129018259-129022950:+;NC_073240.2:97671066-97671553:-	37	18.500	1	-1.000	0	false	0.000000	0	2	0	0	0	0	0	0
124	2	NC_073227.2	NC_073227.2:69858305-69933209:+;NC_086017.1:97116305-97119969:-	304	152.000	2	0.875	0	false	0.000000	0	2	0	0	0	0	0	0
126	2	NC_073234.2	NC_073234.2:48400691-48404758:-;NC_073247.2:104220201-104221606:+	22	11.000	2	0.800	0	false	0.000000	0	2	0	0	0	0	0	0
127	2	NC_073247.2	NC_073247.2:161262058-161270016:-;NC_073247.2:161414213-161453486:+	106	53.000	2	0.627	0	false	0.000000	0	2	0	0	0	0	0	0
128	4	NC_073228.2	NC_073228.2:66136757-66173098:-;NC_073228.2:70880005-70985506:-;NC_073228.2:70880005-70916383:+;NC_073242.2:95593965-95678771:-	19	4.750	3	1.255	0	false	0.000000	0	4	0	0	0	0	0	0
129	3	NC_073231.2	NC_073231.2:41407786-41630175:-;NC_073231.2:41556065-41630176:+;NC_073233.2:84240332-84271608:-	158	52.667	3	0.510	0	false	0.000000	0	3	0	0	0	0	0	0
132	4	NC_073227.2	NC_073227.2:55607396-55803394:-;NC_073227.2:55478690-55606278:+;NC_073244.2:53162297-53192988:-;NC_086017.1:33635296-33719198:+;NC_086017.1:33744976-33748822:+;NC_086017.1:33772807-33821436:+	90	22.500	3	0.283	0	false	0.000000	0	6	0	0	0	0	0	0
134	6	NC_073224.2	NC_073224.2:128061487-128063308:+;NC_073231.2:113702245-113887057:-;NC_073231.2:113585893-113934925:+;NC_073231.2:130316268-130366495:-;NC_073231.2:130377899-130555861:-;NC_073232.2:52247625-52595753:+;NC_073232.2:52146771-52248151:-;NC_073232.2:52607929-52629963:-	207	34.500	6	0.839	0	false	0.000000	0	8	0	0	0	0	0	0
135	2	NC_073224.2	NC_073224.2:194319168-194354162:-;NC_073224.2:194367278-194387024:-;NC_073231.2:59459519-59461684:+	26	13.000	2	0.948	0	false	0.000000	0	3	0	0	0	0	0	0
141	2	NC_073241.2	NC_073241.2:55255671-55373444:-;NC_086017.1:56399793-56487977:-;NC_086017.1:56553333-56577999:-;NC_086017.1:56592339-56602182:-	550	275.000	2	0.182	0	false	0.000000	0	4	0	0	0	0	0	0
142	4	NC_073239.2	NC_073239.2:21944661-21948957:+;NC_073239.2:21962500-22008870:+;NC_073239.2:22029622-22098807:+;NC_073239.2:22116853-22117769:-;NC_073244.2:53469344-53481951:+;NC_073245.2:28500352-28564505:+;NC_073245.2:28570767-28572932:+;NC_073245.2:28591164-28764601:+	14	3.500	3	0.625	0	false	0.000000	0	8	0	0	0	0	0	0
145	2	NC_073231.2	NC_073231.2:149431225-149449721:-;NC_073231.2:149455723-149461065:-;NC_073244.2:20113277-20114261:+	36	18.000	2	0.964	0	false	0.000000	0	3	0	0	0	0	0	0
146	11	NC_073224.2	NC_073224.2:207250375-207273060:+;NC_073224.2:207302225-207332585:+;NC_073224.2:234525215-234634636:-;NC_073224.2:234736490-234837118:-;NC_073231.2:115059462-115151273:-;NC_073231.2:148826481-148865581:-;NC_073235.2:134153399-134153934:-;NC_073235.2:134174302-134184174:-;NC_073235.2:134225618-134239196:-;NC_073235.2:134247998-134255436:-;NC_073235.2:133913678-134090289:+;NC_073235.2:134112355-134125452:+;NC_073242.2:33211130-33241338:-;NC_073242.2:33195187-33256438:+;NC_073242.2:100978406-100996152:+;NC_073242.2:101306261-101317591:+;NC_073242.2:101355730-101390172:+;NC_073244.2:49047039-49166349:-;NC_073244.2:49176755-49228837:-;NC_073244.2:49247298-49327659:-;NC_073244.2:49014064-49051393:+;NC_073244.2:49101177-49124375:+;NC_073244.2:49327672-49346057:+	111	10.091	11	0.793	0	false	0.000000	0	23	0	0	0	0	0	0
148	4	NC_073247.2	NC_073247.2:147489152-147549669:-;NC_073247.2:147502447-147518886:+;NC_073247.2:147526290-147549670:+;NC_073247.2:147600198-147620186:+;NC_073247.2:147569520-147579326:-;NC_073247.2:147586730-147600845:-	38	9.500	3	0.209	0	false	0.000000	0	6	0	0	0	0	0	0
152	6	NC_073238.2	NC_073238.2:126989656-126991195:-;NC_073238.2:127006611-127008150:-;NC_073238.2:127055024-127055124:-;NC_073238.2:127081162-127081262:-;NC_073238.2:127107267-127108806:+;NC_073238.2:127125682-127125782:+	10	1.667	2	0.000	0	false	0.000000	0	6	0	0	0	0	0	0
154	2	NC_073237.2	NC_073237.2:58089731-58183346:-;NC_073237.2:58341598-58384168:-;NC_086017.1:161554109-161605932:+;NC_086017.1:161691908-161730153:+;NC_086017.1:161748958-161776102:+	511	255.500	2	0.006	0	false	0.000000	0	5	0	0	0	0	0	0
155	2	NC_073247.2	NC_073247.2:23796218-23871658:-;NC_086017.1:59130661-59204325:-;NC_086017.1:59221746-59297314:-	51	25.500	1	-1.000	0	false	0.000000	0	3	0	0	0	0	0	0
156	2	NC_073239.2	NC_073239.2:21348023-21370383:-;NC_073239.2:21384195-21542743:-;NC_073239.2:21580520-21617527:-;NC_073248.2:30980564-31009359:-	91	45.500	2	0.670	0	false	0.000000	0	4	0	0	0	0	0	0
157	6	NC_073234.2	NC_073234.2:117302513-117303034:-;NC_073235.2:99829214-99851134:+;NC_073235.2:99891764-99929738:+;NC_073239.2:80497543-80542601:-;NC_073239.2:80479538-80544494:+;NC_073242.2:97765405-97952623:-;NC_073242.2:97765430-97800944:+;NC_073242.2:97861127-97952624:+	43	7.167	4	0.703	0	false	0.000000	0	8	0	0	0	0	0	0
162	4	NC_073247.2	NC_073247.2:161251214-161261060:+;NC_073247.2:161251214-161257019:-;NC_073247.2:161454482-161464329:-;NC_073247.2:161458522-161464330:+	80	20.000	2	0.000	0	false	0.000000	0	4	0	0	0	0	0	0
166	7	NC_073237.2	NC_073237.2:141867-161234:-;NC_073237.2:142838-155125:+;NC_073238.2:140464-159841:-;NC_073238.2:141443-153731:+;NC_073241.2:141690-161062:-;NC_073241.2:142666-154954:+;NC_073243.2:79615731-79635176:-	13	1.857	4	0.121	0	false	0.000000	0	7	0	0	0	0	0	0
168	4	NC_073224.2	NC_073224.2:141998353-142840355:-;NC_073229.2:48979559-48980839:+;NC_073229.2:132043143-132126989:-;NC_073229.2:132211729-132245389:-;NC_086018.1:37316589-37323330:-	97	24.250	2	0.730	0	false	0.000000	0	5	0	0	0	0	0	0
177	8	NC_073224.2	NC_073224.2:167133413-167134159:-;NC_073224.2:181434893-181654163:-;NC_073235.2:117465738-117492426:+;NC_073244.2:15847494-15856699:-;NC_073244.2:15864757-15867580:+;NC_073244.2:18649721-18667614:+;NC_073244.2:18708722-18715934:+;NC_073244.2:18777371-18788690:+;NC_073244.2:18844388-18853766:+;NC_073244.2:18887922-18915050:+;NC_073244.2:18931593-18940464:+;NC_073244.2:18979813-18994882:+;NC_073244.2:19011585-19016750:+;NC_073244.2:18614864-18649635:-;NC_073244.2:18684337-18721161:-;NC_073244.2:18728148-18764480:-;NC_073244.2:18770971-18775082:-;NC_073244.2:18803042-18818821:-;NC_073244.2:18837120-18842194:-;NC_073244.2:18915306-18922068:-;NC_073244.2:18938722-18975226:-;NC_073244.2:18995405-18998482:-;NC_073247.2:166018290-166021473:+	130	16.250	6	1.250	0	false	0.000000	0	23	0	0	0	0	0	0
178	6	NC_073224.2	NC_073224.2:197289385-197487402:-;NC_073224.2:197520739-197562460:-;NC_073224.2:197487235-197512967:+;NC_073231.2:87927988-88259706:-;NC_073237.2:124724631-124744815:+;NC_073245.2:63154816-63224970:-;NC_073247.2:23442710-23444832:+	93	15.500	6	0.943	0	false	0.000000	0	7	0	0	0	0	0	0
180	7	NC_073230.2	NC_073230.2:21909260-22287383:-;NC_073230.2:22643992-22842321:-;NC_073230.2:22985498-23126913:-;NC_073240.2:35559767-35669071:-;NC_073240.2:35677557-35688053:-;NC_073240.2:35998579-36245616:-;NC_073240.2:35687533-35710521:+;NC_073240.2:35835712-35838828:+;NC_073240.2:69611453-69653351:-;NC_073240.2:69714094-69763101:-;NC_073241.2:36348408-36348793:+;NC_073246.2:44976164-44990827:-;NC_073247.2:113167390-113172209:+;NC_073247.2:113184382-113190306:+	25	3.571	6	0.901	0	false	0.000000	0	14	0	0	0	0	0	0
181	2	NC_073242.2	NC_073242.2:82439913-82447958:-;NC_073242.2:82556475-82577788:-;NC_073243.2:87701319-87720243:-	285	142.500	2	0.760	0	false	0.000000	0	3	0	0	0	0	0	0
183	8	NC_073224.2	NC_073224.2:213464327-213508361:-;NC_073224.2:231720552-231722093:-;NC_073239.2:31386809-31387990:+;NC_073239.2:97382702-97831690:-;NC_073239.2:97980000-98061266:-;NC_073239.2:98078346-98123977:-;NC_073239.2:98169577-98338502:-;NC_073239.2:98140371-98177996:+;NC_073240.2:30708736-30979632:+;NC_073242.2:74213583-74377923:+;NC_086017.1:25200031-25201570:-	316	39.500	8	1.472	0	false	0.000000	0	11	0	0	0	0	0	0
185	2	NC_073224.2	NC_073224.2:101678417-101681524:-;NC_073233.2:111551583-111552602:-	26	13.000	2	0.800	0	false	0.000000	0	2	0	0	0	0	0	0
186	7	NC_073224.2	NC_073224.2:106527623-106541121:-;NC_073224.2:106547776-106562188:-;NC_073224.2:106569836-106577087:-;NC_073224.2:106565586-106569507:+;NC_073224.2:106592378-106609905:+;NC_073224.2:150882100-150883941:+;NC_073228.2:30391362-30405229:-;NC_073228.2:30391362-30415132:+;NC_073234.2:44474713-44530577:-;NC_073234.2:44567609-44606280:-;NC_073234.2:44605266-44645502:+;NC_073234.2:44671655-44696569:+;NC_073234.2:44715674-44723530:+	1076	153.714	6	0.921	0	false	0.000000	0	13	0	0	0	0	0	0
190	10	NC_073229.2	NC_073229.2:51975605-51986184:+;NC_073232.2:22396208-22396683:+;NC_073233.2:101649144-101661008:-;NC_073233.2:101737576-101770087:-;NC_073234.2:125691509-125763964:+;NC_073234.2:125881878-125904282:+;NC_073234.2:125915339-125947379:+;NC_073234.2:125782066-125816298:-;NC_073234.2:125846063-125882766:-;NC_073234.2:125905510-125916101:-;NC_073234.2:125947963-125995559:-;NC_073236.2:38756888-38849095:+;NC_073236.2:38854516-38861749:+;NC_073236.2:39002152-39015067:+;NC_073236.2:39103955-39121282:+;NC_073239.2:75746878-75747319:+;NC_073241.2:38575344-38583945:+;NC_073241.2:38575344-38583945:-;NC_073245.2:61473856-61499175:+;NC_073245.2:61533420-61544389:+	225	22.500	7	0.595	0	false	0.000000	0	20	0	0	0	0	0	0
193	4	NC_073238.2	NC_073238.2:64347274-64347527:+;NC_073240.2:84387474-84520619:-;NC_073240.2:84529506-84606070:-;NC_073240.2:84288944-84373201:+;NC_073240.2:84520874-84525974:+;NC_073247.2:47547472-47553628:-	10	2.500	3	0.648	0	false	0.000000	0	6	0	0	0	0	0	0
199	16	NC_073228.2	NC_073228.2:23808303-23822348:-;NC_073228.2:23874542-23904356:-;NC_073228.2:23957968-23985587:-;NC_073228.2:24021115-24175992:-;NC_073228.2:27041282-27063960:-;NC_073228.2:27078548-27159897:+;NC_073228.2:27169290-27259585:+;NC_073228.2:45252896-45267815:-;NC_073228.2:45237780-45282330:+;NC_073228.2:45686808-45738953:+;NC_073228.2:45803328-45806478:+;NC_073228.2:45894135-45959956:+;NC_073228.2:45710799-45835280:-;NC_073228.2:45951856-45956895:-;NC_073228.2:45974466-46019134:+;NC_073228.2:46047846-46074605:+;NC_073228.2:45974466-46080578:-;NC_073228.2:46457542-46653319:-;NC_073228.2:46756055-46761092:-;NC_073228.2:46563232-46765518:+;NC_073228.2:47022495-47028201:-;NC_073228.2:46778677-46833608:+;NC_073228.2:46839215-46875755:+;NC_073228.2:46952909-47008159:+;NC_073228.2:144481100-144483058:-;NC_073228.2:144494736-144497151:-;NC_073228.2:144520267-144540876:-;NC_073233.2:52255636-52276558:+	547	34.188	15	0.641	0	false	0.000000	0	28	0	0	0	0	0	0
200	2	NC_073227.2	NC_073227.2:58880871-58957740:+;NC_073234.2:104928787-104983528:+	46	23.000	2	0.157	0	false	0.000000	0	2	0	0	0	0	0	0
201	2	NC_073224.2	NC_073224.2:211723287-211754612:+;NC_073224.2:211777704-211806659:+;NC_073224.2:211864920-211982782:+;NC_086017.1:147335076-147385509:-;NC_086017.1:147522350-147935795:-	14	7.000	2	0.402	0	false	0.000000	0	5	0	0	0	0	0	0
202	5	NC_073224.2	NC_073224.2:53955766-54039573:-;NC_073224.2:53955766-54037324:+;NC_073228.2:62980751-63164866:-;NC_073228.2:63164442-63469792:+;NC_073228.2:90739065-90741929:+	19	3.800	5	0.760	0	false	0.000000	0	5	0	0	0	0	0	0
209	4	NC_073240.2	NC_073240.2:17920612-18099447:+;NC_073240.2:17920612-18087112:-;NC_073240.2:25290230-25638443:-;NC_073240.2:25290230-25392160:+;NC_073240.2:25414076-25416098:+;NC_073240.2:25434394-25638444:+	101	25.250	4	0.860	0	false	0.000000	0	6	0	0	0	0	0	0
213	2	NC_073247.2	NC_073247.2:131775952-131781447:-;NC_073247.2:131863961-131871556:+	75	37.500	2	0.091	0	false	0.000000	0	2	0	0	0	0	0	0
215	26	NC_073224.2	NC_073224.2:93945843-94133241:-;NC_073224.2:94169375-94209440:-;NC_073236.2:32792904-32795609:-;NC_073236.2:32813406-32817363:-;NC_073236.2:32838132-32989960:-;NC_073236.2:32711170-32736484:+;NC_073236.2:32780180-32782646:+;NC_073236.2:32985275-33010464:+;NC_073236.2:33012839-33047992:-;NC_073236.2:33054777-33166748:-;NC_073236.2:33128333-33149502:+;NC_073237.2:24093311-24154790:+;NC_073237.2:24206161-24231779:+;NC_073237.2:24272075-24290483:+;NC_073237.2:24385331-24444913:+;NC_073237.2:24456730-24460389:+;NC_073237.2:24121096-24145452:-;NC_073237.2:24176423-24177979:-;NC_073237.2:24186218-24208608:-;NC_073237.2:24250614-24259541:-;NC_073237.2:24280370-24284820:-;NC_073237.2:24364857-24389525:-;NC_073237.2:24497633-24525330:-;NC_073237.2:29065101-29165354:-;NC_073237.2:29181809-29231712:-;NC_073237.2:29450700-29455031:+;NC_073237.2:29572258-29581589:+;NC_073237.2:29370053-29377556:-;NC_073237.2:29395287-29524375:-;NC_073237.2:29540855-29547640:-;NC_073237.2:29639771-29646293:+;NC_073237.2:29675045-29701179:-;NC_073237.2:29752194-29782445:-;NC_073237.2:29698732-29706302:+;NC_073237.2:31244196-31325810:+;NC_073237.2:31481201-31537678:+;NC_073237.2:31555360-31559320:+;NC_073237.2:31341020-31361362:-;NC_073237.2:31402414-31408925:-;NC_073237.2:31420677-31469093:-;NC_073237.2:40298020-40305023:-;NC_073237.2:40305733-40313242:-;NC_073238.2:54832837-54837927:-;NC_073240.2:58144083-58318302:-;NC_073240.2:58144217-58317380:+;NC_073244.2:6807399-6819599:+;NC_073244.2:19179248-19184859:+;NC_073247.2:151189503-151264720:-;NC_073248.2:33997359-34000651:-	1310	50.385	21	0.999	0	false	0.000000	0	49	0	0	0	0	0	0
216	3	NC_073235.2	NC_073235.2:31571464-31590386:-;NC_073235.2:31886302-31915543:+;NC_073235.2:31887604-31899453:-;NC_073235.2:31904987-31912798:-	25	8.333	2	0.220	0	false	0.000000	0	4	0	0	0	0	0	0
217	3	NC_073239.2	NC_073239.2:67861789-67901640:-;NC_073239.2:67931983-68052112:-;NC_073239.2:68172453-68195721:-;NC_086017.1:174188695-174207823:-;NC_086017.1:174303040-174393418:-;NC_086017.1:174609152-174622469:+	146	48.667	3	0.927	0	false	0.000000	0	6	0	0	0	0	0	0
219	4	NC_073247.2	NC_073247.2:59683441-59761248:+;NC_073247.2:59763445-59770774:+;NC_073247.2:59771371-59790764:-;NC_073247.2:59772930-59789858:+	102	25.500	3	0.906	0	false	0.000000	0	4	0	0	0	0	0	0
220	2	NC_073224.2	NC_073224.2:155419902-155440992:+;NC_073224.2:155484145-155493399:+;NC_073230.2:28044538-28052287:-;NC_073230.2:28247585-28253093:-	40	20.000	2	0.366	0	false	0.000000	0	4	0	0	0	0	0	0
221	3	NC_073224.2	NC_073224.2:138736217-138740363:+;NC_073234.2:53133482-53173322:-;NC_073234.2:53121785-53131813:+;NC_073234.2:53172232-53237714:+	30	10.000	3	0.819	0	false	0.000000	0	4	0	0	0	0	0	0
222	3	NC_073228.2	NC_073228.2:70122744-70145978:+;NC_073228.2:78724694-78746697:+;NC_073228.2:79204241-79234935:-;NC_073228.2:79299471-79305623:-	10	3.333	3	1.000	0	false	0.000000	0	4	0	0	0	0	0	0
223	2	NC_073227.2	NC_073227.2:123408369-123431815:-;NC_073229.2:123329948-123332855:+	20	10.000	1	-1.000	0	false	0.000000	0	2	0	0	0	0	0	0
225	2	NC_073228.2	NC_073228.2:181864955-181937481:-;NC_073228.2:182186870-182216199:-	14	7.000	2	0.679	0	false	0.000000	0	2	0	0	0	0	0	0
229	3	NC_073247.2	NC_073247.2:166102386-166109330:-;NC_073247.2:166124707-166134821:-;NC_073247.2:166148791-166165216:-;NC_073247.2:166165243-166186293:+;NC_073247.2:166244104-166259925:-	278	92.667	3	0.341	0	false	0.000000	0	5	0	0	0	0	0	0
231	5	NC_073224.2	NC_073224.2:185569211-185748094:+;NC_073230.2:50306107-50417208:-;NC_073230.2:51038434-51040609:+;NC_073230.2:50665230-51039060:-;NC_073230.2:51073922-51223781:-;NC_073230.2:51302804-51310192:-;NC_073230.2:51394257-51443623:-;NC_073230.2:63307921-63409758:-;NC_073230.2:63461719-63509468:-;NC_073230.2:63514591-63520437:-	46	9.200	5	0.894	0	false	0.000000	0	10	0	0	0	0	0	0
235	3	NC_073232.2	NC_073232.2:104262463-104372737:+;NC_073232.2:104345123-104347743:-;NC_073233.2:7144590-7154074:+	22	7.333	3	1.242	0	false	0.000000	0	3	0	0	0	0	0	0
238	3	NC_073245.2	NC_073245.2:65243900-65721359:-;NC_073245.2:65243900-65721359:+;NC_073245.2:65760406-65765295:+	50	16.667	3	0.471	0	false	0.000000	0	3	0	0	0	0	0	0
239	2	NC_073235.2	NC_073235.2:73265958-73294818:+;NC_073245.2:46276796-46300880:-	140	70.000	2	0.116	0	false	0.000000	0	2	0	0	0	0	0	0
240	2	NC_073232.2	NC_073232.2:106997856-107004538:-;NC_073247.2:132234085-132272724:-;NC_073247.2:132338577-132345189:-	80	40.000	1	-1.000	0	false	0.000000	0	3	0	0	0	0	0	0
249	2	NC_073247.2	NC_073247.2:11949175-12004974:+;NC_073248.2:9270633-9326459:+	328	164.000	2	0.000	0	false	0.000000	0	2	0	0	0	0	0	0
250	3	NC_073228.2	NC_073228.2:116717653-116757777:-;NC_073228.2:116547811-116683069:+;NC_073228.2:116702515-116734311:+;NC_073247.2:25973640-26029431:+;NC_073247.2:26147662-26300067:+	31	10.333	3	0.459	0	false	0.000000	0	5	0	0	0	0	0	0
252	16	NC_073229.2	NC_073229.2:60719684-60721141:-;NC_073229.2:60757757-60772833:-;NC_073229.2:60805485-60807234:-;NC_073229.2:60578749-60661565:+;NC_073229.2:60672195-60682878:+;NC_073229.2:60720482-60730662:+;NC_073229.2:60778300-60822756:+;NC_073229.2:174769054-175026181:-;NC_073229.2:174769054-175012804:+;NC_073230.2:132558407-132575240:-;NC_073236.2:38413153-38428156:+;NC_073237.2:66258478-66582972:-;NC_073237.2:66269501-66446970:+;NC_073237.2:66483632-66579609:+;NC_073241.2:91373343-91515247:-;NC_073241.2:91369904-91372135:+;NC_073241.2:91515238-91636760:+;NC_073241.2:91653382-91718428:+;NC_073242.2:14583423-14849423:-;NC_073242.2:14584852-14822157:+;NC_073242.2:76134685-76196531:-;NC_073242.2:76208478-76513165:-;NC_086017.1:112508422-112545874:-;NC_086017.1:112545872-112559958:+;NC_086017.1:112583734-112630024:+;NC_086017.1:112638664-112685647:+;NC_086017.1:112710726-112722294:+;NC_086018.1:21034347-21050572:+	446	27.875	16	0.854	0	false	0.000000	0	28	0	0	0	0	0	0
253	2	NC_073247.2	NC_073247.2:11864593-11916649:+;NC_073248.2:9187674-9238105:+	16	8.000	2	0.000	0	false	0.000000	0	2	0	0	0	0	0	0
254	2	NC_073229.2	NC_073229.2:95255230-95260453:+;NC_073231.2:66681381-66736628:+;NC_073231.2:66756567-66813265:+	1314	657.000	2	0.592	0	false	0.000000	0	3	0	0	0	0	0	0
255	3	NC_073231.2	NC_073231.2:91813980-91820490:-;NC_073231.2:91813980-91820490:+;NC_073233.2:77545412-77551375:+;NC_073233.2:77590920-77604264:+	150	50.000	2	0.583	0	false	0.000000	0	4	0	0	0	0	0	0
262	10	NC_073228.2	NC_073228.2:97732815-98229193:-;NC_073228.2:98425656-98743294:-;NC_073228.2:98828050-99212504:-;NC_073228.2:175198621-175218772:+;NC_073230.2:147318163-147321969:-;NC_073231.2:59189946-59246901:-;NC_073232.2:42810581-42850173:-;NC_073232.2:42810581-42850172:+;NC_073234.2:24960413-24979129:-;NC_073234.2:24956987-24963123:+;NC_073234.2:24978856-25002967:+;NC_073234.2:25063886-25078937:+;NC_073234.2:25092958-25113418:+;NC_073234.2:70136843-70173369:-;NC_073234.2:70048478-70136307:+	213	21.300	9	0.960	0	false	0.000000	0	15	0	0	0	0	0	0
264	3	NC_073247.2	NC_073247.2:164256092-164384847:-;NC_073247.2:164319564-164343137:+;NC_073247.2:164381160-164384848:+;NC_073247.2:164442445-164446133:-	171	57.000	3	0.571	0	false	0.000000	0	4	0	0	0	0	0	0
266	2	NC_073233.2	NC_073233.2:133491955-133506867:+;NC_073233.2:133515460-133543729:+;NC_073233.2:133549862-133581887:+;NC_073241.2:87969758-87973979:+	53	26.500	2	0.916	0	false	0.000000	0	4	0	0	0	0	0	0
272	4	NC_073236.2	NC_073236.2:49501441-49649534:+;NC_073236.2:49673064-49735228:+;NC_073236.2:48823387-49110646:-;NC_073236.2:49387778-49501982:-;NC_073236.2:51672290-51674737:-;NC_073236.2:51843028-51843643:-;NC_073236.2:52876740-52959793:-	32	8.000	4	0.736	0	false	0.000000	0	7	0	0	0	0	0	0
273	3	NC_073228.2	NC_073228.2:144488719-144521819:+;NC_073228.2:144540926-144557229:+;NC_073236.2:80519216-80715631:-;NC_073236.2:80849490-80931364:-;NC_073236.2:81266629-81353243:-;NC_073236.2:80563407-80569837:+;NC_073236.2:80715432-80730734:+;NC_073236.2:81318963-81320827:+	333	111.000	3	0.634	0	false	0.000000	0	8	0	0	0	0	0	0
274	2	NC_073236.2	NC_073236.2:64893638-64952229:-;NC_073236.2:65011104-65067418:-;NC_073247.2:92265921-92271543:-	540	270.000	2	0.828	0	false	0.000000	0	3	0	0	0	0	0	0
275	3	NC_073230.2	NC_073230.2:48199225-48205208:-;NC_073230.2:48204971-48219761:+;NC_073230.2:48225250-48228178:+;NC_073247.2:102818083-102819390:+	99	33.000	2	0.476	0	false	0.000000	0	4	0	0	0	0	0	0
276	26	NC_073248.2	NC_073248.2:16927990-16961213:-;NC_073248.2:16923275-16927659:+;NC_073248.2:17250458-17257425:-;NC_073248.2:17251199-17257426:+;NC_073248.2:17309944-17337486:-;NC_073248.2:17398978-17432592:-;NC_073248.2:17398978-17432593:+;NC_073248.2:17485105-17491333:-;NC_073248.2:17784750-17818063:+;NC_073248.2:17818394-17822802:-;NC_073248.2:18494086-18527298:-;NC_073248.2:18446510-18787738:+;NC_073248.2:18801452-18807678:+;NC_073248.2:18860211-18893820:-;NC_073248.2:18955313-18988922:-;NC_073248.2:18955313-18988923:+;NC_073248.2:19041446-19047675:-;NC_073248.2:19061397-19192265:-;NC_073248.2:19061397-19192265:+;NC_073248.2:19200719-19205748:+;NC_073248.2:19315687-19337886:+;NC_073248.2:41287449-41321558:-;NC_073248.2:41678719-41691677:-;NC_073248.2:41716007-41737102:-;NC_073248.2:41619278-41625521:+;NC_073248.2:44002636-44023981:+;NC_073248.2:44226246-44427945:+;NC_073248.2:44272166-44306242:-	59	2.269	23	0.994	0	false	0.000000	0	28	0	0	0	0	0	0
280	2	NC_073247.2	NC_073247.2:62823555-62833957:-;NC_073247.2:62876862-62887265:+	34	17.000	2	0.000	0	false	0.000000	0	2	0	0	0	0	0	0
286	5	NC_073228.2	NC_073228.2:115312172-115329230:-;NC_073228.2:115546257-115575445:-;NC_073230.2:30771595-30933156:-;NC_073230.2:30969845-30999198:-;NC_073230.2:30760622-30773132:+;NC_073231.2:66937541-67072087:+;NC_073231.2:66936861-67075331:-	89	17.800	5	0.700	0	false	0.000000	0	7	0	0	0	0	0	0
291	3	NC_073237.2	NC_073237.2:29809272-29810903:-;NC_086017.1:153136293-153330220:-;NC_086017.1:153338185-153406022:-;NC_086017.1:153060053-153111685:+	233	77.667	3	0.914	0	false	0.000000	0	4	0	0	0	0	0	0
295	2	NC_073236.2	NC_073236.2:107640300-107681561:+;NC_073236.2:107866406-108039635:+;NC_073246.2:38040257-38056652:+	20	10.000	2	0.848	0	false	0.000000	0	3	0	0	0	0	0	0
296	4	NC_073233.2	NC_073233.2:91148103-91172735:-;NC_073233.2:91336370-92328335:-;NC_073233.2:92845020-93180440:-;NC_073233.2:93425668-93533985:-;NC_073233.2:93547079-93549733:-;NC_073233.2:93559286-93587683:-;NC_073233.2:93595704-93754152:-;NC_073233.2:93772143-93834624:-;NC_073233.2:93856139-93971033:-;NC_073233.2:94230794-94576025:-;NC_073233.2:94815138-94853218:-;NC_073233.2:94909919-94935604:-	14	3.500	4	0.673	0	false	0.000000	0	12	0	0	0	0	0	0
297	17	NC_073224.2	NC_073224.2:132581684-132705644:-;NC_073224.2:132844350-132852970:-;NC_073227.2:104826374-104830792:-;NC_073227.2:104961941-105198705:-;NC_073227.2:105531689-105554243:-;NC_073228.2:62534529-62535155:+;NC_073229.2:74977470-75013247:-;NC_073229.2:74835035-74975426:+;NC_073229.2:75102133-75437672:+;NC_073229.2:80813528-80832293:+;NC_073229.2:81557596-81837003:+;NC_073229.2:81533542-81837002:-;NC_073230.2:18357357-18366639:-;NC_073230.2:18366610-18599224:+;NC_073234.2:57659406-57659597:+;NC_073240.2:51025488-51049678:-;NC_073242.2:6296327-6310917:-;NC_086017.1:37796250-37796406:-;NC_086017.1:101067949-101265316:+;NC_086017.1:101135355-101254393:-;NC_086017.1:197074736-197075005:-	108	6.353	13	1.263	0	false	0.000000	0	21	0	0	0	0	0	0
298	2	NC_073229.2	NC_073229.2:177457496-177458003:-;NC_073233.2:15060450-15067380:+;NC_073233.2:15293235-15302285:+	13	6.500	1	-1.000	0	false	0.000000	0	3	0	0	0	0	0	0
300	6	NC_073224.2	NC_073224.2:231043144-231086440:-;NC_073233.2:54912435-54976098:-;NC_073233.2:55122901-55289799:+;NC_073233.2:61888281-61929278:-;NC_073233.2:97509393-97573368:+;NC_073233.2:97196025-97362452:-	79	13.167	6	0.493	0	false	0.000000	0	6	0	0	0	0	0	0
301	2	NC_073236.2	NC_073236.2:112252122-112267655:+;NC_073236.2:112287075-112291380:+;NC_073236.2:112417533-112467051:+;NC_073247.2:124164978-124167926:+	166	83.000	2	0.942	0	false	0.000000	0	4	0	0	0	0	0	0
302	9	NC_073230.2	NC_073230.2:82396841-82421188:-;NC_073230.2:82390460-82396848:+;NC_073230.2:82421153-82463988:+;NC_073230.2:84149572-84189153:+;NC_073230.2:84132341-84149426:-;NC_073230.2:84183678-84189153:-;NC_073230.2:84208466-84214688:-;NC_073230.2:84189791-84208473:+;NC_073230.2:88359122-88363872:-;NC_073230.2:88393017-88452186:-;NC_073230.2:88544046-88588002:-;NC_073230.2:88611456-88617814:-;NC_073230.2:88363542-88392278:+;NC_073230.2:88452285-88547997:+;NC_073230.2:88587755-88611246:+;NC_073235.2:78858667-78859527:+	375	41.667	9	1.118	0	false	0.000000	0	16	0	0	0	0	0	0
303	4	NC_073247.2	NC_073247.2:11461589-11756442:-;NC_073247.2:11408761-11837426:+;NC_073248.2:8759902-9079371:-;NC_073248.2:8707035-9160507:+	495	123.750	4	0.836	0	false	0.000000	0	4	0	0	0	0	0	0
305	2	NC_073237.2	NC_073237.2:109453316-109460150:-;NC_073237.2:109461576-109468472:+	48	24.000	2	0.000	0	false	0.000000	0	2	0	0	0	0	0	0
309	4	NC_073224.2	NC_073224.2:37477570-37523346:+;NC_073224.2:37547016-37557195:+;NC_073224.2:37589663-37693887:-;NC_073228.2:120746780-120749496:-;NC_073231.2:107029882-107038533:-	137	34.250	4	0.771	0	false	0.000000	0	5	0	0	0	0	0	0
311	4	NC_073228.2	NC_073228.2:43127184-43127802:-;NC_073236.2:92042774-92043392:+;NC_073237.2:55707740-55715446:-;NC_073244.2:24302535-24305977:+	74	18.500	2	0.375	0	false	0.000000	0	4	0	0	0	0	0	0
312	3	NC_073232.2	NC_073232.2:86221655-86653747:-;NC_073232.2:86146347-86204203:+;NC_073232.2:86592951-86630604:+;NC_073232.2:86653769-86686413:+;NC_073236.2:71427633-71454813:+;NC_073236.2:71495180-71569914:+;NC_073236.2:71590711-71665801:+;NC_073236.2:71686078-71708291:+	72	24.000	3	0.253	0	false	0.000000	0	8	0	0	0	0	0	0
315	2	NC_073229.2	NC_073229.2:45478381-45481046:-;NC_073234.2:43524445-43551468:+	63	31.500	1	-1.000	0	false	0.000000	0	2	0	0	0	0	0	0
317	4	NC_073224.2	NC_073224.2:100949531-100973155:-;NC_073224.2:101081470-101088613:-;NC_073224.2:100973091-101088613:+;NC_073224.2:101094083-101136231:-;NC_073224.2:101201913-101207476:-;NC_073224.2:101488732-101511113:-;NC_073224.2:101529341-101542473:-;NC_073224.2:101587063-101591067:-;NC_073224.2:101607683-101612839:-;NC_073224.2:101135981-101165259:+;NC_073224.2:101200903-101204186:+;NC_073224.2:101252175-101340530:+;NC_073224.2:101352467-101358750:+;NC_073224.2:101474754-101484526:+;NC_073224.2:101546305-101587073:+;NC_073224.2:101593961-101625888:+	122	30.500	4	0.699	0	false	0.000000	0	16	0	0	0	0	0	0
318	3	NC_073229.2	NC_073229.2:28413642-28428756:+;NC_073232.2:47413918-47425123:-;NC_073232.2:47534769-47572662:-;NC_073232.2:47229048-47273786:+;NC_073232.2:47283932-47343212:+;NC_073232.2:47349627-47413744:+;NC_073232.2:47424190-47465682:+	72	24.000	3	0.737	0	false	0.000000	0	7	0	0	0	0	0	0
322	4	NC_073235.2	NC_073235.2:144879597-144885619:-;NC_073235.2:144855619-144900273:+;NC_073242.2:3600777-3645404:-;NC_073242.2:3614392-3620422:+	48	12.000	4	0.458	0	false	0.000000	0	4	0	0	0	0	0	0
324	4	NC_086018.1	NC_086018.1:36985480-37078069:-;NC_086018.1:36987535-37037040:+;NC_086018.1:37042837-37058617:+;NC_086018.1:37079351-37110489:-;NC_086018.1:37079351-37090493:+;NC_086018.1:37104018-37110490:+	13	3.250	4	1.245	0	false	0.000000	0	6	0	0	0	0	0	0
325	4	NC_073247.2	NC_073247.2:63010848-63038339:-;NC_073247.2:63012500-63029594:+;NC_073247.2:63067623-63084717:-;NC_073247.2:63076147-63085670:+	297	74.250	4	0.855	0	false	0.000000	0	4	0	0	0	0	0	0
327	3	NC_073224.2	NC_073224.2:153327922-153363656:-;NC_073224.2:153411477-153425786:-;NC_073224.2:153493363-153597663:-;NC_073224.2:153578537-153645318:+;NC_073228.2:35098160-35121069:+	17	5.667	3	0.501	0	false	0.000000	0	5	0	0	0	0	0	0
331	4	NC_073246.2	NC_073246.2:2520105-2566194:-;NC_073246.2:2520105-2566195:+;NC_086018.1:2067185-2113335:+;NC_086018.1:6429772-6474155:-	31	7.750	4	0.403	0	false	0.000000	0	4	0	0	0	0	0	0
332	5	NC_073230.2	NC_073230.2:84317902-84470262:+;NC_073230.2:84325260-84370687:-;NC_073230.2:84390357-84408988:-;NC_073230.2:85761461-85800708:+;NC_073230.2:85819859-85865779:-;NC_073230.2:85821617-85861597:+	21	4.200	4	0.745	0	false	0.000000	0	6	0	0	0	0	0	0
333	2	NC_073229.2	NC_073229.2:54803190-54804215:+;NC_073234.2:135862744-135865560:+	36	18.000	1	-1.000	0	false	0.000000	0	2	0	0	0	0	0	0
334	29	NC_073227.2	NC_073227.2:197673698-198168566:-;NC_073230.2:88788456-88802623:+;NC_073230.2:88833642-88878836:+;NC_073231.2:38052459-38053927:+;NC_073231.2:44818049-44973267:-;NC_073232.2:19821802-19943502:+;NC_073232.2:20341064-20373193:-;NC_073232.2:20041333-20362741:+;NC_073234.2:47061173-47067575:-;NC_073234.2:47146045-47159685:-;NC_073234.2:138297456-138328847:-;NC_073234.2:138266469-138295004:+;NC_073234.2:138328872-138337972:+;NC_073235.2:77021322-77021432:-;NC_073235.2:103593544-103688979:-;NC_073235.2:103901011-103970723:-;NC_073235.2:103990219-104065410:-;NC_073235.2:104100812-104225168:-;NC_073235.2:103689038-103786565:+;NC_073235.2:103799407-103836804:+;NC_073235.2:103849173-103901064:+;NC_073235.2:104064731-104094523:+;NC_073238.2:66780891-66824015:+;NC_073238.2:66830454-66859629:+;NC_073238.2:66902287-66946390:+;NC_073238.2:66990575-67064205:+;NC_073238.2:67074037-67113902:+;NC_073238.2:66756651-66780799:-;NC_073239.2:24435024-24436738:-;NC_073240.2:68632316-68632425:-;NC_073241.2:61502699-61711350:-;NC_073241.2:61906137-62005566:-;NC_073241.2:79079030-79107963:-;NC_073242.2:84785431-84786142:-;NC_073243.2:31327667-31333112:-;NC_073243.2:31327667-31333112:+;NC_073244.2:6650124-6695251:-;NC_073244.2:6801848-6802968:+;NC_073247.2:59148331-59149747:-;NC_073247.2:74031843-74031952:+;NC_086017.1:119042980-119104861:-;NC_086017.1:119253931-119364019:-;NC_086017.1:119104110-119253195:+;NC_086017.1:192320664-192326346:+	598	20.621	20	1.024	0	false	0.000000	0	44	0	0	0	0	0	0
336	5	NC_073228.2	NC_073228.2:164078218-164167581:-;NC_073228.2:164038068-164173487:+;NC_073231.2:102066393-102105113:-;NC_073247.2:66816872-66965849:+;NC_073247.2:66816872-66966607:-	11	2.200	4	0.707	0	false	0.000000	0	5	0	0	0	0	0	0
339	4	NC_073235.2	NC_073235.2:31672555-31678303:-;NC_073235.2:31662902-31672691:+;NC_073235.2:32755811-32765559:-;NC_073235.2:32750477-32755947:+	34	8.500	4	0.760	0	false	0.000000	0	4	0	0	0	0	0	0
344	3	NC_073239.2	NC_073239.2:77364554-77450429:-;NC_073239.2:77143106-77145106:+;NC_073239.2:77199894-77249115:+;NC_073242.2:19138694-19158698:-;NC_073242.2:19340134-19356027:-;NC_073242.2:19499415-19525389:-	64	21.333	3	0.422	0	false	0.000000	0	6	0	0	0	0	0	0
345	4	NC_073236.2	NC_073236.2:48130269-48209742:-;NC_073236.2:48130269-48159209:+;NC_073236.2:48178929-48209743:+;NC_073236.2:48214757-48305656:+;NC_073236.2:48217037-48257286:-	39	9.750	4	1.355	0	false	0.000000	0	5	0	0	0	0	0	0
346	8	NC_073244.2	NC_073244.2:62554396-62566570:-;NC_073244.2:62558080-62560418:+;NC_073244.2:62568383-62568478:+;NC_073244.2:62569722-62581440:-;NC_073244.2:62569722-62581440:+;NC_073244.2:62588812-62594826:+;NC_073244.2:62595137-62595233:+;NC_073244.2:62604118-62610117:+	14	1.750	4	0.306	0	false	0.000000	0	8	0	0	0	0	0	0
347	3	NC_073240.2	NC_073240.2:23674889-23695312:+;NC_073240.2:29752511-29795141:-;NC_073240.2:29752511-29773161:+	78	26.000	3	0.677	0	false	0.000000	0	3	0	0	0	0	0	0
348	3	NC_073236.2	NC_073236.2:84237753-84270494:-;NC_073236.2:84095503-84152687:+;NC_073236.2:84170369-84241301:+;NC_073236.2:84371130-84503256:+;NC_073243.2:38200283-38207417:-	25	8.333	3	1.156	0	false	0.000000	0	5	0	0	0	0	0	0
349	7	NC_073229.2	NC_073229.2:157016560-157165881:-;NC_073229.2:157016560-157019616:+;NC_073233.2:82381481-82400872:+;NC_073233.2:82479609-82530039:+;NC_073233.2:82636121-82723272:+;NC_073233.2:82831556-82861428:+;NC_073233.2:82221695-82285011:-;NC_073233.2:82342817-82355300:-;NC_073233.2:82378688-82382009:-;NC_073233.2:82669256-82673172:-;NC_073233.2:82722878-82831800:-;NC_073236.2:97924815-97925192:-;NC_073238.2:110377748-110517287:-;NC_073243.2:19793555-19832279:-	201	28.714	6	1.004	0	false	0.000000	0	14	0	0	0	0	0	0
351	3	NC_073230.2	NC_073230.2:61724418-61730538:+;NC_073237.2:45074586-45079161:+;NC_073237.2:45213937-45330233:+;NC_073237.2:45341388-45518778:+;NC_073245.2:67041523-67042354:-	454	151.333	3	1.112	0	false	0.000000	0	5	0	0	0	0	0	0
352	3	NC_073236.2	NC_073236.2:33887028-33890418:-;NC_073236.2:35002534-35005931:+;NC_073244.2:8893538-8900757:+	12	4.000	3	0.707	0	false	0.000000	0	3	0	0	0	0	0	0
353	2	NC_073229.2	NC_073229.2:104032871-104065614:-;NC_073229.2:104200037-104208872:-;NC_073232.2:33583709-33719875:-	15	7.500	2	0.448	0	false	0.000000	0	3	0	0	0	0	0	0
354	4	NC_073224.2	NC_073224.2:131006711-131019338:+;NC_073230.2:52209698-52311717:-;NC_073230.2:52205217-52311966:+;NC_086017.1:22529401-22531860:-;NC_086017.1:22547290-22583376:-;NC_086017.1:22648299-22657603:-	60	15.000	4	0.724	0	false	0.000000	0	6	0	0	0	0	0	0
356	3	NC_073233.2	NC_073233.2:73917643-73919325:+;NC_073235.2:133429688-133538037:+;NC_073235.2:133429688-133538036:-	84	28.000	2	0.592	0	false	0.000000	0	3	0	0	0	0	0	0
360	2	NC_073224.2	NC_073224.2:8947789-9125736:+;NC_073224.2:9157088-9163954:+;NC_073224.2:9196922-9201010:+;NC_073224.2:9302729-9313126:+;NC_073224.2:9521619-9701213:+	40	20.000	2	0.103	0	false	0.000000	0	5	0	0	0	0	0	0
364	30	NC_073224.2	NC_073224.2:118987351-119074608:-;NC_073224.2:119109255-119163007:-;NC_073227.2:34724018-34957023:-;NC_073227.2:50191610-50196778:-;NC_073229.2:55931398-56111477:-;NC_073229.2:56152020-56155477:-;NC_073229.2:56261765-56413705:-;NC_073229.2:56449501-56476801:-;NC_073229.2:56476925-56807712:+;NC_073231.2:64651456-64652968:+;NC_073231.2:105627926-105632795:-;NC_073231.2:105701076-105722043:-;NC_073232.2:95597593-95906335:-;NC_073232.2:95597593-95677304:+;NC_073234.2:26251279-26570908:-;NC_073234.2:26569890-26774168:+;NC_073234.2:26904174-26958035:+;NC_073234.2:29903174-29969446:-;NC_073234.2:30012972-30065914:-;NC_073234.2:30137050-30171230:-;NC_073234.2:30186566-30203678:-;NC_073234.2:30226089-30249629:-;NC_073234.2:30286734-30290751:-;NC_073234.2:30317479-30366499:-;NC_073235.2:32773438-32994912:-;NC_073235.2:32777301-32811832:+;NC_073235.2:32829016-32850576:+;NC_073235.2:32909199-32994913:+;NC_073236.2:88785492-88810652:-;NC_073236.2:88805894-88810652:+;NC_073236.2:89215132-89919813:-;NC_073236.2:89215132-89373080:+;NC_073236.2:89602165-89919814:+;NC_073238.2:48508090-48513685:-;NC_073239.2:37273130-37310289:-;NC_073239.2:37244148-37251213:+;NC_073239.2:37367618-37442952:+;NC_073239.2:69654012-69722242:+;NC_073239.2:69738752-69747092:+;NC_073240.2:54711890-54715015:-;NC_073240.2:95439036-95741392:-;NC_073240.2:95439036-95700199:+;NC_073240.2:95713506-95741393:+;NC_073241.2:47004815-47023075:-;NC_073241.2:47028973-47037413:-;NC_073244.2:56356985-56414490:+;NC_073247.2:47675249-47812465:-;NC_086017.1:122338109-122521918:-;NC_086017.1:197984768-197985273:+	485	16.167	21	1.359	0	false	0.000000	0	49	0	0	0	0	0	0
365	4	NC_073228.2	NC_073228.2:86485355-86487809:-;NC_073241.2:61331734-61372325:+;NC_073243.2:54807993-54924574:-;NC_073243.2:55059427-55068548:-;NC_073243.2:54697872-54808136:+;NC_073243.2:54924843-54975874:+;NC_073243.2:54994610-55010970:+;NC_073243.2:55081471-55116421:+	617	154.250	4	0.625	0	false	0.000000	0	8	0	0	0	0	0	0
367	3	NC_073227.2	NC_073227.2:161174169-161183178:+;NC_073234.2:55847260-56065950:-;NC_073234.2:56065328-56109286:+;NC_073234.2:56243691-56282930:+;NC_073234.2:56339538-56778048:+	14	4.667	3	0.348	0	false	0.000000	0	5	0	0	0	0	0	0
378	2	NC_073237.2	NC_073237.2:28467642-28529601:-;NC_073248.2:44131034-44162444:+	24	12.000	2	0.216	0	false	0.000000	0	2	0	0	0	0	0	0
386	3	NC_086018.1	NC_086018.1:40080320-40136944:+;NC_086018.1:40144359-40151015:-;NC_086018.1:40146462-40151016:+	19	6.333	2	0.857	0	false	0.000000	0	3	0	0	0	0	0	0
390	19	NC_073224.2	NC_073224.2:143461352-143463098:-;NC_073224.2:207272411-207302174:-;NC_073227.2:125869960-125871712:+;NC_073229.2:31560428-31569981:+;NC_073229.2:31614660-31670775:+;NC_073229.2:48838740-48854705:-;NC_073229.2:48860664-48866815:-;NC_073229.2:97608634-97613017:-;NC_073229.2:97695035-97753956:-;NC_073229.2:97792178-97794574:-;NC_073231.2:132932300-133517860:-;NC_073231.2:132932300-133517860:+;NC_073232.2:139798752-139835068:-;NC_073234.2:23387930-23436657:+;NC_073234.2:23695986-23703639:+;NC_073234.2:23730679-23746331:+;NC_073234.2:23367559-23390530:-;NC_073234.2:23452055-23512652:-;NC_073234.2:23565467-23662305:-;NC_073234.2:23705026-23714903:-;NC_073238.2:110309855-110373780:-;NC_073238.2:110309855-110373809:+;NC_073241.2:66013763-66046493:-;NC_073241.2:65520940-66000875:+;NC_073241.2:66046340-66472245:+;NC_073243.2:68507808-68510839:-;NC_073243.2:68560683-68596948:-;NC_073243.2:68630286-68717907:-;NC_073243.2:68392215-68462859:+;NC_073243.2:68510379-68529139:+;NC_073243.2:68597088-68621799:+;NC_073243.2:97333052-97368596:-;NC_073243.2:97411623-97450391:-;NC_073243.2:97161501-97322986:+;NC_073243.2:97342118-97352484:+;NC_073243.2:97368865-97372646:+	1962	103.263	18	0.902	0	false	0.000000	0	36	0	0	0	0	0	0
392	13	NC_073229.2	NC_073229.2:68697209-68697562:-;NC_073233.2:69723982-69770893:-;NC_073233.2:69814989-69818080:-;NC_073235.2:83156863-83542483:-;NC_073236.2:74477856-74523656:-;NC_073236.2:74681422-74712564:-;NC_073236.2:74748569-74783025:-;NC_073238.2:37001937-37002848:-;NC_073240.2:59630869-59635389:-;NC_073240.2:59648752-59703493:-;NC_073243.2:94669780-94786827:-;NC_073243.2:94701253-94704999:+;NC_073243.2:99525234-99569573:+;NC_073243.2:99729658-99741349:+;NC_073243.2:99168154-99181387:-;NC_073243.2:99504241-99525313:-;NC_073243.2:99802876-99803821:-;NC_073244.2:26821540-26930232:-;NC_073244.2:26666681-26701638:+;NC_073244.2:26760758-26762867:+;NC_086017.1:109312717-109313140:+	357	27.462	11	0.812	0	false	0.000000	0	21	0	0	0	0	0	0
393	7	NC_073227.2	NC_073227.2:11865252-12022784:+;NC_073236.2:22471106-22492316:+;NC_073236.2:24868947-24890170:-;NC_073236.2:30288782-30310005:-;NC_073238.2:23474602-23495827:-;NC_073240.2:15737228-15758602:+;NC_073246.2:11222417-11230215:+	20	2.857	7	0.467	0	false	0.000000	0	7	0	0	0	0	0	0
394	5	NC_073234.2	NC_073234.2:48286140-48301261:-;NC_073234.2:48308225-48344673:-;NC_073237.2:92627653-92753746:-;NC_073237.2:92770037-92803593:-;NC_073237.2:92837717-92870374:-;NC_073237.2:92951612-93072957:-;NC_073237.2:92693649-92763248:+;NC_073237.2:92903203-92942839:+;NC_073247.2:123389608-123393513:+;NC_073247.2:123389608-123393514:-	751	150.200	4	0.657	0	false	0.000000	0	10	0	0	0	0	0	0
398	3	NC_073233.2	NC_073233.2:68964448-69020011:-;NC_073233.2:68966663-68976030:+;NC_073233.2:68985119-68994486:+;NC_073233.2:69003583-69012950:+;NC_073233.2:69021972-69032272:+	12	4.000	3	0.826	0	false	0.000000	0	5	0	0	0	0	0	0
399	3	NC_073232.2	NC_073232.2:21199345-21229876:-;NC_073232.2:21097319-21199447:+;NC_073232.2:21229217-21285666:+;NC_073232.2:21588279-21870282:+	14	4.667	3	0.594	0	false	0.000000	0	4	0	0	0	0	0	0
401	2	NC_073233.2	NC_073233.2:98161438-98163043:+;NC_073234.2:52151529-52155858:+;NC_073234.2:52203056-52206665:+	162	81.000	2	0.644	0	false	0.000000	0	3	0	0	0	0	0	0
402	14	NC_073234.2	NC_073234.2:9915258-9924595:-;NC_073234.2:13346518-13355856:-;NC_073234.2:149952853-149962173:+;NC_073239.2:2593221-2647313:+;NC_073239.2:2609968-2619333:-;NC_073239.2:11536073-11587166:+;NC_073239.2:11655183-11690445:+;NC_073239.2:11417309-11540483:-;NC_073239.2:11601383-11655465:-;NC_073239.2:11674318-11705807:-;NC_073241.2:115432504-115497872:-;NC_073241.2:115442035-115451356:+;NC_073243.2:113436941-113520900:+;NC_086017.1:190888983-191130732:-;NC_086017.1:191707232-191767648:-;NC_086017.1:192074307-192083247:-;NC_086017.1:191695041-191711553:+;NC_086017.1:192005260-192073083:+;NC_086017.1:192082358-192266587:+;NC_086017.1:192591714-192602308:+;NC_086017.1:192652140-192832200:+	45	3.214	12	0.905	0	false	0.000000	0	21	0	0	0	0	0	0
407	2	NC_073224.2	NC_073224.2:106132970-106184056:+;NC_073224.2:106205918-106213415:+;NC_073239.2:99539722-99707604:-	59	29.500	1	-1.000	0	false	0.000000	0	3	0	0	0	0	0	0
410	4	NC_073232.2	NC_073232.2:100191991-100299964:-;NC_073232.2:100191991-100295749:+;NC_073237.2:29274689-29305209:-;NC_073237.2:29232656-29335851:+	26	6.500	4	0.455	0	false	0.000000	0	4	0	0	0	0	0	0
413	10	NC_073224.2	NC_073224.2:63842507-63843804:-;NC_073230.2:52644609-52665933:-;NC_073236.2:35558863-35795165:-;NC_073236.2:35558863-35795164:+;NC_073239.2:85769342-85884149:+;NC_073239.2:85769342-85874565:-;NC_073240.2:93841739-93953376:-;NC_073240.2:93805671-93953375:+;NC_073246.2:41235518-41242345:-;NC_073246.2:41297922-41338527:-;NC_073247.2:166433258-166434481:-	327	32.700	8	0.876	0	false	0.000000	0	11	0	0	0	0	0	0
415	3	NC_073224.2	NC_073224.2:81626457-81746027:-;NC_073224.2:81758771-82134316:-;NC_073224.2:82369543-82691806:-;NC_073235.2:85969666-86199062:-	171	57.000	3	0.643	0	false	0.000000	0	4	0	0	0	0	0	0
416	3	NC_073229.2	NC_073229.2:48413954-48419101:+;NC_073229.2:48569362-48593647:+;NC_073231.2:34573779-34575442:-;NC_073231.2:34573779-34575442:+	118	39.333	2	0.988	0	false	0.000000	0	4	0	0	0	0	0	0
417	3	NC_073228.2	NC_073228.2:83729583-83732753:-;NC_086017.1:81567331-81641471:-;NC_086017.1:81587968-81588986:+	51	17.000	3	0.710	0	false	0.000000	0	3	0	0	0	0	0	0
418	4	NC_073247.2	NC_073247.2:84513026-84586434:+;NC_073247.2:84517974-84518868:-;NC_073247.2:84541286-84544286:-;NC_073247.2:84611037-84684494:-;NC_073247.2:84653227-84654020:+;NC_073247.2:84678651-84679545:+	93	23.250	4	0.413	0	false	0.000000	0	6	0	0	0	0	0	0
419	2	NC_073224.2	NC_073224.2:23090524-23094211:-;NC_073244.2:7138158-7161562:+;NC_073244.2:7166793-7178889:+;NC_073244.2:7190950-7223304:+	26	13.000	1	-1.000	0	false	0.000000	0	4	0	0	0	0	0	0
425	26	NC_073235.2	NC_073235.2:33685517-33725335:+;NC_073235.2:34374474-34424592:-;NC_073236.2:21806172-21851973:-;NC_073236.2:21806172-21869351:+;NC_073236.2:26203124-26248656:-;NC_073237.2:18046377-18091656:-;NC_073237.2:18039668-18094939:+;NC_073238.2:22521810-22567650:-;NC_073238.2:22515294-22585013:+;NC_073238.2:24676328-24739564:-;NC_073238.2:24693672-24739565:+;NC_073238.2:26537335-26588863:+;NC_073238.2:26533286-26595022:-;NC_073239.2:44147024-44192611:+;NC_073239.2:44758266-44800545:-;NC_073240.2:14887629-14933437:-;NC_073240.2:14887629-14950813:+;NC_073240.2:18228100-18273648:-;NC_073241.2:33100710-33145517:-;NC_073241.2:33094865-33150176:+;NC_073245.2:42763428-42804752:-;NC_073246.2:11785848-11830772:-;NC_073246.2:11785848-11845937:+;NC_086018.1:9699218-9752146:-;NC_086018.1:9700916-9730117:+;NC_086018.1:10378914-10425329:-	385	14.808	25	0.765	0	false	0.000000	0	26	0	0	0	0	0	0
426	3	NC_073237.2	NC_073237.2:91552006-91770445:-;NC_073237.2:91177151-91540143:+;NC_073242.2:111553929-111565187:+	14	4.667	3	0.641	0	false	0.000000	0	3	0	0	0	0	0	0
428	4	NC_073233.2	NC_073233.2:119973820-119980261:-;NC_073233.2:119988734-119992811:-;NC_073233.2:120048661-120073345:-;NC_073241.2:74369851-74372972:-;NC_073247.2:25476424-25479547:+;NC_073247.2:145934626-145935036:+	11	2.750	1	-1.000	0	false	0.000000	0	6	0	0	0	0	0	0
429	2	NC_073228.2	NC_073228.2:24255947-24281109:-;NC_073247.2:161789594-161792090:+	22	11.000	1	-1.000	0	false	0.000000	0	2	0	0	0	0	0	0
430	17	NC_073231.2	NC_073231.2:64169563-64350526:-;NC_073231.2:64169563-64235913:+;NC_073231.2:64251938-64254739:+;NC_073231.2:64283470-64289253:+;NC_073236.2:46167169-46346091:-;NC_073236.2:46402168-46432511:-;NC_073236.2:45965454-45975362:+;NC_073236.2:46148221-46170037:+;NC_073236.2:46208971-46216467:+;NC_073236.2:46264707-46275920:+;NC_073236.2:46344654-46407646:+;NC_073236.2:46432682-46585600:+;NC_073236.2:46617053-46675997:-;NC_073236.2:46617053-46675998:+;NC_073236.2:46676815-46767773:+;NC_073236.2:47433033-47505412:-;NC_073236.2:47672269-47781829:+;NC_073236.2:47822796-47854681:+;NC_073236.2:49894641-49953395:+;NC_073236.2:49989276-50034452:-;NC_073236.2:49987867-50045280:+;NC_073236.2:51160392-51237705:+;NC_073236.2:51394822-51471856:+;NC_073236.2:51155571-51480141:-;NC_073236.2:52767310-52772797:+;NC_073236.2:52782802-52859321:+;NC_073236.2:52769211-52770382:-;NC_073236.2:65287772-65300172:-;NC_073236.2:65321816-65324762:-	1615	95.000	17	0.809	0	false	0.000000	0	29	0	0	0	0	0	0
439	2	NC_073247.2	NC_073247.2:11012391-11023770:+;NC_073248.2:8318477-8330264:+	23	11.500	2	0.059	0	false	0.000000	0	2	0	0	0	0	0	0
440	3	NC_073224.2	NC_073224.2:119255066-119395303:-;NC_073232.2:54990093-55011665:+;NC_073232.2:55465609-55718014:+;NC_073232.2:55837211-55955607:+	39	13.000	1	-1.000	0	false	0.000000	0	4	0	0	0	0	0	0
441	7	NC_073224.2	NC_073224.2:53949616-53953450:-;NC_073228.2:16571077-16658495:+;NC_073228.2:16686042-16735109:+;NC_073228.2:16789507-16804717:+;NC_073228.2:16819798-16844188:+;NC_073228.2:16926612-16934406:+;NC_073228.2:43153725-43196265:-;NC_073228.2:43224159-43257899:-;NC_073228.2:43140217-43156438:+;NC_073229.2:47300374-47301426:-;NC_073230.2:63570130-63571117:+;NC_073247.2:127470358-127471446:-	204	29.143	3	0.655	0	false	0.000000	0	12	0	0	0	0	0	0
443	2	NC_073247.2	NC_073247.2:62249485-62257836:-;NC_073247.2:62360163-62368512:+	132	66.000	2	0.017	0	false	0.000000	0	2	0	0	0	0	0	0
444	3	NC_073246.2	NC_073246.2:2173956-2180391:+;NC_086018.1:1713296-1719732:+;NC_086018.1:6848926-6855332:-	33	11.000	3	0.354	0	false	0.000000	0	3	0	0	0	0	0	0
445	8	NC_073233.2	NC_073233.2:54778450-54787800:-;NC_073233.2:54817709-54830104:+;NC_073233.2:97673618-97729096:-;NC_073233.2:97705535-97714638:+;NC_073233.2:97834991-97847411:-;NC_073233.2:97790245-97802665:+;NC_073233.2:97922928-97931972:-;NC_073233.2:97935484-97944525:+	19	2.375	8	0.293	0	false	0.000000	0	8	0	0	0	0	0	0
446	5	NC_073224.2	NC_073224.2:64182598-64186905:-;NC_073227.2:165533241-165628000:+;NC_073227.2:165999839-166030695:+;NC_073229.2:137777471-137777900:+;NC_073236.2:84556078-84559032:-;NC_073242.2:90162608-90163132:-	35	7.000	3	1.127	0	false	0.000000	0	6	0	0	0	0	0	0
447	2	NC_073238.2	NC_073238.2:42267742-42268110:+;NC_073245.2:71275662-71287753:-;NC_073245.2:71306045-71323260:-	11	5.500	1	-1.000	0	false	0.000000	0	3	0	0	0	0	0	0
449	4	NC_073229.2	NC_073229.2:51959358-51960913:+;NC_073230.2:32540597-32547566:-;NC_073230.2:32562974-32608240:-;NC_073231.2:87093052-87274744:-;NC_073231.2:87613313-87685650:-;NC_073231.2:87685687-87692876:+	84	21.000	4	0.844	0	false	0.000000	0	6	0	0	0	0	0	0
453	6	NC_073228.2	NC_073228.2:81689163-81694267:-;NC_073228.2:81722875-81738438:-;NC_073228.2:83251645-83265025:-;NC_073228.2:83252067-83254302:+;NC_073228.2:83259908-83265026:+;NC_073228.2:84179549-84201502:+;NC_073228.2:84355208-84360047:+;NC_073228.2:84450354-84453006:-;NC_073228.2:84450776-84453007:+	434	72.333	4	0.752	0	false	0.000000	0	9	0	0	0	0	0	0
454	6	NC_073229.2	NC_073229.2:27701777-27701959:+;NC_073231.2:18758044-18758228:-;NC_073231.2:102296131-102453935:+;NC_073231.2:102488296-102984459:+;NC_073231.2:102990431-102992987:+;NC_073231.2:103118244-103122788:-;NC_073241.2:68030324-68034171:+;NC_073241.2:68225376-68243382:+;NC_086017.1:89534236-89552920:-	14	2.333	3	0.387	0	false	0.000000	0	9	0	0	0	0	0	0
460	4	NC_073224.2	NC_073224.2:181218149-181409360:-;NC_073224.2:181286502-181331768:+;NC_073224.2:206916533-206944834:+;NC_073236.2:108082013-108085997:+	74	18.500	3	0.403	0	false	0.000000	0	4	0	0	0	0	0	0
464	2	NC_073230.2	NC_073230.2:103474563-103475615:+;NC_073234.2:21856163-21895290:+	125	62.500	1	-1.000	0	false	0.000000	0	2	0	0	0	0	0	0
468	4	NC_073248.2	NC_073248.2:42783135-42859737:-;NC_073248.2:42765317-42862553:+;NC_073248.2:42876925-42963366:-;NC_073248.2:42879742-42945556:+	195	48.750	2	0.031	0	false	0.000000	0	4	0	0	0	0	0	0
469	3	NC_073224.2	NC_073224.2:19629273-19702433:-;NC_073224.2:19742716-19763786:-;NC_073224.2:19702562-19724191:+;NC_073227.2:11035978-11089278:+;NC_073227.2:11166966-11303345:+	10	3.333	3	0.634	0	false	0.000000	0	5	0	0	0	0	0	0
470	4	NC_073229.2	NC_073229.2:136502886-136506912:+;NC_073229.2:136521351-136557224:-;NC_073229.2:136550604-136554625:+;NC_073229.2:136577410-136583095:-	65	16.250	4	0.530	0	false	0.000000	0	4	0	0	0	0	0	0
471	11	NC_073229.2	NC_073229.2:110611086-111164821:-;NC_073229.2:110611086-111164821:+;NC_073230.2:142258982-142261553:-;NC_073231.2:139235265-139237180:+;NC_073233.2:24709136-24754489:+;NC_073233.2:24785806-24799067:+;NC_073234.2:121138768-121178747:+;NC_073238.2:64670267-64671877:+;NC_073245.2:32256445-32257524:-;NC_073247.2:105014436-105016055:-;NC_086017.1:154449522-155031378:-;NC_086018.1:38765622-38814929:-;NC_086018.1:38820579-38852150:-	325	29.545	9	1.257	0	false	0.000000	0	13	0	0	0	0	0	0
475	2	NC_073233.2	NC_073233.2:64343686-64345075:+;NC_073245.2:15006691-15020203:-	43	21.500	1	-1.000	0	false	0.000000	0	2	0	0	0	0	0	0
477	4	NC_073247.2	NC_073247.2:10802440-10877851:+;NC_073247.2:10802559-10807750:-;NC_073247.2:10819596-10877612:-;NC_073248.2:8110989-8116293:-;NC_073248.2:8127672-8181915:-;NC_073248.2:8110989-8182169:+	356	89.000	4	0.513	0	false	0.000000	0	6	0	0	0	0	0	0
479	3	NC_073229.2	NC_073229.2:133155710-133262560:-;NC_073230.2:89274443-89286879:+;NC_073230.2:89330236-89408598:+;NC_073230.2:89418882-89431753:+;NC_073230.2:89502397-89538671:+;NC_073230.2:89713292-89807368:+;NC_073230.2:89964382-89987964:+;NC_073234.2:134583161-134599184:+	62	20.667	3	0.757	0	false	0.000000	0	8	0	0	0	0	0	0
480	5	NC_073244.2	NC_073244.2:47519754-47528440:-;NC_073244.2:48320080-48341721:-;NC_073244.2:48349429-48385267:-;NC_073244.2:48417492-48418500:-;NC_073244.2:48185484-48297900:+;NC_073244.2:48384737-48432958:+;NC_073244.2:48567246-48613371:+;NC_073244.2:48660603-48688625:-;NC_073244.2:48755331-48796714:-;NC_073244.2:48919812-48979990:-;NC_073244.2:48620414-48640608:+;NC_073244.2:48769802-48770813:+;NC_073244.2:48979724-48999334:+	93	18.600	5	0.705	0	false	0.000000	0	13	0	0	0	0	0	0
482	4	NC_086018.1	NC_086018.1:16346801-16354782:+;NC_086018.1:17744349-17756678:-;NC_086018.1:18910925-18922801:-;NC_086018.1:18912417-18920359:+	145	36.250	3	0.094	0	false	0.000000	0	4	0	0	0	0	0	0
483	2	NC_073228.2	NC_073228.2:42247500-42288036:-;NC_073247.2:107743793-107746399:-	175	87.500	2	0.983	0	false	0.000000	0	2	0	0	0	0	0	0
486	3	NC_073247.2	NC_073247.2:62660703-62669073:-;NC_073247.2:62664010-62669074:+;NC_073247.2:62680249-62685351:-	32	10.667	3	0.580	0	false	0.000000	0	3	0	0	0	0	0	0
487	24	NC_073227.2	NC_073227.2:17323643-17437181:-;NC_073227.2:17678475-17690916:-;NC_073227.2:17445647-17459349:+;NC_073227.2:17466210-17469138:+;NC_073231.2:11433471-11593670:-;NC_073231.2:11581407-11593671:+;NC_073231.2:11603543-11630098:-;NC_073231.2:11837622-11857893:-;NC_073231.2:15705210-15721534:-;NC_073231.2:15705210-15878634:+;NC_073231.2:16316672-16378148:-;NC_073231.2:16317156-16337798:+;NC_073231.2:16614104-16640715:-;NC_073231.2:16614104-16640716:+;NC_073231.2:16650632-16663123:-;NC_073231.2:16755467-16790652:+;NC_073233.2:79660859-79707224:-;NC_073233.2:79740148-79811545:-;NC_073233.2:79887627-79997623:-;NC_073233.2:79492291-79495487:+;NC_073233.2:79809333-79882377:+;NC_073233.2:79965010-79981700:+;NC_073234.2:23816333-23884123:+;NC_073234.2:23884276-23887219:-;NC_073234.2:23893892-23906179:-;NC_073234.2:23890616-23895861:+;NC_073234.2:24007187-24010350:+;NC_086017.1:85330170-85343934:-;NC_086017.1:141278779-141292909:-;NC_086017.1:141293392-141313443:+;NC_086017.1:141415516-141428777:+;NC_086017.1:141457447-141462154:+	104	4.333	21	1.419	0	false	0.000000	0	32	0	0	0	0	0	0
488	3	NC_073236.2	NC_073236.2:44244499-44248398:-;NC_073236.2:53006917-53024313:+;NC_073236.2:53018185-53022050:-	14	4.667	3	0.595	0	false	0.000000	0	3	0	0	0	0	0	0
491	2	NC_073234.2	NC_073234.2:62953197-62962087:-;NC_073234.2:67146909-67159078:-	30	15.000	2	0.111	0	false	0.000000	0	2	0	0	0	0	0	0
494	6	NC_073246.2	NC_073246.2:2410729-2416492:-;NC_073246.2:2464896-2468779:-;NC_073246.2:2414923-2428529:+;NC_086018.1:1962153-1975771:+;NC_086018.1:1957958-1963722:-;NC_086018.1:2012050-2015920:-;NC_086018.1:6565706-6579323:-;NC_086018.1:6525358-6529267:+;NC_086018.1:6578345-6583524:+	94	15.667	6	0.832	0	false	0.000000	0	9	0	0	0	0	0	0
503	22	NC_073224.2	NC_073224.2:172557661-172581677:+;NC_073227.2:98331143-98815191:-;NC_073229.2:141867523-141901778:+;NC_073238.2:59662342-59681998:-;NC_073238.2:59675670-59777857:+;NC_073238.2:60756272-60846301:-;NC_073238.2:60859617-60866497:-;NC_073238.2:61173871-61200496:-;NC_073238.2:60839884-60859617:+;NC_073238.2:60957335-61155406:+;NC_073238.2:78362005-78369010:-;NC_073238.2:78356159-78379058:+;NC_073238.2:78387338-78428517:+;NC_073238.2:78393184-78400189:-;NC_073238.2:78488748-78494793:-;NC_073238.2:78505497-78519624:-;NC_073238.2:78519195-78536734:+;NC_073239.2:118594286-118658285:-;NC_073239.2:118594286-118658285:+;NC_073243.2:23511647-23530191:-;NC_073243.2:53725350-53730943:-;NC_073243.2:53663517-53710481:+;NC_073247.2:80269476-80344343:+;NC_073247.2:80418790-80497374:+;NC_073247.2:80555816-80558865:+;NC_073247.2:80604103-80617265:+;NC_086017.1:130497171-130534650:-;NC_086017.1:162210288-162210802:+	536	24.364	18	1.055	0	false	0.000000	0	28	0	0	0	0	0	0
505	3	NC_073234.2	NC_073234.2:135603660-135608252:-;NC_073234.2:135617419-135672546:-;NC_073236.2:101221588-101263001:+;NC_073236.2:101310375-101360323:+;NC_073236.2:101221082-101419793:-	148	49.333	3	0.788	0	false	0.000000	0	5	0	0	0	0	0	0
506	2	NC_073230.2	NC_073230.2:122061451-122065487:-;NC_073243.2:23174215-23175182:-	14	7.000	1	-1.000	0	false	0.000000	0	2	0	0	0	0	0	0
507	17	NC_073224.2	NC_073224.2:186926332-187049519:-;NC_073224.2:187082844-187143163:-;NC_073224.2:187158140-187259247:-;NC_073224.2:187055038-187083487:+;NC_073224.2:187286596-187300652:+;NC_073224.2:212302936-212303498:-;NC_073228.2:176438499-176451384:-;NC_073233.2:20683624-20764585:-;NC_073233.2:20862867-21043350:-;NC_073233.2:21258876-21284133:-;NC_073233.2:23172482-23415329:-;NC_073233.2:23473271-23476784:-;NC_073233.2:23485432-23608836:-;NC_073234.2:28276195-28298918:+;NC_073234.2:69974155-69976887:-;NC_073234.2:69974155-69976887:+;NC_073238.2:68865361-68866020:-;NC_073244.2:60279845-60284539:-;NC_073246.2:26798273-27287863:-;NC_073246.2:26798273-27287863:+;NC_086017.1:58307740-58335270:+;NC_086017.1:121768439-121947762:-;NC_086017.1:121768439-121947762:+;NC_086018.1:37896504-37976641:+	268	15.765	12	1.281	0	false	0.000000	0	24	0	0	0	0	0	0
510	4	NC_073236.2	NC_073236.2:31790518-31816523:-;NC_073236.2:31790518-31816524:+;NC_073237.2:23371292-23391119:+;NC_073237.2:30299641-30319491:-	13	3.250	4	0.452	0	false	0.000000	0	4	0	0	0	0	0	0
511	3	NC_073227.2	NC_073227.2:47476685-47483769:-;NC_073228.2:185124424-185125129:-;NC_073229.2:84876665-84877071:-	99	33.000	2	0.818	0	false	0.000000	0	3	0	0	0	0	0	0
514	2	NC_073227.2	NC_073227.2:69800849-69890991:-;NC_073231.2:9170510-9172122:+	67	33.500	1	-1.000	0	false	0.000000	0	2	0	0	0	0	0	0
515	2	NC_073242.2	NC_073242.2:84793852-84870760:+;NC_073242.2:84880620-84913676:+;NC_073242.2:84922509-84952457:-	145	72.500	2	0.414	0	false	0.000000	0	3	0	0	0	0	0	0
516	10	NC_073240.2	NC_073240.2:84012904-84051914:-;NC_073240.2:83970906-83998117:+;NC_073240.2:84065401-84070813:+;NC_073240.2:85691446-85691626:+;NC_073240.2:85695542-85703325:+;NC_073240.2:85798356-85868602:-;NC_073240.2:85723632-85784680:+;NC_073240.2:85791387-85797648:+;NC_073240.2:86208280-86245725:+;NC_073240.2:86279216-86287543:+;NC_073240.2:86311725-86372330:+;NC_073240.2:86476245-86485516:+;NC_073240.2:86292710-86298850:-;NC_073240.2:86386026-86469549:-;NC_073240.2:86490683-86499010:-	386	38.600	9	0.833	0	false	0.000000	0	15	0	0	0	0	0	0
517	3	NC_073230.2	NC_073230.2:166433836-166576274:-;NC_073230.2:167011431-167016408:+;NC_073230.2:166788690-167463438:-	21	7.000	3	0.578	0	false	0.000000	0	3	0	0	0	0	0	0
519	3	NC_073235.2	NC_073235.2:78665566-78670502:+;NC_073235.2:78665566-78670502:-;NC_073240.2:70293947-70296673:+	31	10.333	1	-1.000	0	false	0.000000	0	3	0	0	0	0	0	0
520	4	NC_073232.2	NC_073232.2:91944111-91955243:-;NC_073232.2:91944111-91955243:+;NC_073232.2:92616025-92627696:-;NC_073243.2:22451174-22456692:+	55	13.750	2	0.500	0	false	0.000000	0	4	0	0	0	0	0	0
521	3	NC_073228.2	NC_073228.2:176785654-176786879:+;NC_073232.2:45515044-45547264:+;NC_073232.2:45576907-45634749:+;NC_086017.1:27706719-27707797:-	18	6.000	3	1.381	0	false	0.000000	0	4	0	0	0	0	0	0
522	2	NC_073239.2	NC_073239.2:37774420-37779834:-;NC_073246.2:15398143-15403342:+	18	9.000	2	0.438	0	false	0.000000	0	2	0	0	0	0	0	0
524	3	NC_073231.2	NC_073231.2:11977100-11980320:+;NC_073231.2:12066227-12092344:+;NC_073231.2:12096308-12160776:-;NC_073243.2:78194946-78213600:+	10	3.333	3	0.581	0	false	0.000000	0	4	0	0	0	0	0	0
525	2	NC_073237.2	NC_073237.2:118623215-118689490:+;NC_073247.2:134767452-134769154:-	15	7.500	1	-1.000	0	false	0.000000	0	2	0	0	0	0	0	0
528	6	NC_073224.2	NC_073224.2:214600129-214605349:+;NC_073224.2:214613840-214625267:+;NC_073224.2:214504588-214508766:-;NC_073224.2:214517378-214542559:-;NC_073224.2:214554334-214578462:-;NC_073233.2:119825423-120022811:+;NC_073233.2:120072615-120199491:+;NC_073234.2:31007607-31180503:-;NC_073234.2:31270567-31275180:-;NC_073237.2:117440579-117543067:+;NC_073237.2:117567157-117695117:+;NC_073239.2:35138520-35143087:+;NC_073239.2:35152827-35166043:+;NC_073239.2:35186826-35313807:+	224	37.333	6	0.539	0	false	0.000000	0	14	0	0	0	0	0	0
529	2	NC_073228.2	NC_073228.2:81888406-82030602:+;NC_086017.1:54583506-54594181:-	160	80.000	2	0.647	0	false	0.000000	0	2	0	0	0	0	0	0
530	5	NC_073247.2	NC_073247.2:17003459-17004265:-;NC_073247.2:17514222-17613565:-;NC_073247.2:17719233-17727118:+;NC_073247.2:18319039-18320131:+;NC_073247.2:18376574-18407223:-;NC_073247.2:18638732-18639569:-;NC_073247.2:18934873-18935727:+	55	11.000	5	0.933	0	false	0.000000	0	7	0	0	0	0	0	0
531	2	NC_086018.1	NC_086018.1:21105306-21113123:-;NC_086018.1:21140998-21204575:-;NC_086018.1:21230757-21241144:-;NC_086018.1:21255760-21257999:-;NC_086018.1:21323804-21328411:-;NC_086018.1:23370474-23452196:+	12	6.000	2	0.060	0	false	0.000000	0	6	0	0	0	0	0	0
532	2	NC_073238.2	NC_073238.2:44759905-44762481:+;NC_086018.1:19145976-19198922:+	29	14.500	1	-1.000	0	false	0.000000	0	2	0	0	0	0	0	0
533	19	NC_073236.2	NC_073236.2:21748801-21758728:-;NC_073236.2:21757149-21777054:+;NC_073237.2:17990391-18016842:+;NC_073237.2:17990391-17999222:-;NC_073238.2:22473254-22492702:+;NC_073238.2:22464505-22474173:-;NC_073238.2:24768145-24779516:-;NC_073238.2:24781786-24796648:-;NC_073238.2:24803201-24831573:-;NC_073238.2:24803201-24839914:+;NC_073239.2:44221245-44240784:+;NC_073239.2:44221245-44240784:-;NC_073240.2:14849030-14857711:-;NC_073240.2:18173181-18199049:-;NC_073240.2:18180678-18199050:+;NC_073246.2:11729066-11755188:+;NC_073246.2:11729066-11755188:-;NC_086018.1:10325861-10334841:-;NC_086018.1:10325861-10353891:+	29	1.526	18	0.651	0	false	0.000000	0	19	0	0	0	0	0	0
537	2	NC_073232.2	NC_073232.2:69087869-69094781:+;NC_073234.2:124851629-124880640:-;NC_073234.2:124957104-124977037:-	240	120.000	2	0.381	0	false	0.000000	0	3	0	0	0	0	0	0
538	2	NC_073230.2	NC_073230.2:12864852-12948897:-;NC_073230.2:12962268-12965722:-;NC_073243.2:33893382-33893856:-	12	6.000	1	-1.000	0	false	0.000000	0	3	0	0	0	0	0	0
539	5	NC_073232.2	NC_073232.2:115107564-115114557:-;NC_073232.2:115365041-115467780:-;NC_073232.2:115580184-115628012:-;NC_073232.2:115016247-115093410:+;NC_073232.2:115131260-115178025:+;NC_073232.2:115326882-115361863:+;NC_073232.2:115552386-115565870:+;NC_073235.2:112385163-112644394:+;NC_073235.2:112791962-112854847:+;NC_073244.2:28255846-28304623:-;NC_073244.2:28332168-28380753:-;NC_073244.2:28426845-28544493:-;NC_073244.2:28704291-28749576:-;NC_073244.2:28474422-28479073:+;NC_073244.2:28587983-28627201:+	134	26.800	5	0.504	0	false	0.000000	0	15	0	0	0	0	0	0
540	2	NC_073224.2	NC_073224.2:34348551-34386252:-;NC_073241.2:37377575-37475773:+	84	42.000	2	0.667	0	false	0.000000	0	2	0	0	0	0	0	0
543	3	NC_073228.2	NC_073228.2:174063491-174114077:-;NC_073228.2:174193084-174206389:-;NC_073228.2:174051292-174068637:+;NC_073228.2:174169814-174234339:+;NC_073228.2:174538297-174556085:+	10	3.333	3	0.559	0	false	0.000000	0	5	0	0	0	0	0	0
547	3	NC_073229.2	NC_073229.2:131145654-131151597:-;NC_073243.2:76997690-77133766:-;NC_073243.2:77133856-77159129:+	53	17.667	3	0.625	0	false	0.000000	0	3	0	0	0	0	0	0
548	4	NC_073236.2	NC_073236.2:33169669-33233739:-;NC_073236.2:33169669-33212894:+;NC_073237.2:23973787-24045990:-;NC_073237.2:23973787-24045989:+	26	6.500	4	0.905	0	false	0.000000	0	4	0	0	0	0	0	0
550	3	NC_073242.2	NC_073242.2:20049139-20080684:+;NC_073242.2:20217796-20257981:+;NC_073242.2:20223460-20244013:-	10	3.333	3	0.428	0	false	0.000000	0	3	0	0	0	0	0	0
553	2	NC_073230.2	NC_073230.2:56669291-56675163:-;NC_073230.2:56752322-56755659:+	33	16.500	2	0.200	0	false	0.000000	0	2	0	0	0	0	0	0
554	2	NC_073224.2	NC_073224.2:211187158-211220354:-;NC_073239.2:17420542-17428294:-;NC_073239.2:17467658-17491253:-	23	11.500	2	0.375	0	false	0.000000	0	3	0	0	0	0	0	0
557	15	NC_073248.2	NC_073248.2:15375822-15385988:-;NC_073248.2:15385948-15395338:+;NC_073248.2:15402487-15405231:-;NC_073248.2:15419778-15455385:+;NC_073248.2:15477388-15491519:+;NC_073248.2:15918162-15930931:-;NC_073248.2:16137382-16150698:-;NC_073248.2:16407518-16437477:-;NC_073248.2:16415985-16429871:+;NC_073248.2:16438931-16463384:+;NC_073248.2:19360619-19378003:+;NC_073248.2:19602754-19616892:-;NC_073248.2:19625715-19639859:-;NC_073248.2:19648670-19662812:-;NC_073248.2:19671638-19685780:-;NC_073248.2:19694606-19708753:-;NC_073248.2:19717579-19731181:-;NC_073248.2:25690743-25716355:-;NC_073248.2:25725362-25739268:-;NC_073248.2:34688121-35056232:-;NC_073248.2:34718725-34729267:+;NC_073248.2:34739385-34750001:+;NC_073248.2:34760056-34770665:+;NC_073248.2:34780781-34791399:+;NC_073248.2:34801510-34812126:+;NC_073248.2:34822171-34832782:+;NC_073248.2:35056887-35060918:+	159	10.600	15	1.461	0	false	0.000000	0	27	0	0	0	0	0	0
558	5	NC_073228.2	NC_073228.2:50775083-50777833:-;NC_073232.2:130154151-130154683:-;NC_073236.2:130303385-130350744:+;NC_073236.2:130377726-130445481:+;NC_073236.2:130509053-130526792:+;NC_086018.1:41519271-41811018:-;NC_086018.1:41823123-41860851:-;NC_086018.1:41811077-41816536:+	19	3.800	4	1.056	0	false	0.000000	0	8	0	0	0	0	0	0
565	2	NC_073229.2	NC_073229.2:153725468-153901271:-;NC_073232.2:99124618-99297290:+	92	46.000	2	0.123	0	false	0.000000	0	2	0	0	0	0	0	0
569	2	NC_073235.2	NC_073235.2:31760139-31765754:+;NC_073235.2:32661039-32667715:-	74	37.000	2	0.167	0	false	0.000000	0	2	0	0	0	0	0	0
570	3	NC_073227.2	NC_073227.2:166035176-166082172:-;NC_073234.2:19437627-19502112:-;NC_073234.2:19419844-19502111:+	177	59.000	3	0.587	0	false	0.000000	0	3	0	0	0	0	0	0
572	4	NC_073235.2	NC_073235.2:31606180-31662660:-;NC_073235.2:31606180-31662659:+;NC_073235.2:31944989-31973680:-;NC_073235.2:32041663-32045905:-;NC_073235.2:31973840-32025015:+	49	12.250	4	0.645	0	false	0.000000	0	5	0	0	0	0	0	0
573	2	NC_073235.2	NC_073235.2:31773735-31780061:+;NC_073237.2:73919936-74229065:-	100	50.000	1	-1.000	0	false	0.000000	0	2	0	0	0	0	0	0
580	5	NC_073230.2	NC_073230.2:12413519-12515634:+;NC_073230.2:13025294-13039129:+;NC_073230.2:13101434-13107568:+;NC_073230.2:13229759-13251115:+;NC_073230.2:13256514-13319095:+;NC_073230.2:13331342-13358704:+;NC_073230.2:13460683-13478948:+;NC_073230.2:13044873-13048864:-;NC_073230.2:13055147-13216780:-;NC_073230.2:13355920-13501233:-;NC_073230.2:14147706-14161779:-;NC_073230.2:14245227-14272545:-;NC_073230.2:14111999-14149282:+;NC_073230.2:14161449-14248009:+	112	22.400	5	0.488	0	false	0.000000	0	14	0	0	0	0	0	0
581	4	NC_073234.2	NC_073234.2:81407022-81452065:-;NC_073235.2:124583853-124633353:+;NC_086018.1:39692635-39804003:+;NC_086018.1:39678683-39693644:-	20	5.000	4	0.829	0	false	0.000000	0	4	0	0	0	0	0	0
582	13	NC_073236.2	NC_073236.2:22164070-22187585:+;NC_073238.2:23777975-23801523:-;NC_073240.2:15427984-15451495:+;NC_073245.2:35183895-35214775:+;NC_073245.2:35236141-35287280:+;NC_073245.2:35399766-35441156:+;NC_073245.2:35625188-35638048:+;NC_073245.2:35701052-35750401:+;NC_073245.2:35127919-35137397:-;NC_073245.2:35160165-35180118:-;NC_073245.2:35289452-35381293:-;NC_073245.2:35449231-35585740:-;NC_073245.2:35614959-35625409:-;NC_073245.2:35678363-35701035:-;NC_073245.2:35777411-35787564:-;NC_073245.2:35888699-35892871:-;NC_073245.2:36297416-36430505:-;NC_073245.2:35910879-36068443:+;NC_073245.2:36154083-36221319:+;NC_073245.2:36259849-36270265:+;NC_073246.2:10927439-10951038:+;NC_073248.2:45662799-45686310:-;NC_086017.1:85943657-85974281:+;NC_086017.1:87086630-87145618:-;NC_086017.1:87382915-87384943:+;NC_086017.1:87520213-87695941:+	180	13.846	11	1.464	0	false	0.000000	0	26	0	0	0	0	0	0
583	11	NC_073227.2	NC_073227.2:133176471-133177342:-;NC_073229.2:140946315-140965304:-;NC_073229.2:141002662-141075875:-;NC_073229.2:141117205-141214780:-;NC_073230.2:100611280-100876169:-;NC_073230.2:100902156-100934062:-;NC_073230.2:100978435-101173168:-;NC_073232.2:51077520-51122130:-;NC_073232.2:51459506-51580086:-;NC_073232.2:51682727-51735338:-;NC_073232.2:51235679-51884878:+;NC_073237.2:129727265-129730456:+;NC_073237.2:129735503-129740218:+;NC_073237.2:129755319-129775917:+;NC_073237.2:129800968-129850362:+;NC_073240.2:47998176-48594528:-;NC_073241.2:68528957-68777491:-;NC_073241.2:68906312-69033872:-;NC_086018.1:17222222-17289659:-;NC_086018.1:17214919-17301824:+	271	24.636	10	0.992	0	false	0.000000	0	20	0	0	0	0	0	0
584	3	NC_073231.2	NC_073231.2:99554920-99584661:+;NC_073236.2:139613720-139616220:-;NC_073236.2:139627760-139641183:-;NC_073240.2:41873421-41875862:+	277	92.333	3	0.636	0	false	0.000000	0	4	0	0	0	0	0	0
590	2	NC_073224.2	NC_073224.2:96465721-96481447:-;NC_073224.2:96609811-96619875:-;NC_073235.2:104821371-104853776:-	198	99.000	2	0.099	0	false	0.000000	0	3	0	0	0	0	0	0
597	5	NC_073224.2	NC_073224.2:102625795-102820198:+;NC_073235.2:133288581-133290643:-;NC_073240.2:37499918-37519148:-;NC_073240.2:37279361-37510247:+;NC_073242.2:81728669-81730755:+	723	144.600	5	1.038	0	false	0.000000	0	5	0	0	0	0	0	0
598	2	NC_073224.2	NC_073224.2:234228566-234361957:+;NC_073224.2:234390200-234405059:+;NC_073224.2:234416850-234441376:+;NC_086017.1:106442968-106443828:-	24	12.000	1	-1.000	0	false	0.000000	0	4	0	0	0	0	0	0
599	4	NC_073229.2	NC_073229.2:146446224-146470942:-;NC_073229.2:146634025-146662330:-;NC_073234.2:36510171-36627506:-;NC_073234.2:36689161-36775632:-;NC_073234.2:36196991-36308073:+;NC_073234.2:36398151-36469796:+;NC_073234.2:36627552-36673293:+;NC_073247.2:131964030-132016596:-;NC_073247.2:132135766-132179310:-	16	4.000	4	0.371	0	false	0.000000	0	9	0	0	0	0	0	0
603	7	NC_073230.2	NC_073230.2:158837753-158862912:-;NC_073230.2:158905155-158915901:-;NC_073230.2:159051287-159056181:-;NC_073230.2:159088608-159091493:-;NC_073230.2:159102641-159145027:-;NC_073230.2:159160156-159163545:-;NC_073230.2:162572543-162589537:+;NC_073230.2:162600490-162603346:+;NC_073230.2:162635479-162640375:+;NC_073230.2:162650376-162938655:+;NC_073230.2:163052535-163059375:+;NC_073230.2:163304676-163746639:+	162	23.143	7	1.030	0	false	0.000000	0	12	0	0	0	0	0	0
610	2	NC_073234.2	NC_073234.2:22195334-22199231:+;NC_086017.1:162368057-162435018:-;NC_086017.1:162493428-162540926:-;NC_086017.1:162583285-162617096:-	299	149.500	2	0.061	0	false	0.000000	0	4	0	0	0	0	0	0
611	4	NC_073224.2	NC_073224.2:171746868-171747510:+;NC_073228.2:45507684-45675843:+;NC_073236.2:136345669-136351827:-;NC_073238.2:35923564-35924225:-	55	13.750	1	-1.000	0	false	0.000000	0	4	0	0	0	0	0	0
612	13	NC_073227.2	NC_073227.2:69291405-69345654:-;NC_073227.2:69387448-69415372:-;NC_073227.2:69210314-69291491:+;NC_073227.2:69344029-69360425:+;NC_073227.2:69504582-69516443:+;NC_073229.2:68490919-68491510:+;NC_073231.2:106753230-106787201:-;NC_073232.2:122843664-122882272:+;NC_073235.2:28066095-28111138:+;NC_073235.2:28066095-28111138:-;NC_073236.2:36817699-36982707:-;NC_073236.2:36993481-37005414:-;NC_073236.2:37135610-37183001:-;NC_073236.2:37244410-37333585:-;NC_073236.2:36964779-37021681:+;NC_073236.2:37182469-37245371:+;NC_073237.2:28145559-28152017:+;NC_073237.2:28259568-28266029:+;NC_073237.2:28278397-28279827:+;NC_073247.2:51893532-52302003:-;NC_073247.2:52063866-52072643:+	2612	200.923	11	0.880	0	false	0.000000	0	21	0	0	0	0	0	0
620	3	NC_073233.2	NC_073233.2:7252393-7255964:+;NC_073233.2:7263640-7311456:+;NC_073233.2:115595636-115600305:-;NC_073233.2:115679305-115748292:-;NC_073233.2:115747847-115749641:+	18	6.000	3	0.665	0	false	0.000000	0	5	0	0	0	0	0	0
621	4	NC_073224.2	NC_073224.2:82726001-82809744:+;NC_073224.2:82880811-82884908:+;NC_073224.2:82924046-82954094:+;NC_073224.2:83056920-83136389:+;NC_073229.2:90801938-90803651:-;NC_073229.2:113787300-113981074:-;NC_073229.2:113589862-113792021:+;NC_073229.2:113880814-113881459:+;NC_073229.2:113990987-114037923:+	25	6.250	3	0.292	0	false	0.000000	0	9	0	0	0	0	0	0
622	3	NC_073244.2	NC_073244.2:60878537-60900603:-;NC_073244.2:60928504-60930091:-;NC_073245.2:13830673-13925456:-;NC_073245.2:13723138-13728213:+;NC_073245.2:13749691-13769888:+;NC_073245.2:13789350-13828412:+	27	9.000	3	0.354	0	false	0.000000	0	6	0	0	0	0	0	0
631	2	NC_073235.2	NC_073235.2:76552279-76726164:-;NC_086018.1:40091624-40100290:-	175	87.500	2	0.556	0	false	0.000000	0	2	0	0	0	0	0	0
633	2	NC_086018.1	NC_086018.1:18247686-18251915:+;NC_086018.1:19041815-19046018:-	26	13.000	2	0.000	0	false	0.000000	0	2	0	0	0	0	0	0
634	2	NC_073240.2	NC_073240.2:78893320-78975715:-;NC_073240.2:79652113-79657384:+	86	43.000	2	0.833	0	false	0.000000	0	2	0	0	0	0	0	0
639	3	NC_073234.2	NC_073234.2:25785516-25834900:-;NC_073234.2:25925754-25953145:-;NC_073234.2:25991363-26016867:-;NC_073234.2:25779740-25814189:+;NC_073247.2:34550812-34573810:+	196	65.333	3	0.134	0	false	0.000000	0	5	0	0	0	0	0	0
641	3	NC_073227.2	NC_073227.2:19602080-19633387:-;NC_073227.2:19578708-19583858:+;NC_073242.2:5870129-5885089:-	147	49.000	3	0.614	0	false	0.000000	0	3	0	0	0	0	0	0
642	15	NC_073224.2	NC_073224.2:215876251-215879889:-;NC_073224.2:216043526-216060611:-;NC_073224.2:216074687-216093469:-;NC_073224.2:216139202-216144126:-;NC_073228.2:168934516-168934636:-;NC_073229.2:51099237-51102393:-;NC_073236.2:92388927-92402770:-;NC_073238.2:74061366-74061482:+;NC_073239.2:21784598-21910842:-;NC_073239.2:21785704-21906647:+;NC_073240.2:53126322-53133322:+;NC_073240.2:52887408-52948656:-;NC_073240.2:52959734-53062299:-;NC_073240.2:53079097-53301347:-;NC_073240.2:65122928-65139388:-;NC_073240.2:65146034-65214975:+;NC_073241.2:85929923-85966293:-;NC_073241.2:85978338-86355996:+;NC_073244.2:55735873-55870360:-;NC_073244.2:55882030-55915619:-;NC_073244.2:55564952-55648706:+;NC_073244.2:55654747-55751198:+;NC_073244.2:55771764-55787787:+	132	8.800	11	0.963	0	false	0.000000	0	23	0	0	0	0	0	0
646	4	NC_073224.2	NC_073224.2:150050706-150166251:-;NC_073224.2:150265014-150344258:-;NC_073224.2:150379407-150451250:-;NC_073224.2:150567709-150581350:-;NC_073224.2:150600790-150623245:-;NC_073224.2:150807107-150859396:-;NC_073230.2:37446370-37463283:-;NC_086017.1:117627688-117813898:-;NC_086017.1:117937492-118095771:-;NC_086017.1:118146272-118316813:-;NC_086017.1:118126430-118216154:+;NC_086017.1:118409638-118692592:+	13	3.250	4	0.588	0	false	0.000000	0	12	0	0	0	0	0	0
649	6	NC_073232.2	NC_073232.2:109704136-109711528:+;NC_073232.2:135106102-135159654:-;NC_073232.2:135176427-135228626:-;NC_073232.2:135264721-135282801:-;NC_073232.2:135159314-135176523:+;NC_073232.2:135228258-135271443:+;NC_073232.2:135282760-135328957:+;NC_073233.2:73027332-73028899:-;NC_073233.2:73033982-73041241:-;NC_073247.2:89592413-89727365:+;NC_073247.2:89592087-89730852:-	293	48.833	6	0.663	0	false	0.000000	0	11	0	0	0	0	0	0
652	2	NC_073228.2	NC_073228.2:82220328-82221040:-;NC_073242.2:120093974-120152003:+;NC_073242.2:120162413-120184091:+	60	30.000	1	-1.000	0	false	0.000000	0	3	0	0	0	0	0	0
654	3	NC_073232.2	NC_073232.2:13892215-13938660:-;NC_073232.2:13920774-13937433:+;NC_073232.2:13943716-13961666:-	194	64.667	3	0.642	0	false	0.000000	0	3	0	0	0	0	0	0
656	4	NC_073224.2	NC_073224.2:187890895-187921170:-;NC_073235.2:61467493-61733781:-;NC_073235.2:61469630-61733310:+;NC_073246.2:19576047-19595417:-	49	12.250	3	0.622	0	false	0.000000	0	4	0	0	0	0	0	0
657	2	NC_073243.2	NC_073243.2:74756033-74762202:-;NC_073243.2:82995406-83001579:+	10	5.000	1	-1.000	0	false	0.000000	0	2	0	0	0	0	0	0
661	3	NC_073248.2	NC_073248.2:41787180-41846638:-;NC_073248.2:41787180-41816370:+;NC_073248.2:43923640-43952815:-	12	4.000	3	0.562	0	false	0.000000	0	3	0	0	0	0	0	0
663	2	NC_073237.2	NC_073237.2:27491248-27567011:-;NC_073240.2:81466913-81550330:+;NC_073240.2:81564608-81646317:+	73	36.500	2	0.521	0	false	0.000000	0	3	0	0	0	0	0	0
666	2	NC_086017.1	NC_086017.1:100383275-100441646:-;NC_086017.1:104686971-104790996:-	73	36.500	2	0.605	0	false	0.000000	0	2	0	0	0	0	0	0
667	4	NC_073233.2	NC_073233.2:33847029-33859236:-;NC_073233.2:33859142-34035611:+;NC_073233.2:126957594-126960679:-;NC_073233.2:126966279-126973010:-;NC_073240.2:30709732-30979633:-	19	4.750	4	0.608	0	false	0.000000	0	5	0	0	0	0	0	0
668	2	NC_073247.2	NC_073247.2:13859565-13968551:-;NC_073248.2:10276622-10384455:+	10	5.000	2	0.130	0	false	0.000000	0	2	0	0	0	0	0	0
669	3	NC_073246.2	NC_073246.2:22984204-22985258:+;NC_073246.2:23011092-23011359:+;NC_073246.2:23132262-23531605:+	12	4.000	1	-1.000	0	false	0.000000	0	3	0	0	0	0	0	0
670	4	NC_073232.2	NC_073232.2:35628106-35677473:+;NC_073232.2:36110928-36144206:+;NC_073232.2:36213879-36338859:+;NC_073232.2:35676468-35793866:-;NC_073232.2:35858421-35867323:-;NC_073232.2:35959923-36056995:-;NC_073232.2:36067012-36110914:-;NC_073232.2:36151466-36208911:-;NC_073232.2:36391572-36399487:-;NC_073232.2:91824684-91886617:-;NC_073232.2:91788525-91796439:+	385	96.250	4	1.130	0	false	0.000000	0	11	0	0	0	0	0	0
673	3	NC_073239.2	NC_073239.2:84481156-84492869:-;NC_073239.2:84542069-84589897:-;NC_073240.2:60429841-60456385:-;NC_073240.2:60426113-60457142:+	20	6.667	2	0.185	0	false	0.000000	0	4	0	0	0	0	0	0
675	2	NC_073228.2	NC_073228.2:144106566-144164896:-;NC_073228.2:144194657-144208464:-;NC_073228.2:144388808-144417440:-;NC_086017.1:22100426-22285318:+	10	5.000	2	0.298	0	false	0.000000	0	4	0	0	0	0	0	0
677	2	NC_073231.2	NC_073231.2:72856279-73047052:+;NC_073234.2:108682141-108709775:-;NC_073234.2:108772457-108780097:-;NC_073234.2:108810196-108844432:-	76	38.000	2	0.689	0	false	0.000000	0	4	0	0	0	0	0	0
686	5	NC_073224.2	NC_073224.2:187376515-187383421:-;NC_073224.2:187566111-187581415:-;NC_073224.2:187638767-187842132:-;NC_073224.2:187432231-187562195:+;NC_073224.2:187580963-187612636:+;NC_073224.2:187618955-187635849:+;NC_073227.2:119368979-119386766:-;NC_073227.2:119421035-119441982:-;NC_073227.2:119500011-119516912:-;NC_073227.2:119589527-119604514:-;NC_073227.2:119619491-119641265:-;NC_073227.2:119647764-119666955:-;NC_073229.2:87070106-87071510:-;NC_073229.2:89958317-89959446:-	15	3.000	3	0.391	0	false	0.000000	0	14	0	0	0	0	0	0
687	4	NC_073247.2	NC_073247.2:152867060-153085530:-;NC_073247.2:152867060-153085530:+;NC_086017.1:211262955-211320004:+;NC_086017.1:211211995-211249457:-	1745	436.250	4	0.744	0	false	0.000000	0	4	0	0	0	0	0	0
688	4	NC_073224.2	NC_073224.2:106964411-106973253:-;NC_073224.2:106969644-106973254:+;NC_073224.2:106995434-107004276:+;NC_073224.2:106995434-106999044:-	15	3.750	2	0.000	0	false	0.000000	0	4	0	0	0	0	0	0
689	8	NC_073243.2	NC_073243.2:94280969-94284008:-;NC_073243.2:94227836-94284507:+;NC_073243.2:94302206-94303436:+;NC_073243.2:94336166-94345152:+;NC_073243.2:94335667-94336897:-;NC_073243.2:94368615-94369845:-;NC_073243.2:94369114-94378100:+;NC_073243.2:94559189-94574035:-;NC_073243.2:94563766-94564984:+	10	1.250	8	0.630	0	false	0.000000	0	9	0	0	0	0	0	0
691	2	NC_073227.2	NC_073227.2:119173331-119223364:-;NC_073228.2:42398706-42477574:+;NC_073228.2:42662069-42672956:+	157	78.500	2	0.190	0	false	0.000000	0	3	0	0	0	0	0	0
693	3	NC_073230.2	NC_073230.2:115026745-115048997:-;NC_073231.2:98743600-99001265:+;NC_073231.2:98743600-98827078:-	39	13.000	2	0.091	0	false	0.000000	0	3	0	0	0	0	0	0
694	5	NC_073227.2	NC_073227.2:137992346-137994049:-;NC_073230.2:40442705-40491236:-;NC_073230.2:40523571-40538170:-;NC_073230.2:40386475-40435433:+;NC_073230.2:40490719-40526579:+;NC_073230.2:40538140-41138132:+;NC_073230.2:41332621-41583256:+;NC_073230.2:63523025-63555175:-	437	87.400	5	1.163	0	false	0.000000	0	8	0	0	0	0	0	0
695	3	NC_073228.2	NC_073228.2:112550305-112994296:+;NC_073228.2:112548820-112998184:-;NC_073229.2:145411019-145428650:+;NC_073229.2:145623336-145637487:+	225	75.000	3	1.131	0	false	0.000000	0	4	0	0	0	0	0	0
698	20	NC_073224.2	NC_073224.2:85416146-85444031:-;NC_073224.2:85471368-85499409:-;NC_073224.2:85550803-85578184:-;NC_073224.2:85373163-85427754:+;NC_073224.2:85505251-85554107:+;NC_073224.2:162736555-162866379:-;NC_073228.2:65735884-65737005:-;NC_073229.2:123135279-123135894:-;NC_073231.2:107519754-107959433:+;NC_073232.2:105561506-105562044:-;NC_073234.2:84958990-84993117:-;NC_073237.2:117699209-117901068:+;NC_073237.2:117701326-117732564:-;NC_073237.2:117806290-117860742:-;NC_073238.2:44791718-44949385:-;NC_073240.2:72054432-72252237:+;NC_073240.2:71948943-71957727:-;NC_073240.2:72503334-72620673:+;NC_073241.2:78764702-78777996:-;NC_073245.2:53253789-53349783:+;NC_073245.2:53361771-53400941:+;NC_073245.2:69752689-69757275:-;NC_086017.1:211030262-211102654:+;NC_086018.1:24542915-24610022:-;NC_086018.1:24541891-24650095:+	800	40.000	18	0.988	0	false	0.000000	0	25	0	0	0	0	0	0
699	22	NC_073227.2	NC_073227.2:48835307-49233821:-;NC_073227.2:48772366-48839005:+;NC_073227.2:130081026-130095961:-;NC_073227.2:129955793-130081451:+;NC_073229.2:175034720-175291323:-;NC_073229.2:175034720-175271229:+;NC_073230.2:20146015-20150098:+;NC_073231.2:125584091-125708490:-;NC_073231.2:125725717-125907711:+;NC_073232.2:46856196-46925510:+;NC_073234.2:48028725-48042893:+;NC_073234.2:48117995-48139751:+;NC_073234.2:48152356-48158988:+;NC_073234.2:48168705-48194653:+;NC_073234.2:47938302-47970645:-;NC_073234.2:48043165-48081669:-;NC_073234.2:48095528-48098725:-;NC_073234.2:48159414-48169733:-;NC_073234.2:48248174-48252903:-;NC_073236.2:128274399-128435897:-;NC_073236.2:128569341-128573621:-;NC_073236.2:128452612-128499251:+;NC_073236.2:128573155-128739804:+;NC_073239.2:66527433-66530308:-;NC_073239.2:66562547-66581532:-;NC_073239.2:66590880-66634839:-;NC_073239.2:66737307-66806454:-;NC_073239.2:66812405-66821892:-;NC_073239.2:66542609-66558530:+;NC_073239.2:66639312-66699689:+;NC_073239.2:66721621-66769069:+;NC_073243.2:22718755-22734338:+;NC_073247.2:103873272-103874655:-;NC_086017.1:25252570-25268936:+;NC_086017.1:25426860-25470638:+;NC_086017.1:52597892-52679341:-;NC_086017.1:52687909-52707286:-;NC_086017.1:52834757-52840261:-;NC_086017.1:124402714-124500032:+;NC_086017.1:208103667-208103950:+	477	21.682	18	0.538	0	false	0.000000	0	40	0	0	0	0	0	0
700	5	NC_073229.2	NC_073229.2:21690368-21701413:-;NC_073229.2:21735101-21757733:-;NC_073229.2:22329823-22342662:-;NC_073229.2:21759340-21781268:+;NC_073234.2:34058641-34113438:-;NC_073234.2:34090142-34114574:+;NC_073239.2:107005260-107131748:+;NC_073239.2:107141677-107217986:+	97	19.400	5	0.326	0	false	0.000000	0	8	0	0	0	0	0	0
701	2	NC_073237.2	NC_073237.2:77838288-77944557:-;NC_073247.2:76739366-76785569:+;NC_073247.2:77081131-77217864:+	83	41.500	2	0.443	0	false	0.000000	0	3	0	0	0	0	0	0
703	3	NC_073230.2	NC_073230.2:127617810-127821480:-;NC_073230.2:127820982-127906781:+;NC_073230.2:128124094-128224158:+	16	5.333	3	0.126	0	false	0.000000	0	3	0	0	0	0	0	0
704	8	NC_073224.2	NC_073224.2:45527235-45528749:-;NC_073230.2:96294223-96302969:-;NC_073230.2:96366142-96383212:-;NC_073230.2:95994122-96224850:+;NC_073230.2:96241012-96270293:+;NC_073230.2:96303031-96344857:+;NC_073232.2:56921997-56972732:-;NC_073232.2:57035803-57037880:-;NC_073232.2:57352644-57368354:-;NC_073232.2:57382384-57418206:-;NC_073232.2:57436449-57486089:-;NC_073236.2:33880621-33883254:-;NC_073237.2:43454717-43767332:-;NC_073237.2:43499321-43501275:+;NC_073247.2:105447198-105486013:+	240	30.000	8	0.881	0	false	0.000000	0	15	0	0	0	0	0	0
